season_year,player_name,team_name,babip,bb_rate,k_rate,bb_k,iso,ab_per_hr,rc,rc27,wrc,spd,wsb,woba,wraa,war
2021,홍창기,LG,0.393,16.7,14.6,1.15,0.08,131.0,112.46,8.25,123.73,5.65,0.79,0.412,43.67,7.1
2021,이정후,키움,0.373,11.4,6.8,1.68,0.162,66.29,112.79,9.61,112.3,5.8,0.54,0.429,45.41,7.06
2021,강백호,KT,0.385,16.6,13.5,1.22,0.174,32.25,130.8,9.89,132.25,3.95,-0.4,0.434,55.02,6.97
2021,최정,SSG,0.277,15.1,18.4,0.82,0.284,12.46,108.03,8.5,112.36,4.11,-1.24,0.425,44.11,6.83
2021,양의지,NC,0.315,12.1,10.5,1.15,0.256,16.0,119.17,9.27,118.95,3.19,-0.13,0.432,48.85,6.48
2021,알테어,NC,0.331,10.1,27.6,0.36,0.242,15.38,95.74,6.93,92.94,5.77,1.62,0.384,23.46,4.89
2021,전준우,롯데,0.384,8.6,11.5,0.75,0.121,78.86,108.12,7.64,108.56,3.86,-0.27,0.395,32.44,4.86
2021,구자욱,삼성,0.331,7.9,16.1,0.49,0.213,24.68,107.26,7.19,99.62,8.37,3.48,0.382,24.6,4.48
2021,정은원,한화,0.346,17.3,17.3,1.0,0.101,82.5,85.95,6.08,95.97,5.58,-1.37,0.376,21.2,4.41
2021,추신수,SSG,0.315,17.8,21.2,0.84,0.186,21.95,95.69,7.18,101.83,5.33,0.76,0.396,30.5,4.3
2021,김재환,두산,0.316,14.3,22.4,0.64,0.227,17.59,94.97,7.08,97.84,3.45,-1.05,0.393,28.24,4.26
2021,박건우,두산,0.37,9.5,13.7,0.69,0.116,76.33,84.15,6.86,86.61,5.05,2.52,0.384,22.04,4.24
2021,최재훈,한화,0.317,15.4,14.6,1.06,0.112,53.57,62.42,5.66,73.45,1.94,-0.39,0.376,16.02,4.15
2021,한유섬,SSG,0.287,11.6,18.5,0.62,0.256,14.26,90.29,7.23,91.15,2.71,0.14,0.396,27.33,4.14
2021,강민호,삼성,0.292,9.7,11.5,0.85,0.187,22.56,67.66,5.84,70.44,1.02,-0.05,0.37,13.63,4.09
2021,김혜성,키움,0.356,10.2,15.3,0.67,0.063,186.33,88.8,5.83,81.01,7.0,7.25,0.343,2.92,4.0
2021,노시환,한화,0.328,15.9,23.4,0.68,0.195,21.11,69.49,6.3,73.8,2.37,0.02,0.38,17.48,3.56
2021,안치홍,롯데,0.33,10.6,12.0,0.88,0.152,42.1,74.17,6.22,77.19,3.2,-2.23,0.376,16.93,3.51
2021,한동희,롯데,0.304,12.3,19.1,0.64,0.176,24.94,66.31,5.3,73.8,0.38,-0.52,0.366,12.81,3.32
2021,김선빈,KIA,0.323,9.9,6.9,1.44,0.094,100.2,74.58,5.41,79.08,1.39,-0.07,0.357,9.72,3.29
2021,나성범,NC,0.329,6.1,24.9,0.24,0.228,17.27,98.87,6.34,93.67,3.92,-0.78,0.368,17.06,3.19
2021,박성한,SSG,0.358,10.4,15.5,0.67,0.086,101.75,65.51,5.82,65.93,5.22,0.03,0.357,8.01,3.18
2021,피렐라,삼성,0.295,9.2,14.3,0.64,0.209,19.07,99.87,6.54,99.16,4.94,-1.04,0.378,22.8,3.16
2021,박해민,삼성,0.34,12.7,15.1,0.84,0.086,90.8,74.49,5.65,75.4,6.19,0.2,0.356,8.74,3.11
2021,손아섭,롯데,0.359,10.0,11.0,0.91,0.078,180.67,84.55,5.79,90.07,4.31,-0.66,0.365,15.05,3.05
2021,페르난데스,두산,0.313,10.5,5.7,1.86,0.128,36.0,90.31,6.05,99.0,1.05,-1.01,0.379,23.13,3.03
2021,정훈,롯데,0.332,12.1,15.9,0.76,0.146,34.71,86.63,6.59,84.91,4.67,1.07,0.369,15.92,2.87
2021,박동원,키움,0.289,11.0,23.7,0.47,0.211,18.77,66.25,5.42,68.78,2.49,0.35,0.36,9.63,2.84
2021,이용규,키움,0.324,13.0,8.6,1.51,0.077,459.0,77.27,6.1,78.09,7.74,2.39,0.36,10.82,2.82
2021,노진혁,NC,0.37,10.9,23.4,0.47,0.139,41.25,56.68,6.22,57.52,3.07,-0.31,0.367,10.3,2.82
2021,김현수,LG,0.279,12.9,7.1,1.83,0.15,29.76,89.97,6.43,89.01,3.82,0.52,0.367,15.84,2.78
2021,오재일,삼성,0.319,12.0,21.9,0.55,0.227,16.72,82.45,7.14,78.15,3.01,0.15,0.38,18.62,2.77
2021,하주석,한화,0.347,8.6,22.7,0.38,0.12,52.5,75.75,5.05,73.77,6.17,1.75,0.339,0.73,2.67
2021,최원준,KIA,0.327,9.1,10.2,0.9,0.073,147.25,88.54,5.42,87.49,6.62,2.36,0.347,5.34,2.56
2021,배정대,KT,0.323,10.9,22.2,0.49,0.119,42.5,73.71,4.95,74.19,5.3,0.49,0.34,1.02,2.55
2021,황재균,KT,0.344,9.1,18.1,0.5,0.111,45.3,66.56,5.27,66.87,4.81,0.29,0.348,4.52,2.53
2021,마차도,롯데,0.31,10.8,12.1,0.89,0.082,93.2,64.71,4.85,65.58,4.72,-0.32,0.337,-0.7,2.49
2021,최주환,SSG,0.281,11.3,17.9,0.63,0.173,22.56,64.34,5.57,64.55,2.89,-0.12,0.354,6.75,2.17
2021,양석환,두산,0.317,7.7,24.9,0.31,0.217,17.43,80.42,5.79,79.17,2.49,-1.04,0.362,12.02,2.06
2021,채은성,LG,0.305,8.5,17.9,0.47,0.176,24.19,65.24,5.91,65.72,3.58,-0.18,0.364,10.62,2.04
2021,박계범,두산,0.321,11.4,17.7,0.65,0.09,64.4,45.4,4.77,49.54,3.58,-0.64,0.344,2.19,1.88
2021,장성우,KT,0.246,13.0,15.0,0.87,0.143,27.5,48.6,4.03,52.72,1.27,-0.77,0.329,-3.85,1.87
2021,유한준,KT,0.332,13.1,10.1,1.29,0.109,56.4,49.75,6.37,54.51,1.49,0.15,0.381,13.07,1.86
2021,김태연,한화,0.373,15.4,20.0,0.77,0.119,58.67,34.73,6.95,37.85,3.56,-0.42,0.392,10.8,1.83
2021,유강남,LG,0.284,5.7,17.0,0.33,0.123,36.09,47.26,4.08,45.7,2.71,0.35,0.317,-8.53,1.69
2021,김성현,SSG,0.296,10.6,10.6,1.0,0.139,39.5,36.42,5.26,37.52,2.95,0.5,0.353,3.82,1.68
2021,오지환,LG,0.29,10.2,15.4,0.66,0.097,58.0,57.16,4.15,57.3,4.28,-0.43,0.321,-8.13,1.63
2021,최지훈,SSG,0.297,9.6,13.3,0.72,0.1,92.2,64.17,4.73,60.73,7.53,2.36,0.328,-4.94,1.58
2021,김인태,두산,0.298,14.8,16.3,0.91,0.119,43.0,51.71,5.06,57.54,2.2,-0.98,0.354,6.14,1.58
2021,이재원,SSG,0.327,9.3,15.0,0.62,0.082,90.33,33.12,4.08,36.86,0.72,-0.96,0.332,-1.63,1.53
2021,이명기,NC,0.333,15.9,11.6,1.37,0.094,95.5,33.97,6.41,37.47,4.37,-0.22,0.38,8.94,1.51
2021,박석민,NC,0.283,13.2,21.0,0.63,0.223,17.1,29.18,5.63,32.07,0.57,-0.02,0.375,6.86,1.48
2021,권희동,NC,0.26,17.0,14.0,1.21,0.203,16.63,28.11,7.16,30.29,2.97,0.37,0.397,9.26,1.46
2021,서건창,키움,0.292,13.5,13.2,1.02,0.094,69.5,38.47,4.66,42.37,3.93,-0.69,0.343,1.42,1.42
2021,심우준,KT,0.301,7.0,14.1,0.49,0.103,67.83,53.07,4.45,47.84,6.42,0.38,0.317,-8.73,1.41
2021,김병희,KT,0.313,18.6,21.4,0.87,0.347,10.4,17.61,12.19,17.51,6.28,0.59,0.477,8.9,1.31
2021,송우현,키움,0.357,9.9,17.4,0.57,0.12,83.33,39.75,5.86,40.22,4.14,-0.3,0.36,5.54,1.23
2021,류지혁,KIA,0.325,12.8,14.1,0.91,0.052,136.5,38.13,4.93,42.41,2.19,-0.05,0.345,2.2,1.17
2021,허경민,두산,0.29,7.0,6.8,1.03,0.087,93.6,53.09,3.85,57.4,2.73,-2.29,0.325,-6.3,1.14
2021,로맥,SSG,0.234,14.0,19.5,0.72,0.2,17.75,53.97,5.08,55.65,2.48,0.15,0.348,3.88,1.12
2021,김민혁,KT,0.372,10.1,13.1,0.77,0.075,172.0,28.34,5.98,30.43,5.4,-0.21,0.371,5.96,1.06
2021,지시완,롯데,0.314,7.5,28.9,0.26,0.181,23.71,21.53,4.34,22.43,1.43,-0.02,0.335,-0.57,1.05
2021,안중열,롯데,0.265,17.2,15.9,1.08,0.112,41.67,18.74,5.01,20.35,2.94,-0.02,0.345,1.05,1.04
2021,이대호,롯데,0.282,7.3,10.5,0.69,0.162,22.11,63.54,5.39,62.34,1.24,-0.05,0.35,5.15,1.02
2021,김웅빈,키움,0.323,12.2,26.2,0.47,0.143,38.67,35.29,5.21,35.9,3.7,-0.29,0.344,1.59,1.02
2021,조수행,두산,0.404,15.4,25.0,0.61,0.083,84.0,17.31,7.08,16.8,11.02,2.33,0.38,4.01,1.01
2021,이원석,삼성,0.261,12.5,16.7,0.75,0.115,44.33,51.65,4.25,52.69,2.12,0.14,0.324,-6.34,1.01
2021,박찬호,KIA,0.294,11.2,15.1,0.74,0.067,418.0,45.87,3.63,45.67,5.16,-0.11,0.307,-13.73,0.92
2021,박민우,NC,0.291,10.2,10.7,0.96,0.078,180.0,25.1,4.64,25.57,7.45,0.98,0.334,-0.87,0.87
2021,김강민,SSG,0.271,9.6,20.0,0.48,0.17,27.88,31.15,4.62,30.65,5.49,-0.81,0.332,-1.33,0.81
2021,장승현,두산,0.31,9.0,23.7,0.38,0.09,88.5,21.23,3.95,21.17,2.77,-0.02,0.313,-4.78,0.74
2021,정수빈,두산,0.299,8.3,14.2,0.58,0.115,104.33,37.91,4.08,37.6,6.49,-0.87,0.321,-5.57,0.72
2021,김태군,NC,0.222,7.6,10.9,0.7,0.121,33.14,26.59,3.63,25.69,2.6,-0.49,0.305,-8.26,0.72
2021,김민식,KIA,0.259,13.6,16.3,0.84,0.068,83.33,28.41,3.78,27.89,2.94,-0.04,0.305,-9.13,0.71
2021,허도환,KT,0.36,6.4,22.4,0.29,0.114,52.5,14.05,4.26,15.05,1.12,-0.01,0.335,-0.32,0.7
2021,김지찬,삼성,0.3,8.0,9.2,0.87,0.03,296.0,35.99,4.19,30.23,6.93,2.7,0.302,-11.09,0.7
2021,오윤석,KT,0.328,16.4,21.3,0.77,0.105,47.5,15.64,5.41,17.88,3.27,0.38,0.364,2.87,0.67
2021,권동진,KT,0.444,20.9,34.9,0.6,0.119,67.0,11.82,5.91,13.88,6.19,-0.8,0.38,3.3,0.66
2021,김헌곤,삼성,0.313,9.3,12.6,0.74,0.075,79.25,41.29,4.48,43.09,3.79,-0.89,0.333,-1.68,0.63
2021,김재유,롯데,0.358,5.2,18.8,0.28,0.064,174.0,23.09,4.83,20.87,6.05,1.37,0.322,-2.74,0.6
2021,김주원,NC,0.33,9.0,30.2,0.3,0.145,33.2,20.47,4.03,20.04,4.23,0.26,0.319,-3.2,0.6
2021,추재현,롯데,0.305,8.7,19.0,0.46,0.114,52.4,33.87,4.42,34.04,4.35,-0.62,0.328,-2.86,0.58
2021,박병호,키움,0.286,9.8,29.6,0.33,0.203,20.45,59.02,4.79,57.82,1.78,-0.51,0.336,-0.84,0.55
2021,이현석,SSG,0.354,5.6,32.6,0.17,0.215,19.75,12.27,5.26,10.93,2.5,-0.01,0.338,-0.02,0.54
2021,한승택,KIA,0.295,11.7,25.5,0.46,0.079,67.67,20.33,3.25,20.91,1.15,-0.03,0.299,-8.48,0.54
2021,송성문,키움,0.278,9.1,15.3,0.59,0.122,40.83,30.86,4.41,28.69,3.43,-0.03,0.318,-5.0,0.53
2021,이성곤,한화,0.375,14.1,25.2,0.56,0.111,172.0,25.68,5.14,29.19,3.39,-1.41,0.358,3.85,0.51
2021,이흥련,SSG,0.29,8.2,21.2,0.39,0.095,42.33,13.98,3.66,14.51,1.86,-0.02,0.312,-3.44,0.51
2021,문보경,LG,0.269,14.0,19.4,0.72,0.133,34.75,37.04,4.44,37.25,3.84,0.1,0.327,-3.21,0.51
2021,김민수,삼성,0.274,6.9,14.9,0.46,0.184,25.33,10.94,4.76,10.62,1.84,-0.01,0.337,-0.08,0.5
2021,서건창,LG,0.28,9.0,12.7,0.71,0.085,117.5,27.24,3.93,25.57,5.22,1.17,0.308,-7.27,0.44
2021,이형종,LG,0.256,12.1,23.1,0.52,0.171,23.9,30.78,4.18,33.4,2.14,0.11,0.334,-1.15,0.44
2021,김준태,롯데,0.257,13.0,26.7,0.49,0.153,27.75,13.71,4.02,13.09,2.56,-0.01,0.313,-3.02,0.44
2021,알몬테,KT,0.318,8.8,20.0,0.44,0.133,32.14,29.64,4.57,30.51,1.04,0.17,0.337,-0.24,0.43
2021,최용제,두산,0.345,9.2,17.6,0.52,0.029,,12.93,4.53,12.68,2.74,-0.02,0.32,-1.96,0.39
2021,김주형,키움,0.257,5.7,21.4,0.27,0.06,,6.87,4.22,8.62,,0.19,0.338,0.01,0.38
2021,김찬형,NC,0.471,7.7,19.2,0.4,0.045,,4.36,7.85,4.69,2.93,0.0,0.401,1.5,0.35
2021,강승호,두산,0.297,6.5,22.9,0.28,0.136,43.0,34.49,3.72,31.78,5.68,0.64,0.306,-10.03,0.35
2021,안재석,두산,0.329,7.1,23.7,0.3,0.09,100.0,23.18,3.99,20.95,4.88,0.17,0.306,-6.6,0.34
2021,이지영,키움,0.292,7.4,6.6,1.12,0.03,,22.77,3.32,21.74,3.36,0.11,0.296,-9.99,0.32
2021,호잉,KT,0.254,8.8,17.7,0.5,0.178,23.55,36.22,4.75,32.37,4.89,0.05,0.324,-3.79,0.32
2021,신용수,롯데,0.303,8.1,14.7,0.55,0.1,119.0,15.41,4.43,14.95,7.34,0.12,0.324,-1.77,0.31
2021,김민성,LG,0.254,9.9,17.1,0.57,0.128,45.0,42.03,3.71,40.21,2.95,-0.83,0.307,-12.18,0.31
2021,최정원,NC,0.349,7.6,16.8,0.45,0.038,,25.02,4.12,25.32,7.32,-1.92,0.32,-3.95,0.3
2021,오태곤,SSG,0.309,5.5,20.6,0.27,0.158,26.11,30.86,4.58,29.21,5.79,-0.07,0.33,-1.9,0.3
2021,이정범,SSG,0.293,10.6,22.7,0.47,0.221,19.67,9.49,5.69,9.39,2.15,-0.01,0.359,1.27,0.3
2021,터커,KIA,0.258,11.3,12.2,0.92,0.113,52.0,57.06,4.15,58.17,1.92,-0.06,0.322,-8.11,0.3
2021,송민섭,KT,0.423,18.5,33.9,0.55,0.0,,8.3,5.21,7.12,14.09,2.52,0.323,-0.88,0.3
2021,김성표,삼성,0.545,20.8,29.2,0.71,0.0,,3.69,7.12,4.48,8.14,-0.07,0.408,1.53,0.26
2021,윤형준,NC,0.321,3.7,21.0,0.18,0.203,14.8,10.83,4.96,11.27,1.95,-0.47,0.356,1.31,0.26
2021,정주현,LG,0.272,11.2,14.9,0.75,0.099,60.33,20.65,3.62,21.21,4.27,-0.81,0.312,-5.11,0.24
2021,한석현,LG,0.4,11.5,26.9,0.43,0.19,,4.37,6.94,4.25,11.26,0.4,0.382,1.05,0.22
2021,페레즈,한화,0.316,6.8,20.6,0.33,0.143,44.8,29.7,4.46,28.47,4.14,-1.53,0.327,-2.52,0.22
2021,노수광,한화,0.306,9.4,25.6,0.37,0.1,53.33,19.28,4.1,15.95,6.18,2.11,0.3,-6.18,0.22
2021,이진영,KIA,0.375,6.4,46.8,0.14,0.25,20.0,6.49,5.48,6.1,15.25,0.2,0.345,0.32,0.22
2021,최영진,삼성,0.341,7.9,19.1,0.42,0.105,57.0,8.03,5.16,7.82,6.22,0.19,0.339,0.07,0.21
2021,김호령,KIA,0.28,10.4,28.6,0.36,0.107,32.5,14.89,3.72,14.7,4.25,0.32,0.308,-4.24,0.21
2021,이정훈,KIA,0.319,12.6,21.9,0.58,0.093,64.5,16.79,4.53,18.18,1.84,-0.02,0.335,-0.39,0.2
2021,라모스,LG,0.276,8.8,21.0,0.42,0.179,23.13,25.57,4.86,24.24,2.53,-0.02,0.333,-0.97,0.2
2021,최형우,KIA,0.253,15.0,15.0,1.0,0.142,31.08,52.53,4.78,53.1,2.49,-0.05,0.334,-1.74,0.19
2021,유민상,KIA,0.317,10.8,24.3,0.44,0.084,60.0,8.26,4.75,9.56,2.84,-0.01,0.345,0.46,0.17
2021,정현,NC,0.289,11.7,16.7,0.7,0.052,,9.57,2.97,12.2,1.64,-0.48,0.315,-2.56,0.16
2021,정현,SSG,0.235,10.3,13.8,0.75,0.096,,2.67,3.6,3.49,5.71,0.0,0.335,-0.07,0.16
2021,손성빈,롯데,0.462,13.6,27.3,0.5,0.0,,2.77,5.75,3.07,4.04,0.0,0.356,0.36,0.15
2021,강한울,삼성,0.345,11.2,22.5,0.5,0.023,,23.37,3.54,23.64,2.77,-0.56,0.304,-8.08,0.15
2021,남태혁,SSG,0.417,4.5,31.8,0.14,0.2,20.0,3.35,6.03,3.64,-0.52,0.0,0.385,0.94,0.14
2021,이재원,LG,0.324,8.2,28.1,0.29,0.136,30.8,19.81,4.46,18.11,4.73,0.52,0.319,-2.92,0.14
2021,신본기,KT,0.31,10.7,21.8,0.49,0.063,174.0,17.93,3.29,19.44,2.54,-0.75,0.307,-5.9,0.14
2021,정범모,NC,0.214,8.7,17.4,0.5,0.21,19.0,2.02,3.03,2.79,-2.65,0.0,0.336,-0.04,0.13
2021,박지훈,두산,0.444,7.1,21.4,0.33,0.084,,2.53,7.59,2.5,12.34,0.14,0.399,0.77,0.12
2021,최항,SSG,0.352,7.6,20.2,0.38,0.058,,7.73,3.73,8.02,2.7,0.19,0.315,-1.69,0.12
2021,박준영,NC,0.28,8.6,29.2,0.29,0.128,34.13,27.77,3.22,27.42,4.23,-0.62,0.299,-11.32,0.12
2021,전민수,NC,0.306,10.1,21.1,0.48,0.123,32.67,12.35,4.45,11.89,2.11,-0.01,0.323,-1.51,0.11
2021,김민수,롯데,0.333,8.0,27.7,0.29,0.111,66.33,22.55,3.83,21.28,2.7,-0.02,0.307,-6.27,0.11
2021,천성호,KT,0.364,6.4,19.1,0.33,0.024,,5.36,4.82,5.21,7.81,0.19,0.325,-0.57,0.1
2021,전병우,키움,0.272,12.6,32.2,0.39,0.121,35.67,25.23,3.78,24.25,5.47,0.11,0.305,-7.84,0.1
2021,이병규,롯데,0.4,18.6,32.6,0.57,0.0,,3.61,3.48,5.1,-0.85,-0.01,0.333,-0.18,0.09
2021,박준태,키움,0.3,17.2,27.6,0.62,0.065,,5.66,4.13,6.23,5.71,0.19,0.321,-0.9,0.09
2021,최정민,KIA,0.625,15.8,36.8,0.43,0.0,,1.86,3.59,3.51,2.47,-0.99,0.406,1.17,0.08
2021,김용의,LG,0.174,23.8,11.9,2.0,0.074,,4.49,4.18,4.42,9.86,1.19,0.318,-0.75,0.07
2021,김주성,LG,0.0,14.3,42.9,0.33,0.5,6.0,1.22,6.59,1.2,1.81,0.0,0.391,0.34,0.06
2021,박승욱,KT,0.4,0.0,16.7,0.0,0.167,,1.17,7.9,0.88,17.46,0.2,0.363,0.14,0.05
2021,오윤석,롯데,0.304,9.2,27.6,0.33,0.188,34.5,8.73,4.29,7.94,3.45,0.39,0.318,-1.41,0.04
2021,신성현,두산,0.4,20.0,40.0,0.5,0.0,,1.22,3.66,1.73,5.56,0.0,0.33,-0.11,0.04
2021,최인호,한화,0.264,14.6,26.2,0.56,0.132,34.0,17.5,4.22,17.14,3.81,-0.08,0.318,-3.03,0.03
2021,정보근,롯데,0.313,10.0,10.0,1.0,0.0,,1.38,2.48,1.89,0.18,-0.46,0.307,-0.57,0.02
2021,김찬형,SSG,0.247,10.4,20.0,0.52,0.109,55.0,11.99,3.34,11.4,3.9,-0.01,0.296,-5.21,0.02
2021,백용환,KIA,0.0,28.6,28.6,1.0,0.0,,0.15,0.81,0.12,1.81,0.0,0.221,-0.75,0.02
2021,장두성,롯데,0.333,12.2,29.3,0.42,0.111,,4.13,3.72,3.84,13.25,-0.13,0.306,-1.21,0.01
2021,김준태,KT,0.167,5.6,27.8,0.2,0.0,,0.25,0.42,-0.96,-1.52,0.0,0.145,-3.17,0.01
2021,이상호,LG,0.364,1.5,14.7,0.1,0.03,,6.44,3.48,6.03,2.97,-0.07,0.3,-2.33,-0.01
2021,김은성,키움,0.417,0.0,33.3,0.0,0.166,,2.22,4.61,1.79,2.81,0.0,0.312,-0.42,-0.01
2021,김태진,KIA,0.325,5.6,15.5,0.36,0.065,381.0,40.84,3.7,36.26,5.65,-0.75,0.299,-14.65,-0.01
2021,김석환,KIA,0.364,0.0,35.0,0.0,0.158,19.0,2.48,4.78,2.15,1.81,0.0,0.321,-0.3,-0.01
2021,안상현,SSG,0.391,2.5,37.5,0.07,0.129,39.0,4.21,3.79,3.25,8.3,0.13,0.292,-1.67,-0.01
2021,김재현,키움,0.294,5.9,23.5,0.25,0.153,,4.06,2.74,3.75,2.36,-0.46,0.284,-2.52,-0.01
2021,박경수,KT,0.24,12.1,27.1,0.45,0.155,26.56,25.23,3.32,24.74,1.28,-0.49,0.3,-9.69,-0.01
2021,이명기,키움,0.333,25.0,37.5,0.67,0.0,,0.57,3.08,0.77,1.81,0.0,0.308,-0.22,-0.01
2021,김상수,삼성,0.259,10.5,10.3,1.02,0.066,143.0,43.04,3.26,42.48,3.09,-0.18,0.297,-18.52,-0.02
2021,김민하,한화,0.288,12.0,25.4,0.47,0.078,115.0,13.35,3.64,14.34,5.43,-0.2,0.314,-3.13,-0.03
2021,강경학,KIA,0.25,7.7,23.1,0.33,0.0,,0.78,2.34,0.69,6.81,0.0,0.262,-0.91,-0.03
2021,김준완,NC,0.167,14.3,0.0,,0.166,,1.29,3.48,1.07,13.9,0.0,0.287,-0.65,-0.03
2021,고명성,KT,0.0,0.0,0.0,,0.0,,0.0,0.0,-0.19,,0.0,0.0,-0.31,-0.03
2021,서예일,두산,0.0,0.0,0.0,,0.0,,0.0,0.0,-0.19,,0.0,0.0,-0.31,-0.03
2021,권정웅,삼성,0.0,0.0,0.0,,0.0,,0.0,0.0,-0.19,,0.0,0.0,-0.31,-0.03
2021,황경태,두산,,0.0,100.0,0.0,0.0,,0.0,0.0,-0.19,,0.0,0.0,-0.31,-0.03
2021,나원탁,롯데,,0.0,100.0,0.0,0.0,,0.0,0.0,-0.19,,0.0,0.0,-0.31,-0.03
2021,박상언,한화,0.0,0.0,0.0,,0.0,,0.0,0.0,-0.19,,0.0,0.0,-0.31,-0.03
2021,이정용,LG,0.0,0.0,0.0,,0.0,,0.0,0.0,-0.19,,0.0,0.0,-0.31,-0.03
2021,박시원,NC,0.0,0.0,0.0,,0.0,,0.0,0.0,-0.19,,0.0,0.0,-0.31,-0.03
2021,서진용(타),SSG,,0.0,100.0,0.0,0.0,,0.0,0.0,-0.19,,0.0,0.0,-0.31,-0.03
2021,오장한,NC,,0.0,100.0,0.0,0.0,,0.0,0.0,-0.19,,0.0,0.0,-0.31,-0.03
2021,오태양,NC,0.0,0.0,0.0,,0.0,,0.0,0.0,-0.19,,0.0,0.0,-0.31,-0.03
2021,최종은,롯데,,0.0,100.0,0.0,0.0,,0.0,0.0,-0.19,,0.0,0.0,-0.31,-0.03
2021,박성재,두산,,0.0,100.0,0.0,0.0,,0.0,0.0,-0.19,,0.0,0.0,-0.31,-0.03
2021,김현준,삼성,0.25,0.0,0.0,,0.0,,0.0,0.0,0.1,1.81,0.0,0.23,-0.4,-0.04
2021,권민석,두산,0.429,6.7,46.7,0.14,0.143,,1.4,3.44,1.06,11.81,0.0,0.281,-0.78,-0.04
2021,배성근,롯데,0.321,12.8,33.0,0.39,0.076,93.0,9.16,3.21,8.33,5.05,0.19,0.287,-5.08,-0.04
2021,장규현,한화,0.375,0.0,33.3,0.0,0.083,,0.67,1.81,0.6,-3.19,0.0,0.258,-0.87,-0.05
2021,송준석,삼성,0.278,5.5,23.6,0.23,0.157,25.5,5.74,3.87,5.23,1.95,-0.01,0.307,-1.54,-0.05
2021,이재율,NC,0.25,0.0,17.6,0.0,0.133,,1.07,2.06,1.43,25.88,-0.26,0.295,-0.66,-0.05
2021,김응민,삼성,0.0,0.0,0.0,,0.0,,0.0,0.0,-0.37,,0.0,0.0,-0.62,-0.05
2021,전민재,두산,0.333,0.0,40.0,0.0,0.0,,0.34,2.29,-0.09,6.81,0.0,0.184,-0.7,-0.06
2021,오정환,KIA,0.5,5.6,50.0,0.11,0.059,,1.46,3.03,1.03,2.81,0.0,0.266,-1.18,-0.06
2021,유서준,SSG,0.0,0.0,50.0,0.0,0.0,,0.0,0.0,-0.37,,0.0,0.0,-0.62,-0.06
2021,최민창,LG,0.0,0.0,0.0,,0.0,,0.0,0.0,-0.37,,0.0,0.0,-0.62,-0.06
2021,이태훈,삼성,0.0,0.0,50.0,0.0,0.0,,0.0,0.0,-0.37,,0.0,0.0,-0.62,-0.06
2021,최우재,NC,0.0,0.0,0.0,,0.0,,0.0,0.0,-0.37,,0.0,0.0,-0.62,-0.06
2021,크레익,키움,0.282,8.1,17.4,0.47,0.135,37.0,27.46,4.29,26.35,2.53,-0.49,0.32,-4.02,-0.07
2021,김병휘,키움,0.25,9.1,18.2,0.5,0.0,,0.62,2.09,0.34,10.15,0.0,0.237,-1.01,-0.07
2021,최보성,NC,0.429,0.0,35.7,0.0,0.0,,0.81,1.99,0.89,3.03,-0.46,0.273,-0.83,-0.08
2021,이호연,롯데,0.222,9.1,9.1,1.0,0.0,,0.55,1.65,0.34,-3.19,0.0,0.237,-1.01,-0.08
2021,이주형,키움,0.0,9.1,63.6,0.14,0.3,10.0,0.77,2.31,0.46,1.81,0.0,0.249,-0.89,-0.08
2021,정상호,SSG,0.0,0.0,66.7,0.0,0.0,,0.0,0.0,-0.56,,0.0,0.0,-0.93,-0.08
2021,이영빈,LG,0.351,8.3,30.4,0.28,0.102,74.0,17.62,4.0,16.07,5.36,-0.2,0.308,-4.59,-0.09
2021,문찬종,키움,0.2,17.6,23.5,0.75,0.0,,0.65,1.35,0.64,-2.19,0.0,0.245,-1.45,-0.09
2021,김민혁,두산,0.0,25.0,25.0,1.0,0.0,,0.13,0.58,-0.07,1.81,0.0,0.194,-1.05,-0.09
2021,백동훈,두산,0.0,0.0,66.7,0.0,0.0,,0.0,0.0,-0.56,,0.0,0.0,-0.93,-0.09
2021,장준원,LG,0.0,0.0,0.0,,0.0,,0.0,0.0,-0.56,,0.0,0.0,-0.93,-0.09
2021,백승민,삼성,0.0,0.0,66.7,0.0,0.0,,0.0,0.0,-0.56,,0.0,0.0,-0.93,-0.09
2021,오명진,두산,0.0,0.0,33.3,0.0,0.0,,0.0,0.0,-0.56,,0.0,0.0,-0.93,-0.09
2021,김주현,롯데,0.4,5.9,35.3,0.17,0.0,,1.25,2.81,0.91,2.81,0.0,0.262,-1.18,-0.1
2021,오준혁,SSG,0.276,8.0,30.0,0.27,0.174,23.0,4.57,3.25,4.47,1.14,0.0,0.301,-1.68,-0.1
2021,박승규,삼성,0.167,11.5,11.5,1.0,0.151,22.0,5.98,2.69,6.84,2.97,-0.27,0.299,-2.76,-0.1
2021,손호영,LG,0.125,8.3,16.7,0.5,0.0,,0.38,1.14,0.04,11.81,0.0,0.207,-1.44,-0.1
2021,김건형,KT,0.259,15.4,15.4,1.0,0.03,,3.27,3.4,2.73,4.63,0.19,0.28,-2.06,-0.11
2021,박정우,KIA,0.225,16.4,13.1,1.25,0.02,,3.8,2.33,5.32,1.22,-0.93,0.299,-2.18,-0.11
2021,강민국,KT,0.282,6.0,12.0,0.5,0.045,,3.79,2.84,3.19,1.5,-0.01,0.273,-2.96,-0.12
2021,김수환,키움,0.304,4.5,38.6,0.12,0.195,20.5,3.71,2.86,3.33,-0.16,0.0,0.286,-2.08,-0.12
2021,안익훈,LG,0.167,0.0,12.5,0.0,0.071,,0.66,1.37,0.46,,0.0,0.235,-1.5,-0.12
2021,권혁경,KIA,0.333,0.0,33.3,0.0,0.0,,0.44,0.74,0.01,-3.6,0.0,0.204,-2.2,-0.13
2021,황윤호,KIA,0.214,5.3,15.8,0.33,0.0,,0.74,1.33,0.42,2.29,0.0,0.227,-1.92,-0.13
2021,안권수,두산,0.256,6.4,6.4,1.0,0.048,,4.25,3.38,2.85,13.03,0.59,0.27,-2.93,-0.15
2021,지석훈,NC,0.217,16.3,27.9,0.58,0.029,,2.69,2.42,2.2,4.54,-0.01,0.259,-3.09,-0.15
2021,강경학,한화,0.25,15.4,38.5,0.4,0.0,,1.23,1.75,0.52,3.89,0.2,0.225,-2.68,-0.15
2021,국해성,두산,0.167,0.0,25.0,0.0,0.0,,0.13,0.5,-0.65,1.81,0.0,0.115,-1.63,-0.16
2021,고명준,SSG,0.0,0.0,60.0,0.0,0.0,,0.0,0.0,-0.93,,0.0,0.0,-1.54,-0.16
2021,이학주,삼성,0.311,8.1,35.1,0.23,0.129,38.75,14.12,2.89,12.5,2.79,-0.74,0.282,-8.89,-0.17
2021,최정용,KIA,0.27,13.8,24.6,0.56,0.02,,4.63,2.66,3.73,4.01,0.39,0.266,-4.27,-0.17
2021,모창민,NC,0.0,16.7,16.7,1.0,0.0,,0.0,0.0,-0.41,4.46,-0.46,0.129,-1.14,-0.17
2021,오선진,삼성,0.265,6.5,17.4,0.38,0.0,,2.4,1.85,1.85,1.73,-0.01,0.247,-3.81,-0.18
2021,민병헌,롯데,0.258,12.2,22.4,0.55,0.072,,2.94,2.09,3.04,1.67,-0.47,0.271,-2.98,-0.18
2021,박세혁,두산,0.264,8.2,15.9,0.51,0.051,,20.23,2.74,17.15,3.68,-0.15,0.273,-16.05,-0.19
2021,조한민,한화,0.299,9.0,39.3,0.23,0.197,25.4,13.43,3.27,12.76,5.56,-0.33,0.3,-5.07,-0.19
2021,허관회,한화,0.279,16.5,27.9,0.59,0.0,,5.47,2.73,5.31,1.67,-0.01,0.277,-4.4,-0.19
2021,신준우,키움,0.318,7.8,41.2,0.19,0.071,,3.09,2.14,2.57,4.93,-0.47,0.258,-3.7,-0.19
2021,김호재,삼성,0.274,10.0,15.6,0.64,0.026,,7.37,3.32,6.76,3.69,-0.01,0.286,-4.3,-0.21
2021,김민수,NC,0.0,0.0,28.6,0.0,0.0,,0.0,0.0,-1.3,,0.0,0.0,-2.16,-0.21
2021,힐리,한화,0.308,6.0,21.6,0.28,0.137,35.57,29.21,4.09,27.37,3.37,-0.09,0.315,-5.59,-0.22
2021,김규남,SSG,0.0,0.0,42.9,0.0,0.0,,0.0,0.0,-1.3,,0.0,0.0,-2.16,-0.22
2021,신민재,LG,0.176,14.8,22.2,0.67,0.0,,1.13,1.45,0.33,9.68,-0.06,0.217,-2.99,-0.23
2021,정민규,한화,0.2,5.9,35.3,0.17,0.063,,0.38,0.68,-0.46,-0.52,0.0,0.174,-2.55,-0.23
2021,이주찬,롯데,0.0,0.0,62.5,0.0,0.0,,0.0,0.0,-1.48,,0.0,0.0,-2.47,-0.23
2021,이성우,LG,0.28,2.6,20.5,0.12,0.0,,1.77,1.49,0.31,0.21,0.0,0.212,-4.49,-0.24
2021,도태훈,NC,0.216,7.9,18.4,0.43,0.06,66.0,4.78,2.26,4.35,3.85,0.19,0.266,-5.0,-0.24
2021,백용환,한화,0.151,9.5,25.3,0.38,0.161,20.25,6.14,2.21,5.57,0.94,-0.01,0.268,-6.11,-0.24
2021,송호정,한화,0.0,9.1,72.7,0.12,0.0,,0.02,0.05,-1.33,6.81,0.0,0.07,-2.69,-0.24
2021,홍현빈,KT,0.667,0.0,66.7,0.0,0.0,,0.21,0.52,-0.4,23.62,-0.46,0.167,-1.87,-0.25
2021,이주형,LG,0.222,5.3,36.8,0.14,0.0,,0.64,1.08,-0.25,12.07,-0.06,0.189,-2.58,-0.25
2021,강상원,한화,0.154,18.4,22.4,0.82,0.0,,2.63,2.03,1.79,6.74,0.59,0.243,-4.24,-0.25
2021,문상철,KT,0.311,7.5,31.1,0.24,0.125,48.0,10.37,3.68,8.82,4.91,0.39,0.294,-4.22,-0.26
2021,이창진,KIA,0.251,12.3,18.4,0.67,0.076,83.0,23.6,2.98,22.38,3.84,0.96,0.287,-13.65,-0.26
2021,강진성,NC,0.282,7.8,14.7,0.53,0.101,58.0,47.87,3.96,47.73,3.91,0.36,0.316,-9.09,-0.27
2021,김재호,두산,0.24,11.6,13.6,0.85,0.052,211.0,18.42,2.7,17.24,2.36,-0.29,0.278,-13.63,-0.27
2021,강태율,롯데,0.063,12.9,32.3,0.4,0.154,26.0,1.01,1.01,0.02,0.36,-0.46,0.204,-3.79,-0.27
2021,프레이타스,키움,0.312,4.7,19.6,0.24,0.115,69.5,13.69,3.33,13.42,0.6,-0.01,0.303,-4.78,-0.28
2021,김호은,LG,0.0,0.0,44.4,0.0,0.0,,0.0,0.0,-1.67,,0.0,0.0,-2.78,-0.28
2021,김현민,한화,0.125,0.0,33.3,0.0,0.0,,0.08,0.2,-1.39,1.81,0.0,0.077,-2.86,-0.29
2021,최승민,NC,0.292,2.9,20.6,0.14,0.032,,1.67,1.55,1.01,9.96,-0.59,0.236,-3.17,-0.3
2021,문성주,LG,0.266,7.9,16.9,0.47,0.05,79.0,7.19,3.03,6.23,4.32,-0.27,0.28,-4.71,-0.31
2021,강로한,롯데,0.154,5.7,51.4,0.11,0.182,16.5,1.8,1.68,0.18,8.06,0.0,0.209,-4.12,-0.31
2021,박민,KIA,0.24,5.3,26.3,0.2,0.029,,1.43,1.25,0.43,3.15,-0.46,0.216,-4.25,-0.32
2021,임지열,키움,0.2,13.3,33.3,0.4,0.0,,0.86,0.97,0.5,4.11,-0.46,0.221,-3.19,-0.33
2021,오선우,KIA,0.167,6.2,56.2,0.11,0.0,,0.16,0.31,-1.42,4.31,0.0,0.106,-3.39,-0.33
2021,고종욱,SSG,0.307,8.0,15.1,0.53,0.061,90.0,18.28,3.43,18.37,2.85,-1.01,0.304,-6.1,-0.34
2021,이성열,한화,0.277,12.9,25.7,0.5,0.118,59.5,13.77,3.79,12.83,3.23,0.19,0.304,-4.38,-0.34
2021,조용호,KT,0.29,14.4,16.5,0.87,0.037,,46.77,3.57,49.95,4.69,-1.82,0.31,-13.38,-0.35
2021,김규성,KIA,0.263,12.2,41.5,0.29,0.028,,1.6,1.35,0.43,6.55,-0.46,0.215,-4.61,-0.35
2021,김성윤,삼성,0.214,0.0,26.3,0.0,0.0,,0.4,0.64,-1.01,14.92,-0.46,0.145,-3.35,-0.36
2021,박정음,키움,0.0,11.1,16.7,0.67,0.0,,0.0,0.0,-1.2,97.66,-0.12,0.13,-3.42,-0.36
2021,김도환,삼성,0.286,4.3,43.5,0.1,0.049,,1.87,1.36,0.17,3.44,-0.46,0.207,-5.49,-0.37
2021,이우성,KIA,0.246,13.0,17.0,0.77,0.059,,7.48,2.77,6.7,3.91,-0.07,0.277,-5.59,-0.4
2021,김휘집,키움,0.17,14.6,25.8,0.56,0.057,70.0,5.34,2.22,3.61,4.81,0.19,0.248,-7.34,-0.4
2021,장지승,한화,0.27,9.7,33.3,0.29,0.066,61.0,4.15,1.97,3.26,0.73,0.39,0.253,-5.59,-0.41
2021,나지완,KIA,0.245,13.7,28.4,0.48,0.013,,5.9,2.21,6.51,0.22,-0.01,0.273,-6.04,-0.41
2021,구본혁,LG,0.152,6.7,15.6,0.43,0.052,,2.04,1.53,-0.52,8.96,0.0,0.191,-6.05,-0.41
2021,최민재,롯데,0.118,7.4,29.6,0.25,0.04,,0.51,0.57,-1.6,4.8,0.4,0.138,-4.93,-0.41
2021,정진기,SSG,0.0,0.0,28.6,0.0,0.0,,0.0,0.0,-1.3,,0.0,0.0,-2.16,-0.41
2021,황대인,KIA,0.255,5.8,20.1,0.29,0.18,21.69,32.54,3.84,29.56,1.97,-0.03,0.308,-8.31,-0.43
2021,이천웅,LG,0.218,11.9,10.9,1.09,0.072,90.0,14.36,2.44,15.4,1.73,-0.35,0.284,-10.42,-0.43
2021,김재성,LG,0.154,6.8,17.8,0.39,0.108,65.0,3.45,1.55,0.61,5.44,0.19,0.212,-8.37,-0.43
2021,허정협,키움,0.2,13.5,19.2,0.7,0.0,,2.21,1.53,1.17,2.46,-0.01,0.228,-5.23,-0.44
2021,정진기,NC,0.259,5.0,18.6,0.27,0.14,31.0,18.72,3.37,15.66,5.43,-0.2,0.289,-8.81,-0.46
2021,김태훈,KT,0.284,2.2,20.9,0.1,0.103,87.0,7.45,2.92,5.04,4.94,0.19,0.264,-6.15,-0.47
2021,이동훈,한화,0.244,4.8,19.4,0.25,0.019,,2.74,1.45,1.6,5.13,-0.53,0.232,-6.02,-0.47
2021,나승엽,롯데,0.266,10.9,25.8,0.42,0.07,56.5,10.1,2.96,7.96,4.08,0.19,0.271,-7.78,-0.48
2021,김지수,한화,0.2,4.0,56.0,0.07,0.042,,0.39,0.48,-1.94,1.81,0.0,0.118,-5.02,-0.48
2021,나주환,KIA,0.25,0.0,37.5,0.0,0.0,,0.55,0.51,-1.74,-2.4,0.0,0.143,-5.68,-0.5
2021,김기환,NC,0.283,5.4,30.2,0.18,0.143,46.67,13.16,3.06,8.77,9.5,1.6,0.268,-9.55,-0.52
2021,박대온,NC,0.273,4.2,22.1,0.19,0.012,,5.49,2.03,1.41,2.72,-0.01,0.219,-10.28,-0.54
2021,이성곤,삼성,0.0,0.0,50.0,0.0,0.0,,0.0,0.0,-0.37,,0.0,0.0,-0.62,-0.55
2021,이해창,한화,0.214,1.7,21.7,0.08,0.055,,2.48,1.34,-0.7,4.83,-0.46,0.19,-8.08,-0.56
2021,이원재,NC,0.273,1.4,15.9,0.09,0.031,,4.48,2.28,2.04,3.1,0.19,0.236,-6.44,-0.57
2021,이홍구,KT,0.296,3.5,48.3,0.07,0.054,55.0,1.58,0.84,-1.39,-2.67,0.0,0.177,-8.53,-0.58
2021,김창평,SSG,0.105,3.6,21.4,0.17,0.0,,0.31,0.32,-2.63,14.96,-0.06,0.1,-6.07,-0.59
2021,정진호,한화,0.264,9.0,13.2,0.68,0.062,,13.27,2.89,11.38,2.81,0.32,0.278,-9.16,-0.6
2021,노태형,한화,0.179,12.2,30.6,0.4,0.024,,1.7,1.21,-0.34,4.54,0.0,0.196,-6.37,-0.6
2021,정의윤,SSG,0.252,6.2,20.8,0.3,0.14,23.57,15.69,3.14,13.46,2.11,-0.48,0.286,-8.43,-0.61
2021,박주홍,키움,0.192,16.1,37.5,0.43,0.043,,2.11,1.29,0.79,2.93,-0.27,0.219,-6.1,-0.61
2021,김동엽,삼성,0.28,4.9,20.7,0.24,0.113,46.25,19.62,3.58,15.8,4.0,-0.08,0.289,-9.16,-0.64
2021,장운호,한화,0.318,10.7,22.8,0.47,0.035,,27.45,3.08,28.97,2.99,-2.21,0.297,-12.6,-0.68
2021,오재원,두산,0.218,7.6,22.8,0.33,0.041,,3.5,1.48,0.58,2.81,0.39,0.211,-9.13,-0.68
2021,이도윤,한화,0.244,5.9,26.5,0.22,0.0,,2.31,1.11,-0.39,3.76,-0.73,0.197,-8.75,-0.72
2021,박정현,한화,0.276,7.5,26.7,0.28,0.038,,7.3,2.17,3.6,3.79,0.19,0.236,-11.16,-0.74
2021,보어,LG,0.2,9.4,25.6,0.37,0.11,33.33,8.4,2.58,5.97,1.53,-0.01,0.259,-8.42,-0.74
2021,변상권,키움,0.311,5.3,23.4,0.23,0.082,,14.6,3.13,10.37,6.52,-0.02,0.27,-10.66,-0.76
2021,예진원,키움,0.198,9.1,21.2,0.43,0.096,114.0,7.68,2.01,4.59,5.2,-0.47,0.241,-11.64,-0.9
2021,이원석,한화,0.264,6.2,33.1,0.19,0.053,114.0,7.13,1.87,2.41,6.66,-0.14,0.224,-13.58,-0.96
2021,유장혁,한화,0.217,7.1,34.8,0.2,0.081,98.0,5.25,1.57,0.96,4.52,-0.07,0.213,-12.81,-0.96
2021,임종찬,한화,0.235,8.2,33.6,0.24,0.061,131.0,6.66,1.55,1.8,2.5,-0.47,0.217,-16.16,-1.47
2021,김태균,한화,,,,,,,,,,,0.0,,,
2021,안주형,삼성,,,,,,,,,,,0.0,,,
2021,박관진,키움,,,,,,,,,,,0.0,,,
