season_year,player_name,team_name,hr9,lob_rate,fip,kfip,fip_war,ra9_war,k_rate,bb_rate,avg_against,obp_against,slg_against,ops_against
2021,미란다,두산,0.57,81.7,2.67,2.14,8.49,8.46,31.7,8.9,0.212,0.282,0.299,0.581
2021,루친스키,NC,0.6,71.6,3.32,3.05,6.37,6.61,23.5,7.3,0.234,0.3,0.321,0.621
2021,뷰캐넌,삼성,0.66,75.5,3.46,3.24,5.74,6.27,21.4,7.8,0.25,0.31,0.355,0.664
2021,고영표,KT,0.49,73.5,3.2,3.04,5.51,6.63,19.6,4.1,0.238,0.284,0.321,0.605
2021,폰트,SSG,0.74,66.8,3.28,2.93,5.43,4.03,26.0,7.5,0.211,0.277,0.322,0.598
2021,데스파이네,KT,0.48,72.8,3.62,3.51,5.24,6.11,20.1,9.5,0.243,0.322,0.335,0.657
2021,요키시,키움,0.6,73.5,3.54,3.45,5.12,6.59,17.7,6.2,0.252,0.302,0.341,0.643
2021,수아레즈,LG,0.31,79.0,2.77,2.42,4.82,5.38,26.6,8.7,0.215,0.289,0.291,0.58
2021,킹험,한화,0.69,71.1,3.43,3.2,4.79,4.96,22.3,6.9,0.219,0.278,0.321,0.6
2021,스트레일리,롯데,0.65,68.9,3.62,3.41,4.78,4.26,23.1,9.4,0.259,0.333,0.363,0.696
2021,원태인,삼성,0.62,76.8,3.65,3.53,4.63,6.0,19.7,7.8,0.249,0.313,0.362,0.675
2021,쿠에바스,KT,0.74,69.0,3.57,3.3,4.49,3.4,23.6,8.8,0.254,0.323,0.37,0.693
2021,카펜터,한화,0.85,69.1,4.06,3.86,4.44,4.29,24.0,9.8,0.234,0.326,0.35,0.677
2021,켈리,LG,0.61,78.0,3.76,3.68,4.43,6.83,19.1,8.1,0.241,0.312,0.333,0.645
2021,로켓,두산,0.36,79.3,3.33,3.18,4.16,4.99,20.7,7.8,0.277,0.348,0.358,0.706
2021,파슨스,NC,0.61,74.5,3.66,3.41,4.14,4.29,25.6,10.9,0.218,0.317,0.311,0.629
2021,임기영,KIA,0.88,66.3,4.02,3.9,3.79,3.06,19.5,6.8,0.262,0.322,0.39,0.712
2021,배제성,KT,0.38,70.8,3.7,3.58,3.67,3.81,21.9,13.2,0.239,0.339,0.328,0.667
2021,최원준,두산,0.85,76.3,4.01,3.95,3.52,5.51,16.8,5.5,0.26,0.31,0.396,0.706
2021,백정현,삼성,0.86,81.4,4.21,4.2,3.17,6.54,16.8,8.3,0.244,0.308,0.367,0.675
2021,멩덴,KIA,0.9,73.2,3.97,3.83,2.91,3.37,20.7,7.0,0.242,0.305,0.371,0.676
2021,소형준,KT,0.45,65.4,3.92,3.94,2.88,2.8,16.3,9.8,0.268,0.343,0.344,0.687
2021,신민혁,NC,1.06,71.6,4.4,4.35,2.74,3.44,17.1,7.0,0.271,0.327,0.42,0.747
2021,박세웅,롯데,1.1,73.3,4.55,4.52,2.68,4.78,18.2,7.7,0.229,0.3,0.365,0.665
2021,안우진,키움,1.09,75.6,4.17,3.94,2.67,3.31,24.4,9.1,0.22,0.304,0.36,0.664
2021,브룩스,KIA,0.46,72.8,3.24,3.13,2.51,2.32,16.5,4.8,0.298,0.332,0.381,0.714
2021,정찬헌,키움,0.47,70.4,3.85,3.95,2.46,3.71,11.9,5.4,0.29,0.336,0.389,0.725
2021,최원태,키움,0.69,65.1,4.31,4.39,2.45,2.69,14.5,8.2,0.287,0.355,0.393,0.748
2021,김민우,한화,0.87,74.1,4.58,4.59,2.41,4.51,18.7,11.5,0.23,0.325,0.353,0.678
2021,오승환,삼성,0.44,81.7,2.85,2.56,2.37,3.47,22.6,6.3,0.245,0.298,0.376,0.674
2021,이민호,LG,1.02,69.3,4.58,4.53,2.14,3.22,21.0,9.4,0.22,0.318,0.359,0.677
2021,이의리,KIA,0.57,71.7,4.03,3.92,2.09,2.76,23.0,13.9,0.204,0.318,0.29,0.607
2021,가빌리오,SSG,0.77,61.3,4.02,3.92,1.92,0.78,19.9,8.5,0.285,0.355,0.411,0.766
2021,한현희,키움,0.42,68.7,3.78,3.79,1.92,1.92,16.4,8.1,0.257,0.329,0.353,0.682
2021,고우석,LG,0.47,84.3,2.75,2.32,1.84,2.34,28.3,9.6,0.224,0.309,0.324,0.633
2021,송명기,NC,0.88,66.4,4.55,4.55,1.79,1.42,17.8,10.1,0.292,0.373,0.449,0.823
2021,이정용,LG,0.52,73.6,2.95,2.59,1.78,2.21,26.1,8.1,0.214,0.28,0.327,0.607
2021,홍건희,두산,0.36,78.6,2.74,2.36,1.78,3.37,27.1,8.9,0.239,0.306,0.312,0.618
2021,김원중,롯데,0.86,75.8,3.83,3.59,1.68,2.79,23.9,10.4,0.217,0.309,0.33,0.64
2021,최채흥,삼성,1.18,72.7,4.62,4.63,1.59,2.43,15.2,6.9,0.291,0.341,0.435,0.776
2021,임찬규,LG,0.69,68.1,4.28,4.31,1.51,2.42,17.3,10.6,0.226,0.315,0.333,0.648
2021,김태훈,키움,0.14,73.4,3.41,3.36,1.38,2.28,18.4,11.7,0.249,0.336,0.303,0.639
2021,박종훈,SSG,0.33,73.1,3.57,3.55,1.38,2.04,18.6,7.2,0.205,0.288,0.272,0.559
2021,김재윤,KT,0.67,83.8,3.29,3.01,1.38,2.9,23.3,8.7,0.232,0.296,0.325,0.621
2021,강재민,한화,0.28,83.3,3.33,3.21,1.28,2.62,20.4,9.7,0.22,0.308,0.302,0.61
2021,이용찬,NC,0.49,77.3,2.87,2.57,1.28,1.54,23.2,7.3,0.199,0.262,0.272,0.534
2021,문승원,SSG,0.18,69.3,3.51,3.56,1.26,1.61,15.1,8.5,0.22,0.294,0.309,0.603
2021,이인복,롯데,0.73,72.4,3.81,3.73,1.21,1.34,16.6,5.2,0.299,0.348,0.45,0.798
2021,다카하시,KIA,0.98,70.9,3.55,3.12,1.21,0.66,27.4,7.1,0.309,0.371,0.416,0.787
2021,김민수,KT,0.31,72.3,3.13,2.92,1.2,1.32,21.7,9.5,0.256,0.333,0.329,0.662
2021,최준용,롯데,1.14,84.7,3.97,3.71,1.08,1.77,23.1,8.2,0.234,0.302,0.377,0.679
2021,김범수,한화,0.25,62.3,3.55,3.41,1.07,0.59,21.9,13.2,0.253,0.353,0.331,0.684
2021,김대유,LG,0.36,80.8,3.06,2.77,1.05,2.29,26.8,7.2,0.177,0.271,0.215,0.486
2021,몽고메리,삼성,0.52,65.6,4.39,4.34,1.0,0.6,22.5,15.6,0.234,0.364,0.315,0.678
2021,정우영,LG,0.0,79.2,3.59,3.72,1.0,3.0,15.6,9.9,0.191,0.295,0.231,0.526
2021,구승민,롯데,0.72,69.3,3.97,3.79,0.99,1.25,24.8,11.8,0.213,0.319,0.33,0.649
2021,브리검,키움,0.89,76.5,4.48,4.47,0.95,1.99,19.6,10.4,0.226,0.319,0.346,0.664
2021,조상우,키움,0.82,72.7,3.67,3.39,0.94,1.53,25.1,10.2,0.183,0.274,0.287,0.561
2021,프랑코,롯데,1.2,67.8,5.31,5.39,0.86,1.79,18.3,11.1,0.257,0.359,0.422,0.781
2021,김택형,SSG,0.36,81.5,3.8,3.77,0.85,3.04,19.6,13.3,0.231,0.339,0.307,0.645
2021,곽빈,두산,0.64,74.7,5.08,5.18,0.84,2.21,21.1,17.4,0.221,0.378,0.346,0.724
2021,김강률,두산,0.35,84.2,3.53,3.46,0.82,2.87,17.8,10.9,0.271,0.351,0.357,0.708
2021,박시영,KT,0.8,74.3,3.16,2.74,0.79,0.97,28.3,8.3,0.189,0.257,0.277,0.534
2021,라이블리,삼성,1.08,70.6,4.23,3.98,0.77,0.95,27.1,9.3,0.19,0.295,0.339,0.634
2021,임준형,LG,0.0,74.2,2.42,2.17,0.75,0.88,22.3,4.3,0.276,0.33,0.333,0.663
2021,최지광,삼성,0.88,69.3,4.39,4.29,0.74,1.37,21.2,11.7,0.276,0.363,0.432,0.795
2021,오원석,SSG,0.9,64.6,5.17,5.27,0.73,0.36,17.9,13.9,0.283,0.394,0.417,0.812
2021,우규민,삼성,0.92,75.8,3.84,3.73,0.72,1.37,16.4,4.2,0.294,0.329,0.401,0.73
2021,장지훈,SSG,0.67,68.0,3.86,3.85,0.7,1.14,14.9,5.6,0.268,0.318,0.377,0.695
2021,윤대경,한화,0.93,76.6,4.75,4.84,0.7,2.32,16.0,10.1,0.247,0.337,0.373,0.71
2021,심재민,KT,0.77,79.7,3.59,3.45,0.6,1.15,18.5,5.8,0.234,0.277,0.326,0.602
2021,조현우,KT,0.0,70.6,3.17,3.3,0.6,1.22,10.3,5.6,0.224,0.274,0.284,0.559
2021,이현승,두산,0.39,77.7,2.82,2.56,0.58,1.3,22.2,6.7,0.195,0.244,0.256,0.501
2021,진해수,LG,0.41,76.0,3.51,3.39,0.58,0.71,20.7,9.6,0.25,0.33,0.311,0.641
2021,홍상삼,KIA,1.5,77.3,5.33,5.29,0.54,0.72,20.6,11.9,0.248,0.346,0.451,0.797
2021,박치국,두산,0.82,72.8,3.92,3.77,0.53,0.83,21.1,11.6,0.273,0.371,0.416,0.786
2021,김도규,롯데,0.64,58.8,3.83,3.69,0.53,0.48,21.5,11.6,0.263,0.346,0.365,0.712
2021,홍성민,NC,0.65,76.4,3.96,3.99,0.5,0.81,14.1,6.5,0.317,0.368,0.425,0.793
2021,한승혁,KIA,0.0,59.5,3.42,3.46,0.49,0.24,16.5,9.7,0.281,0.363,0.36,0.722
2021,이창재,KT,0.0,75.0,2.81,2.72,0.49,0.8,17.6,9.3,0.227,0.296,0.278,0.575
2021,임창민,NC,0.45,64.1,4.25,4.35,0.48,0.68,16.3,11.2,0.235,0.335,0.329,0.664
2021,서준원,롯데,0.83,59.4,4.72,4.83,0.48,-0.4,14.4,11.3,0.332,0.409,0.479,0.888
2021,정해영,KIA,0.69,85.1,4.25,4.27,0.48,3.38,18.0,10.3,0.21,0.302,0.318,0.62
2021,조영우,SSG,1.35,62.8,5.01,5.03,0.48,0.53,16.5,8.9,0.29,0.348,0.463,0.811
2021,김재웅,키움,0.84,77.6,4.53,4.5,0.46,1.5,19.3,13.6,0.239,0.344,0.322,0.666
2021,장시환,한화,0.52,58.3,4.99,5.23,0.44,-0.6,13.7,14.0,0.306,0.413,0.398,0.811
2021,안영명,KT,0.51,57.2,3.28,3.07,0.42,0.69,22.1,7.6,0.192,0.255,0.264,0.519
2021,배재준,LG,0.28,72.4,3.79,3.85,0.4,0.48,15.2,8.6,0.313,0.384,0.41,0.795
2021,박민호,SSG,0.66,75.3,4.46,4.66,0.39,1.19,10.7,6.2,0.283,0.345,0.371,0.716
2021,박진형,롯데,0.56,65.5,2.83,2.24,0.38,-0.1,29.6,12.3,0.352,0.432,0.535,0.967
2021,최성훈,LG,0.44,80.4,3.75,3.7,0.35,1.26,18.4,10.6,0.255,0.337,0.35,0.687
2021,이재희,삼성,0.83,67.3,4.35,4.33,0.35,0.24,17.9,10.5,0.286,0.362,0.417,0.778
2021,류진욱,NC,0.42,79.4,4.03,4.08,0.34,1.42,16.3,11.6,0.242,0.33,0.327,0.657
2021,이승현(54),삼성,0.69,65.1,3.97,3.74,0.34,0.08,26.4,13.2,0.246,0.359,0.366,0.725
2021,박종기,두산,0.45,61.0,4.49,4.71,0.34,-0.09,12.0,10.6,0.292,0.369,0.381,0.75
2021,이준영,KIA,0.76,53.6,4.48,4.53,0.33,0.79,16.4,11.9,0.221,0.312,0.324,0.636
2021,엄상백,KT,1.2,77.2,5.12,5.14,0.33,1.27,19.7,12.3,0.21,0.317,0.369,0.686
2021,최영환,롯데,0.89,62.7,5.15,5.33,0.31,0.38,15.5,13.3,0.294,0.394,0.438,0.832
2021,김진성,NC,1.67,53.6,5.06,4.88,0.31,-1.23,21.3,10.3,0.283,0.358,0.487,0.845
2021,김기탁,한화,0.0,54.5,3.33,3.24,0.31,0.37,20.7,12.1,0.298,0.379,0.426,0.805
2021,원종현,NC,0.85,76.7,4.22,4.15,0.31,0.76,18.4,9.4,0.315,0.386,0.427,0.813
2021,김명신,두산,0.81,65.8,4.06,4.07,0.3,1.18,14.9,4.8,0.279,0.324,0.426,0.75
2021,나균안,롯데,0.78,62.2,4.84,5.03,0.3,0.12,12.1,10.8,0.315,0.387,0.442,0.829
2021,김윤식,LG,0.41,68.1,4.04,4.05,0.29,0.58,18.6,12.0,0.258,0.361,0.345,0.707
2021,신재영,SSG,0.95,62.5,3.44,3.14,0.29,0.03,21.8,1.6,0.302,0.333,0.44,0.773
2021,송은범,LG,0.24,65.1,3.79,3.94,0.25,0.53,12.3,8.4,0.25,0.316,0.324,0.64
2021,주현상,한화,1.07,78.9,4.76,4.83,0.23,1.21,15.1,9.6,0.241,0.316,0.398,0.714
2021,유원상,KT,0.0,54.5,2.96,2.78,0.23,0.02,21.0,11.3,0.273,0.355,0.309,0.664
2021,김기중,한화,0.67,72.9,5.08,5.32,0.23,0.73,13.8,13.8,0.294,0.399,0.407,0.806
2021,주권,KT,0.55,76.8,4.46,4.71,0.23,1.93,9.1,9.1,0.264,0.335,0.363,0.698
2021,이대은,KT,1.16,71.9,4.75,4.77,0.22,0.53,17.2,8.6,0.239,0.307,0.398,0.705
2021,르위키,SSG,1.26,77.5,4.31,4.25,0.21,0.4,16.1,3.6,0.278,0.304,0.444,0.748
2021,황영국,한화,0.0,63.0,3.54,3.46,0.21,0.13,21.1,14.1,0.281,0.38,0.298,0.679
2021,윤중현,KIA,0.76,72.9,5.27,5.65,0.21,1.19,8.8,8.3,0.284,0.368,0.378,0.746
2021,백승현,LG,0.0,78.9,3.21,3.27,0.19,0.56,15.2,6.1,0.22,0.292,0.254,0.547
2021,임현준,삼성,0.0,63.6,4.88,5.25,0.17,0.22,15.4,13.5,0.275,0.431,0.4,0.831
2021,박진우,NC,0.0,83.3,2.79,2.53,0.16,0.28,27.3,11.4,0.162,0.273,0.216,0.489
2021,김대우,롯데,1.02,69.9,5.43,5.55,0.16,1.03,19.4,15.0,0.26,0.387,0.415,0.802
2021,장민재,한화,1.23,68.7,4.94,5.09,0.15,0.41,10.2,6.2,0.288,0.333,0.449,0.782
2021,함덕주,LG,0.86,75.3,5.0,5.09,0.13,0.21,18.4,13.3,0.25,0.371,0.375,0.746
2021,이승헌,NC,0.0,50.0,1.27,0.59,0.13,-0.07,25.9,3.7,0.346,0.37,0.462,0.832
2021,배민서,NC,0.68,67.8,4.73,4.94,0.12,0.69,12.3,9.1,0.317,0.389,0.41,0.799
2021,김성진,키움,0.86,57.5,4.61,4.65,0.12,0.42,16.5,12.2,0.258,0.344,0.419,0.764
2021,전상현,KIA,0.69,76.5,4.49,4.61,0.11,0.35,13.6,10.2,0.288,0.362,0.404,0.766
2021,신재웅,SSG,0.0,63.6,2.97,2.74,0.11,0.08,24.3,13.5,0.2,0.306,0.233,0.539
2021,김유영,롯데,0.48,59.0,4.78,4.89,0.11,0.31,18.5,15.2,0.276,0.402,0.368,0.771
2021,박정수,두산,1.48,58.3,5.44,5.46,0.1,-0.09,18.2,9.8,0.304,0.385,0.496,0.881
2021,김인범,키움,0.0,100.0,2.02,1.66,0.1,0.23,25.0,5.0,0.158,0.2,0.211,0.411
2021,김영규,NC,1.41,67.9,5.42,5.53,0.1,0.85,14.7,9.8,0.274,0.348,0.425,0.772
2021,장현식,KIA,0.82,82.2,4.15,3.98,0.09,2.29,23.8,12.5,0.238,0.34,0.344,0.684
2021,권휘,두산,0.0,81.2,4.22,4.42,0.09,0.64,16.3,15.2,0.219,0.352,0.26,0.612
2021,심창민,삼성,1.4,71.8,5.32,5.21,0.08,0.78,24.4,13.4,0.237,0.359,0.419,0.778
2021,김지용,LG,0.0,100.0,2.33,1.93,0.07,0.19,31.2,6.2,0.143,0.25,0.286,0.536
2021,이상민,삼성,0.73,68.9,4.95,5.18,0.07,0.29,12.7,12.7,0.295,0.382,0.442,0.824
2021,김상수,SSG,1.54,78.4,5.49,5.54,0.06,0.43,16.1,11.0,0.298,0.378,0.458,0.836
2021,임준섭,한화,0.84,43.9,5.86,6.08,0.06,-0.2,17.2,12.5,0.373,0.484,0.529,1.014
2021,윤정현,키움,0.0,88.2,3.66,3.82,0.06,0.41,13.2,9.4,0.239,0.327,0.283,0.61
2021,양현,키움,0.56,67.2,4.67,4.93,0.06,0.31,9.8,11.6,0.312,0.389,0.418,0.807
2021,이우찬,LG,0.79,64.0,5.19,5.34,0.06,-0.14,16.8,15.5,0.271,0.385,0.376,0.761
2021,오주원,키움,1.4,54.6,4.68,4.68,0.06,-0.51,11.7,4.3,0.398,0.424,0.591,1.015
2021,김태경,NC,0.6,66.3,4.87,5.07,0.05,0.26,15.9,14.3,0.208,0.333,0.34,0.673
2021,지명성,KT,0.0,66.7,2.83,2.64,0.05,0.08,25.0,6.2,0.077,0.188,0.077,0.264
2021,이태양,SSG,2.17,74.4,6.2,6.3,0.05,1.18,13.6,7.0,0.298,0.346,0.54,0.886
2021,김진수,LG,0.0,50.0,1.62,1.22,0.05,0.03,22.2,0.0,0.222,0.222,0.333,0.556
2021,박웅,두산,0.0,63.2,3.93,4.16,0.05,0.01,14.3,8.2,0.286,0.388,0.357,0.745
2021,오석주,LG,0.0,60.0,3.81,3.87,0.05,0.09,18.4,15.8,0.281,0.395,0.312,0.707
2021,김도윤,두산,0.0,,-0.67,-2.07,0.04,0.03,66.7,0.0,0.0,0.0,0.0,0.0
2021,김세현,SSG,0.0,68.8,5.18,5.37,0.04,-0.16,17.9,25.0,0.429,0.571,0.524,1.095
2021,차우찬,LG,0.81,61.6,5.57,5.94,0.04,0.48,12.1,13.1,0.198,0.323,0.309,0.632
2021,고효준,LG,0.0,66.7,2.48,2.45,0.03,0.01,10.0,0.0,0.333,0.3,0.556,0.856
2021,이승호,키움,0.76,59.0,4.77,4.86,0.03,-0.1,16.5,13.8,0.296,0.397,0.409,0.806
2021,서진용,SSG,1.2,82.4,4.83,4.75,0.03,1.86,20.9,14.5,0.232,0.341,0.382,0.723
2021,스미스,키움,0.9,55.6,5.13,5.39,0.03,0.07,11.6,11.6,0.237,0.326,0.368,0.694
2021,송윤준,한화,0.71,80.6,4.75,4.94,0.03,0.31,14.5,10.9,0.255,0.364,0.362,0.725
2021,박건우,KIA,0.0,100.0,3.33,3.26,0.03,0.1,27.3,9.1,0.222,0.364,0.222,0.586
2021,이승헌,롯데,0.31,67.7,5.31,5.75,0.02,0.24,11.2,15.5,0.291,0.42,0.363,0.783
2021,조병현,SSG,1.35,51.7,5.58,5.51,0.02,-0.21,24.2,15.2,0.259,0.394,0.481,0.875
2021,김윤수,삼성,0.95,62.2,4.91,4.74,0.02,-0.31,24.8,16.8,0.305,0.43,0.439,0.869
2021,문동욱,한화,0.0,100.0,2.58,2.08,0.02,0.07,33.3,16.7,0.2,0.333,0.2,0.533
2021,김태훈,SSG,1.09,73.0,5.54,5.69,0.02,0.99,18.2,14.1,0.253,0.387,0.373,0.76
2021,조영건,키움,0.0,100.0,3.33,2.28,0.01,0.03,50.0,33.3,0.25,0.5,0.25,0.75
2021,손정욱,NC,0.73,66.4,4.79,4.95,0.01,0.07,13.1,11.5,0.333,0.393,0.549,0.942
2021,류원석,LG,0.0,63.6,5.67,5.89,0.01,0.1,28.6,32.1,0.056,0.393,0.111,0.504
2021,정우람,한화,1.01,66.2,4.9,4.99,0.01,0.38,16.1,10.1,0.28,0.369,0.399,0.768
2021,배성근(투),롯데,0.0,100.0,3.83,4.05,0.01,0.07,11.1,11.1,0.25,0.333,0.25,0.583
2021,전유수,KT,0.84,66.2,4.55,4.54,0.01,0.12,19.6,13.0,0.225,0.326,0.325,0.651
2021,황윤호(투),KIA,0.0,50.0,3.33,3.68,0.0,-0.03,0.0,0.0,0.5,0.5,0.5,1.0
2021,오윤석(투),롯데,0.0,,3.33,3.68,0.0,0.02,0.0,0.0,0.0,0.0,0.0,0.0
2021,신지후,한화,0.0,-100.0,12.33,14.52,0.0,0.01,0.0,33.3,0.0,0.333,0.0,0.333
2021,강태율(투),롯데,0.0,100.0,3.33,3.68,0.0,0.01,0.0,0.0,0.667,0.667,1.0,1.667
2021,최정용(투),KIA,0.0,100.0,3.33,3.68,0.0,0.01,0.0,0.0,0.5,0.5,1.5,2.0
2021,김민수(투),롯데,0.0,100.0,4.33,4.42,0.0,0.03,25.0,25.0,0.0,0.25,0.0,0.25
2021,김주온,SSG,0.0,100.0,4.83,4.85,0.0,0.06,30.0,20.0,0.143,0.4,0.286,0.686
2021,진명호,롯데,1.11,69.2,4.94,4.88,-0.0,0.03,22.4,13.1,0.225,0.336,0.382,0.718
2021,나원탁(투),롯데,0.0,25.0,4.83,4.79,-0.0,-0.08,30.0,30.0,0.143,0.4,0.429,0.829
2021,이찬혁,LG,0.0,33.3,5.33,5.16,-0.0,-0.09,33.3,33.3,0.333,0.5,0.667,1.167
2021,채지선,LG,0.0,77.1,4.72,4.86,-0.0,0.17,20.7,23.0,0.227,0.402,0.303,0.705
2021,이충호,한화,0.55,54.9,5.72,6.13,-0.01,-0.02,12.9,15.3,0.294,0.429,0.426,0.855
2021,정동윤,SSG,0.0,100.0,4.83,5.49,-0.01,0.07,0.0,14.3,0.167,0.286,0.167,0.452
2021,박주성,키움,0.49,71.4,4.53,4.71,-0.01,-0.29,13.5,10.1,0.316,0.393,0.368,0.762
2021,최세창,두산,0.0,100.0,5.58,6.39,-0.01,0.04,0.0,20.0,0.25,0.4,0.25,0.65
2021,정진호(투),한화,0.0,100.0,5.13,5.85,-0.01,0.05,0.0,16.7,0.2,0.333,0.2,0.533
2021,윤산흠,한화,0.0,81.8,6.0,6.66,-0.01,0.04,10.5,10.5,0.467,0.579,0.467,1.046
2021,안인산,NC,0.0,61.5,5.13,5.28,-0.01,-0.02,26.5,20.6,0.136,0.382,0.182,0.564
2021,박승주,키움,0.0,66.7,4.95,5.52,-0.01,0.04,5.6,16.7,0.2,0.333,0.267,0.6
2021,강동호,롯데,0.0,66.7,6.33,7.04,-0.01,-0.01,14.3,14.3,0.2,0.429,0.4,0.829
2021,박선우,롯데,0.0,100.0,5.33,5.98,-0.01,0.08,11.1,0.0,0.143,0.333,0.143,0.476
2021,윤성빈,롯데,0.0,100.0,6.33,7.29,-0.01,0.04,0.0,20.0,0.0,0.2,0.0,0.2
2021,윤명준,두산,0.59,67.3,4.49,4.67,-0.02,0.5,12.5,9.6,0.303,0.381,0.389,0.77
2021,박재민,롯데,3.38,0.0,8.96,9.25,-0.02,-0.07,15.4,15.4,0.273,0.385,0.636,1.021
2021,김진욱,롯데,0.59,69.0,5.44,5.61,-0.02,0.02,19.8,21.6,0.247,0.42,0.353,0.773
2021,남호,두산,0.0,50.0,5.21,5.59,-0.03,-0.09,15.4,23.1,0.3,0.462,0.4,0.862
2021,이상규,LG,1.5,52.1,5.67,5.82,-0.03,-0.11,13.8,6.9,0.308,0.379,0.5,0.879
2021,김창훈,롯데,1.12,51.1,5.71,5.91,-0.03,-0.15,14.6,14.6,0.371,0.463,0.571,1.035
2021,추재현(투),롯데,0.0,100.0,9.33,10.9,-0.03,0.04,0.0,50.0,0.0,0.5,0.0,0.5
2021,김대우,삼성,1.24,61.2,5.0,5.13,-0.04,-0.23,11.5,6.4,0.315,0.363,0.495,0.859
2021,김태형,LG,0.0,0.0,10.33,11.77,-0.04,-0.09,16.7,33.3,0.0,0.6,0.0,0.6
2021,문용익,삼성,1.23,75.5,4.88,4.83,-0.04,0.43,19.4,10.2,0.247,0.333,0.388,0.722
2021,홍민기,롯데,0.0,50.0,21.33,25.35,-0.04,-0.05,0.0,66.7,0.0,0.667,0.0,0.667
2021,윤호솔,한화,1.29,70.1,5.45,5.51,-0.04,0.68,19.6,14.0,0.233,0.349,0.449,0.798
2021,노성호,삼성,0.95,67.6,5.07,5.07,-0.04,0.19,23.2,17.1,0.152,0.309,0.258,0.566
2021,고영창,KIA,0.0,54.8,4.36,4.81,-0.04,-0.73,5.6,9.3,0.316,0.393,0.379,0.771
2021,허윤동,삼성,2.45,46.5,6.88,6.98,-0.04,-0.25,13.6,4.5,0.4,0.455,0.65,1.105
2021,홍정우,삼성,1.72,87.0,5.06,4.96,-0.04,0.31,18.8,6.2,0.233,0.281,0.467,0.748
2021,현도훈,두산,1.04,43.7,7.26,7.66,-0.05,-0.4,19.6,28.3,0.29,0.478,0.419,0.898
2021,고봉재,두산,6.75,27.8,13.08,13.71,-0.05,-0.19,0.0,0.0,0.625,0.625,1.0,1.625
2021,서균,한화,0.0,50.0,6.93,8.17,-0.05,-0.13,0.0,0.0,0.333,0.444,0.333,0.778
2021,강동연,NC,1.57,53.9,6.2,6.46,-0.05,-0.1,12.8,12.8,0.269,0.358,0.462,0.82
2021,문성현,키움,0.0,77.8,6.93,7.6,-0.05,-0.01,16.7,33.3,0.25,0.5,0.417,0.917
2021,이용준,NC,0.0,42.9,9.33,10.62,-0.05,-0.14,8.3,33.3,0.375,0.583,0.375,0.958
2021,강경학(투),한화,0.0,33.3,16.83,20.12,-0.06,-0.15,0.0,25.0,0.6,0.75,0.8,1.55
2021,김건국,롯데,1.23,67.9,5.47,5.58,-0.06,-0.07,16.3,13.5,0.3,0.394,0.489,0.883
2021,이교훈,두산,2.16,49.3,5.97,5.88,-0.06,-0.35,18.6,7.0,0.351,0.395,0.595,0.99
2021,강지광,SSG,0.0,42.9,13.33,15.25,-0.06,-0.14,10.0,40.0,0.6,0.7,0.6,1.3
2021,이상동,KT,0.0,40.0,3.18,3.12,-0.06,-0.61,17.2,10.3,0.28,0.345,0.28,0.625
2021,김현준,KIA,1.83,65.4,5.88,5.83,-0.06,0.08,22.9,14.5,0.221,0.338,0.412,0.749
2021,정영일,SSG,4.5,76.9,9.83,10.37,-0.06,-0.05,0.0,0.0,0.444,0.444,0.889,1.333
2021,김진호,NC,0.0,40.0,10.33,11.64,-0.07,-0.19,14.3,42.9,0.5,0.714,0.5,1.214
2021,최동환,LG,0.0,50.0,5.8,6.54,-0.07,-0.1,7.1,14.3,0.273,0.429,0.318,0.747
2021,김강민(투),SSG,13.5,166.7,24.33,24.84,-0.07,-0.03,25.0,25.0,0.333,0.5,1.333,1.833
2021,손주영,LG,1.35,58.2,6.07,6.27,-0.07,-0.41,16.5,15.7,0.307,0.409,0.535,0.944
2021,변시원,KIA,0.0,60.0,21.33,25.54,-0.07,-0.1,0.0,42.9,0.333,0.714,0.333,1.048
2021,이우석,NC,0.93,78.7,6.13,6.46,-0.08,0.05,16.3,14.3,0.342,0.469,0.526,0.996
2021,박관진,키움,0.0,0.0,21.33,25.54,-0.08,-0.39,0.0,25.0,0.625,0.75,0.75,1.5
2021,조요한,SSG,0.0,68.4,6.05,6.68,-0.08,-0.09,10.5,23.7,0.345,0.5,0.448,0.948
2021,소이현,NC,0.84,55.1,6.05,6.3,-0.08,-0.26,16.9,20.3,0.289,0.424,0.422,0.846
2021,오현택,롯데,1.1,67.3,5.23,5.47,-0.08,-0.34,9.2,9.2,0.368,0.425,0.539,0.965
2021,노시훈,NC,1.93,90.9,7.83,8.41,-0.08,0.04,9.1,18.2,0.222,0.364,0.444,0.808
2021,최승용,두산,1.47,78.4,5.52,5.53,-0.08,0.14,19.3,12.0,0.286,0.378,0.486,0.864
2021,김종수,한화,1.35,67.6,5.9,6.06,-0.08,0.44,18.3,15.4,0.202,0.333,0.387,0.72
2021,문대원,두산,6.75,115.4,16.08,16.97,-0.08,-0.01,11.1,22.2,0.286,0.444,0.714,1.159
2021,김동우,롯데,1.8,58.8,7.73,8.24,-0.09,-0.19,10.0,16.7,0.417,0.517,0.542,1.059
2021,하준호,KT,1.5,62.5,5.33,5.32,-0.09,-0.2,17.9,10.7,0.327,0.393,0.51,0.903
2021,정우준,롯데,1.59,60.3,7.92,8.52,-0.09,0.05,13.8,17.2,0.273,0.448,0.5,0.948
2021,김진영,한화,0.98,80.9,5.84,6.25,-0.1,0.33,9.9,17.3,0.242,0.37,0.379,0.749
2021,양선률,SSG,0.0,57.1,13.33,15.38,-0.1,-0.19,10.0,30.0,0.5,0.7,0.5,1.2
2021,박세웅,삼성,3.0,65.8,10.33,11.08,-0.1,-0.16,11.1,16.7,0.385,0.5,0.769,1.269
2021,배동현,한화,0.71,71.4,5.28,5.54,-0.11,0.36,14.7,14.1,0.234,0.356,0.372,0.728
2021,이채호,SSG,3.6,48.8,9.13,9.47,-0.11,-0.21,11.1,11.1,0.348,0.407,0.609,1.016
2021,김동욱,키움,6.0,96.2,11.67,11.88,-0.11,-0.06,12.5,6.2,0.467,0.5,1.0,1.5
2021,한승혁,롯데,2.25,56.6,8.58,8.88,-0.12,-0.24,20.0,20.0,0.316,0.48,0.526,1.006
2021,강태경,NC,1.42,76.6,6.65,6.96,-0.12,0.1,16.4,16.4,0.277,0.417,0.468,0.885
2021,조제영,두산,0.84,58.0,6.43,6.98,-0.13,-0.4,8.3,16.7,0.367,0.483,0.49,0.973
2021,김건우,SSG,0.82,69.9,6.52,7.01,-0.13,0.3,13.0,22.2,0.19,0.37,0.286,0.656
2021,김준형,키움,1.26,85.6,6.12,6.49,-0.13,0.17,11.9,10.4,0.263,0.373,0.386,0.759
2021,김선기,키움,0.93,58.7,5.44,5.76,-0.13,-0.29,11.2,9.8,0.277,0.368,0.419,0.787
2021,김태현,NC,0.0,50.0,8.4,9.61,-0.13,-0.27,9.4,21.9,0.263,0.5,0.263,0.763
2021,임정호,NC,0.52,72.3,4.95,5.18,-0.14,0.58,14.5,15.2,0.278,0.401,0.368,0.77
2021,이종민,키움,3.86,52.1,15.33,16.55,-0.14,-0.26,17.6,41.2,0.444,0.647,0.778,1.425
2021,유재유,두산,5.4,80.6,15.03,16.26,-0.14,-0.17,5.3,26.3,0.308,0.474,0.769,1.243
2021,한차현,KT,7.36,51.3,13.97,14.24,-0.15,-0.33,13.0,8.7,0.476,0.522,0.905,1.427
2021,이강준,롯데,1.08,62.5,9.69,10.87,-0.15,0.04,8.2,28.6,0.333,0.551,0.455,1.006
2021,임규빈,키움,3.12,54.7,7.83,7.99,-0.15,-0.16,14.0,9.3,0.333,0.395,0.718,1.113
2021,최민준,SSG,1.15,69.8,5.54,5.72,-0.15,0.6,15.6,12.6,0.278,0.38,0.428,0.808
2021,하재훈,SSG,0.5,80.4,6.0,6.58,-0.15,0.24,9.1,18.2,0.239,0.407,0.313,0.72
2021,이재학,NC,1.52,73.8,6.06,6.22,-0.15,1.53,17.6,14.1,0.239,0.359,0.434,0.792
2021,양창섭,삼성,1.8,72.6,5.8,5.79,-0.17,-0.02,17.8,11.0,0.333,0.403,0.556,0.958
2021,장필준,삼성,1.04,64.3,5.79,6.05,-0.17,-0.34,13.8,15.5,0.317,0.425,0.469,0.894
2021,이승민,삼성,1.51,59.1,6.05,6.29,-0.17,-0.49,12.7,10.4,0.336,0.41,0.51,0.92
2021,정성종,롯데,1.5,63.5,7.08,7.67,-0.17,-0.27,6.2,12.3,0.345,0.431,0.473,0.903
2021,김건태,NC,1.35,65.8,6.93,7.32,-0.18,-0.04,17.2,24.1,0.091,0.31,0.227,0.538
2021,김재열,KIA,1.1,72.1,5.84,6.18,-0.18,0.22,11.8,11.8,0.231,0.34,0.364,0.704
2021,장재영,키움,0.0,57.1,6.33,6.94,-0.19,-0.19,15.2,26.1,0.238,0.462,0.317,0.779
2021,남재현,KIA,2.25,40.7,9.08,9.74,-0.19,-0.29,11.4,22.7,0.323,0.455,0.581,1.035
2021,오동욱,한화,1.08,66.1,6.37,6.85,-0.19,0.17,11.1,13.7,0.221,0.359,0.411,0.77
2021,차명진,KIA,0.84,69.1,7.36,8.07,-0.19,-0.12,10.5,22.8,0.286,0.456,0.429,0.885
2021,송재영,롯데,1.84,42.7,6.88,7.08,-0.2,-0.59,16.5,15.2,0.369,0.474,0.6,1.074
2021,김대현,LG,4.91,36.6,11.52,11.81,-0.2,-0.26,17.4,13.0,0.368,0.478,0.895,1.373
2021,장웅정,한화,4.91,78.9,10.15,10.39,-0.2,-0.19,10.5,5.3,0.417,0.447,0.861,1.308
2021,박주홍,한화,0.0,63.6,10.33,11.64,-0.2,-0.11,16.7,50.0,0.25,0.611,0.25,0.861
2021,장지수,KIA,0.63,80.5,6.89,7.67,-0.21,0.13,7.5,19.4,0.176,0.373,0.275,0.648
2021,이승현(20),삼성,3.18,67.6,8.51,8.92,-0.21,0.02,8.1,9.3,0.385,0.442,0.705,1.147
2021,유희관,두산,1.43,64.2,5.95,6.31,-0.21,-0.43,7.3,7.6,0.384,0.431,0.563,0.994
2021,김민규,두산,1.44,67.1,5.73,5.89,-0.21,0.01,14.9,10.7,0.282,0.366,0.445,0.811
2021,서동민,SSG,1.71,78.9,6.03,6.07,-0.22,0.11,20.3,14.4,0.273,0.385,0.485,0.869
2021,정인욱,한화,1.93,75.8,8.05,8.57,-0.23,-0.05,13.6,22.7,0.176,0.364,0.382,0.746
2021,이형범,두산,0.0,75.0,8.58,9.7,-0.23,-0.06,12.5,31.2,0.2,0.5,0.2,0.7
2021,남지민,한화,1.23,73.9,8.38,9.3,-0.24,-0.02,7.3,17.1,0.29,0.463,0.452,0.915
2021,강윤구,롯데,1.69,66.0,6.52,6.66,-0.25,-0.24,19.0,17.7,0.328,0.456,0.531,0.987
2021,박준표,KIA,0.84,69.0,5.86,6.29,-0.26,-0.28,11.4,10.8,0.326,0.436,0.481,0.917
2021,장원준,두산,0.48,64.8,6.39,7.05,-0.27,0.03,8.4,18.9,0.29,0.444,0.377,0.821
2021,이정현,KT,3.12,62.5,9.33,10.06,-0.27,-0.23,2.6,13.2,0.364,0.447,0.727,1.175
2021,김동혁,키움,0.55,66.2,5.0,5.4,-0.27,0.25,8.2,9.3,0.29,0.378,0.407,0.786
2021,김성민,키움,0.77,80.4,5.41,5.64,-0.27,1.11,16.5,16.1,0.251,0.393,0.363,0.755
2021,노경은,롯데,1.76,62.2,6.12,6.31,-0.27,-0.72,13.0,8.9,0.333,0.401,0.549,0.949
2021,구준범,삼성,9.0,31.2,21.33,22.9,-0.3,-0.27,8.3,25.0,0.25,0.5,1.0,1.5
2021,이재익,삼성,0.9,78.7,6.93,7.55,-0.31,-0.05,9.8,23.5,0.297,0.451,0.378,0.829
2021,김정인,키움,1.71,61.4,6.36,6.6,-0.31,-0.14,13.9,11.9,0.264,0.36,0.465,0.825
2021,이승관,한화,1.59,27.3,12.33,13.7,-0.33,-1.0,11.4,36.4,0.423,0.628,0.731,1.359
2021,최용준,KIA,4.26,60.8,11.39,11.87,-0.33,-0.38,15.4,17.9,0.355,0.487,0.839,1.326
2021,서덕원,KIA,1.93,54.7,5.94,5.98,-0.33,-0.47,16.2,9.5,0.277,0.342,0.515,0.858
2021,이민우,KIA,1.26,59.3,6.07,6.44,-0.34,-0.59,10.2,11.3,0.329,0.415,0.506,0.921
2021,이승진,두산,0.56,71.6,4.91,5.17,-0.34,0.72,13.3,14.8,0.238,0.357,0.308,0.666
2021,김이환,한화,0.69,65.2,6.33,6.9,-0.36,-0.15,9.8,16.7,0.308,0.443,0.413,0.856
2021,문경찬,NC,1.74,68.3,6.08,6.16,-0.37,-0.09,17.6,14.1,0.207,0.319,0.405,0.724
2021,최금강,NC,1.29,80.2,5.44,5.49,-0.39,0.2,19.4,13.2,0.274,0.375,0.443,0.818
2021,이보근,KT,3.27,51.0,8.33,8.49,-0.4,-0.94,13.2,10.3,0.467,0.522,0.733,1.256
2021,신정락,한화,1.35,49.0,6.28,6.58,-0.46,-1.31,13.7,14.7,0.333,0.439,0.56,0.999
2021,이승재,KIA,1.88,67.5,7.25,7.61,-0.46,-0.12,14.4,15.3,0.286,0.412,0.473,0.885
2021,정수민,SSG,1.78,70.9,7.12,7.46,-0.48,0.01,14.6,17.9,0.281,0.411,0.488,0.898
2021,김현수,KIA,1.58,62.5,6.99,7.42,-0.51,-0.24,11.8,15.7,0.305,0.423,0.519,0.942
2021,이영하,두산,1.03,64.1,5.68,5.94,-0.52,0.38,14.6,15.7,0.273,0.387,0.424,0.811
2021,김정빈,SSG,2.6,64.9,8.81,9.09,-0.53,-0.52,22.8,21.7,0.303,0.484,0.545,1.029
2021,이상영,LG,1.26,76.7,6.35,6.74,-0.65,0.54,13.2,14.0,0.259,0.389,0.416,0.806
2021,박진태,KIA,0.83,67.2,5.41,5.67,-0.65,-0.05,14.8,11.8,0.272,0.386,0.388,0.774
2021,이건욱,SSG,2.84,65.8,11.39,12.48,-0.67,-0.53,6.9,26.4,0.333,0.507,0.667,1.174
2021,장민기,KIA,0.39,78.5,6.25,6.67,-0.7,0.06,19.3,25.4,0.169,0.411,0.247,0.657
2021,김유신,KIA,1.82,62.6,6.94,7.32,-0.91,-0.67,11.6,14.1,0.3,0.402,0.524,0.925
