player_id,player_name,uniform_number,birth_date,position,throws_hand,bats_side,bat_throw,height_cm,weight_kg,source_tables,name_conflict,source_url,crawl_status,error_message
50030,소형준,30,2001-09-16,투수,R,R,우투우타,189,92,defense|pitcher,,https://www.koreabaseball.com/Record/Player/HitterDetail/Basic.aspx?playerId=50030,success,
50054,천성호,53,1997-10-30,내야수,R,L,우투좌타,183,85,defense|hitter|runner,,https://www.koreabaseball.com/Record/Player/HitterDetail/Basic.aspx?playerId=50054,success,
50066,강현우,55,2001-04-13,포수,R,R,우투우타,180,90,defense|hitter|runner,,https://www.koreabaseball.com/Record/Player/HitterDetail/Basic.aspx?playerId=50066,success,
50092,윤준혁,31,2001-07-26,내야수,R,R,우투우타,186,86,defense|hitter|runner,,https://www.koreabaseball.com/Record/Player/HitterDetail/Basic.aspx?playerId=50092,success,
50106,유영찬,54,1997-03-07,투수,R,L,우투좌타,185,90,defense|pitcher,,https://www.koreabaseball.com/Record/Player/HitterDetail/Basic.aspx?playerId=50106,success,
50150,손호영,33,1994-08-23,외야수,R,R,우투우타,182,88,defense|hitter|runner,,https://www.koreabaseball.com/Record/Player/HitterDetail/Basic.aspx?playerId=50150,success,
50157,김윤식,47,2000-04-03,투수,L,L,좌투좌타,181,83,defense|pitcher,,https://www.koreabaseball.com/Record/Player/HitterDetail/Basic.aspx?playerId=50157,success,
50167,이주형,2,2001-04-02,외야수,R,L,우투좌타,181,80,defense|hitter|runner,,https://www.koreabaseball.com/Record/Player/HitterDetail/Basic.aspx?playerId=50167,success,
50204,박지훈,37,2000-09-07,내야수,R,R,우투우타,183,80,defense|hitter|runner,,https://www.koreabaseball.com/Record/Player/HitterDetail/Basic.aspx?playerId=50204,success,
50208,오명진,6,2001-09-04,내야수,R,L,우투좌타,179,79,defense|hitter|runner,,https://www.koreabaseball.com/Record/Player/HitterDetail/Basic.aspx?playerId=50208,success,
50234,플렉센,,1994-07-01,투수,R,R,우투우타,190,99,defense|pitcher,,https://www.koreabaseball.com/Record/Player/HitterDetail/Basic.aspx?playerId=50234,success,
50357,박주홍,57,2001-04-16,외야수,L,L,좌투좌타,187,87,defense|hitter|runner,,https://www.koreabaseball.com/Record/Player/HitterDetail/Basic.aspx?playerId=50357,success,
50458,김지찬,58,2001-03-08,외야수,R,L,우투좌타,163,64,defense|hitter|runner,,https://www.koreabaseball.com/Record/Player/HitterDetail/Basic.aspx?playerId=50458,success,
50464,이승민,28,2000-08-26,투수,L,L,좌투좌타,174,79,defense|pitcher,,https://www.koreabaseball.com/Record/Player/HitterDetail/Basic.aspx?playerId=50464,success,
50500,황성빈,0,1997-12-19,외야수,R,L,우투좌타,172,76,defense|hitter|runner,,https://www.koreabaseball.com/Record/Player/HitterDetail/Basic.aspx?playerId=50500,success,
50556,최준용,56,2001-10-10,투수,R,R,우투우타,185,85,defense|hitter|pitcher|runner,,https://www.koreabaseball.com/Record/Player/HitterDetail/Basic.aspx?playerId=50556,success,
50641,장재혁,38,2001-08-02,투수,R,R,우투우타,180,86,defense|pitcher,,https://www.koreabaseball.com/Record/Player/HitterDetail/Basic.aspx?playerId=50641,success,
50657,박민,2,2001-06-05,내야수,R,R,우투우타,184,84,defense|hitter|runner,,https://www.koreabaseball.com/Record/Player/HitterDetail/Basic.aspx?playerId=50657,success,
50662,정해영,62,2001-08-23,투수,R,R,우투우타,189,98,defense|pitcher,,https://www.koreabaseball.com/Record/Player/HitterDetail/Basic.aspx?playerId=50662,success,
50705,강재민,55,1997-04-03,투수,R,R,우언우타,180,89,defense|pitcher,,https://www.koreabaseball.com/Record/Player/HitterDetail/Basic.aspx?playerId=50705,success,
50707,최인호,41,2000-01-30,외야수,R,L,우투좌타,178,82,defense|hitter|runner,,https://www.koreabaseball.com/Record/Player/HitterDetail/Basic.aspx?playerId=50707,success,
50709,박정현,63,2001-07-27,내야수,R,R,우투우타,183,80,defense|hitter|runner,,https://www.koreabaseball.com/Record/Player/HitterDetail/Basic.aspx?playerId=50709,success,
50710,김범준,40,2000-09-30,투수,R,R,우투우타,175,79,defense|pitcher,,https://www.koreabaseball.com/Record/Player/HitterDetail/Basic.aspx?playerId=50710,success,
50812,박시후,57,2001-05-10,투수,L,L,좌투좌타,182,88,defense|hitter|pitcher|runner,,https://www.koreabaseball.com/Record/Player/HitterDetail/Basic.aspx?playerId=50812,success,
50854,최지훈,54,1997-07-23,외야수,R,L,우투좌타,178,82,defense|hitter|runner,,https://www.koreabaseball.com/Record/Player/HitterDetail/Basic.aspx?playerId=50854,success,
50859,오원석,47,2001-04-23,투수,L,L,좌투좌타,182,80,defense|pitcher,,https://www.koreabaseball.com/Record/Player/HitterDetail/Basic.aspx?playerId=50859,success,
50868,류효승,45,1996-07-16,외야수,R,R,우투우타,190,100,defense|hitter|runner,,https://www.koreabaseball.com/Record/Player/HitterDetail/Basic.aspx?playerId=50868,success,
50902,김한별,13,2001-01-18,내야수,R,R,우투우타,177,85,defense|hitter|runner,,https://www.koreabaseball.com/Record/Player/HitterDetail/Basic.aspx?playerId=50902,success,
50903,한재환,35,2001-10-19,내야수,R,R,우투우타,177,89,defense|hitter|runner,,https://www.koreabaseball.com/Record/Player/HitterDetail/Basic.aspx?playerId=50903,success,
50904,이종준,40,2001-03-09,투수,R,R,우투우타,191,93,defense|pitcher,,https://www.koreabaseball.com/Record/Player/HitterDetail/Basic.aspx?playerId=50904,success,
50992,김태경,60,2001-04-07,투수,R,R,우투우타,188,95,defense|pitcher,,https://www.koreabaseball.com/Record/Player/HitterDetail/Basic.aspx?playerId=50992,success,
50996,박시원,53,2001-05-30,외야수,R,L,우투좌타,185,85,defense|hitter|runner,,https://www.koreabaseball.com/Record/Player/HitterDetail/Basic.aspx?playerId=50996,success,
51003,권동진,52,1998-09-12,내야수,R,L,우투좌타,178,83,defense|hitter|runner,,https://www.koreabaseball.com/Record/Player/HitterDetail/Basic.aspx?playerId=51003,success,
51013,유준규,67,2002-08-16,외야수,R,L,우투좌타,176,69,defense|hitter|runner,,https://www.koreabaseball.com/Record/Player/HitterDetail/Basic.aspx?playerId=51013,success,
51100,이영빈,7,2002-06-17,내야수,R,L,우투좌타,182,82,defense|hitter|runner,,https://www.koreabaseball.com/Record/Player/HitterDetail/Basic.aspx?playerId=51100,success,
51111,송승기,13,2002-04-10,투수,L,L,좌투좌타,181,90,defense|pitcher,,https://www.koreabaseball.com/Record/Player/HitterDetail/Basic.aspx?playerId=51111,success,
51154,김진수,45,1998-08-31,투수,R,R,우투우타,179,82,defense|pitcher,,https://www.koreabaseball.com/Record/Player/HitterDetail/Basic.aspx?playerId=51154,success,
51203,안재석,62,2002-02-15,내야수,R,L,우투좌타,185,75,defense|hitter|runner,,https://www.koreabaseball.com/Record/Player/HitterDetail/Basic.aspx?playerId=51203,success,
51264,최승용,28,2001-05-11,투수,L,L,좌투좌타,190,87,defense|pitcher,,https://www.koreabaseball.com/Record/Player/HitterDetail/Basic.aspx?playerId=51264,success,
51301,김성진,21,1997-11-14,투수,R,L,우투좌타,183,77,defense|pitcher,,https://www.koreabaseball.com/Record/Player/HitterDetail/Basic.aspx?playerId=51301,success,
51302,이주형,58,2002-07-05,내야수,L,L,좌투좌타,183,105,defense|hitter|runner,,https://www.koreabaseball.com/Record/Player/HitterDetail/Basic.aspx?playerId=51302,success,
51344,김휘집,44,2002-01-01,내야수,R,R,우투우타,180,92,defense|hitter|runner,,https://www.koreabaseball.com/Record/Player/HitterDetail/Basic.aspx?playerId=51344,success,
51454,이승현,57,2002-05-19,투수,L,L,좌투좌타,183,102,defense|pitcher,,https://www.koreabaseball.com/Record/Player/HitterDetail/Basic.aspx?playerId=51454,success,
51516,김진욱,15,2002-07-05,투수,L,L,좌투좌타,185,90,defense|pitcher,,https://www.koreabaseball.com/Record/Player/HitterDetail/Basic.aspx?playerId=51516,success,
51526,우강훈,20,2002-10-03,투수,R,R,우언우타,183,88,defense|hitter|pitcher|runner,,https://www.koreabaseball.com/Record/Player/HitterDetail/Basic.aspx?playerId=51526,success,
51528,손성빈,28,2002-01-14,포수,R,R,우투우타,186,92,defense|hitter|runner,,https://www.koreabaseball.com/Record/Player/HitterDetail/Basic.aspx?playerId=51528,success,
51551,나승엽,51,2002-02-15,내야수,R,L,우투좌타,190,82,defense|hitter|runner,,https://www.koreabaseball.com/Record/Player/HitterDetail/Basic.aspx?playerId=51551,success,
51648,이의리,48,2002-06-16,투수,L,L,좌투좌타,185,90,defense|pitcher,,https://www.koreabaseball.com/Record/Player/HitterDetail/Basic.aspx?playerId=51648,success,
51702,이준기,90,2002-05-19,투수,R,R,우투우타,180,86,defense|pitcher,,https://www.koreabaseball.com/Record/Player/HitterDetail/Basic.aspx?playerId=51702,success,
51761,배동현,61,1998-03-16,투수,R,L,우투좌타,183,85,defense|pitcher,,https://www.koreabaseball.com/Record/Player/HitterDetail/Basic.aspx?playerId=51761,success,
51762,장규현,32,2002-06-28,포수,R,L,우투좌타,183,96,hitter|runner,,https://www.koreabaseball.com/Record/Player/HitterDetail/Basic.aspx?playerId=51762,success,
51865,조형우,20,2002-04-04,포수,R,R,우투우타,187,95,defense|hitter|runner,,https://www.koreabaseball.com/Record/Player/HitterDetail/Basic.aspx?playerId=51865,success,
51867,김건우,39,2002-07-12,투수,L,L,좌투좌타,186,88,defense|pitcher,,https://www.koreabaseball.com/Record/Player/HitterDetail/Basic.aspx?playerId=51867,success,
51868,고명준,18,2002-07-08,내야수,R,R,우투우타,185,94,defense|hitter|runner,,https://www.koreabaseball.com/Record/Player/HitterDetail/Basic.aspx?playerId=51868,success,
51895,장지훈,21,1998-12-06,투수,R,R,우투우타,177,78,defense|pitcher,,https://www.koreabaseball.com/Record/Player/HitterDetail/Basic.aspx?playerId=51895,success,
51897,조병현,19,2002-05-08,투수,R,R,우투우타,182,90,defense|hitter|pitcher|runner,,https://www.koreabaseball.com/Record/Player/HitterDetail/Basic.aspx?playerId=51897,success,
51903,김정호,42,1998-07-13,포수,R,R,우투우타,172,84,defense|hitter|runner,,https://www.koreabaseball.com/Record/Player/HitterDetail/Basic.aspx?playerId=51903,success,
51907,김주원,7,2002-07-30,내야수,R,S,우투양타,185,83,defense|hitter|runner,,https://www.koreabaseball.com/Record/Player/HitterDetail/Basic.aspx?playerId=51907,success,
51991,오장한,65,2002-05-20,외야수,R,L,우투좌타,185,90,defense|hitter|runner,,https://www.koreabaseball.com/Record/Player/HitterDetail/Basic.aspx?playerId=51991,success,
51994,한재승,55,2001-11-21,투수,R,R,우투우타,180,90,defense|pitcher,,https://www.koreabaseball.com/Record/Player/HitterDetail/Basic.aspx?playerId=51994,success,
51996,오태양,6,2002-04-25,내야수,R,R,우투우타,180,78,defense|hitter|runner,,https://www.koreabaseball.com/Record/Player/HitterDetail/Basic.aspx?playerId=51996,success,
52001,안현민,23,2003-08-22,외야수,R,R,우투우타,183,90,defense|hitter|runner,,https://www.koreabaseball.com/Record/Player/HitterDetail/Basic.aspx?playerId=52001,success,
52043,벤자민,48,1993-07-26,투수,L,L,좌투좌타,188,95,defense|pitcher,,https://www.koreabaseball.com/Record/Player/HitterDetail/Basic.aspx?playerId=52043,success,
52060,박영현,60,2003-10-11,투수,R,R,우투우타,183,91,defense|hitter|pitcher|runner,,https://www.koreabaseball.com/Record/Player/HitterDetail/Basic.aspx?playerId=52060,success,
52103,최원영,3,2003-07-18,외야수,R,R,우투우타,174,76,defense|hitter|runner,,https://www.koreabaseball.com/Record/Player/HitterDetail/Basic.aspx?playerId=52103,success,
52154,이주헌,63,2003-03-04,포수,R,R,우투우타,185,92,defense|hitter|runner,,https://www.koreabaseball.com/Record/Player/HitterDetail/Basic.aspx?playerId=52154,success,
52202,윤태호,65,2003-10-10,투수,R,R,우투우타,190,88,defense|hitter|pitcher|runner,,https://www.koreabaseball.com/Record/Player/HitterDetail/Basic.aspx?playerId=52202,success,
52204,이병헌,29,2003-06-04,투수,L,L,좌투좌타,183,95,defense|pitcher,,https://www.koreabaseball.com/Record/Player/HitterDetail/Basic.aspx?playerId=52204,success,
52206,최지강,42,2001-07-23,투수,R,L,우투좌타,180,88,defense|pitcher,,https://www.koreabaseball.com/Record/Player/HitterDetail/Basic.aspx?playerId=52206,success,
52305,박수종,87,1999-02-25,외야수,R,R,우투우타,178,82,defense|hitter|runner,,https://www.koreabaseball.com/Record/Player/HitterDetail/Basic.aspx?playerId=52305,success,
52348,박찬혁,43,2003-04-25,외야수,R,R,우투우타,181,87,defense|hitter|runner,,https://www.koreabaseball.com/Record/Player/HitterDetail/Basic.aspx?playerId=52348,success,
52395,윤석원,95,2003-07-04,투수,L,L,좌투좌타,185,81,defense|pitcher,,https://www.koreabaseball.com/Record/Player/HitterDetail/Basic.aspx?playerId=52395,success,
52415,이재현,7,2003-02-04,내야수,R,R,우투우타,180,82,defense|hitter|runner,,https://www.koreabaseball.com/Record/Player/HitterDetail/Basic.aspx?playerId=52415,success,
52424,김재혁,8,1999-12-26,외야수,R,R,우투우타,182,85,defense|hitter|runner,,https://www.koreabaseball.com/Record/Player/HitterDetail/Basic.aspx?playerId=52424,success,
52430,김영웅,30,2003-08-24,내야수,R,L,우투좌타,183,81,defense|hitter|runner,,https://www.koreabaseball.com/Record/Player/HitterDetail/Basic.aspx?playerId=52430,success,
52514,김세민,5,2003-06-14,내야수,R,R,우투우타,183,78,defense|hitter|runner,,https://www.koreabaseball.com/Record/Player/HitterDetail/Basic.aspx?playerId=52514,success,
52530,이민석,37,2003-12-10,투수,R,R,우투우타,189,95,defense|pitcher,,https://www.koreabaseball.com/Record/Player/HitterDetail/Basic.aspx?playerId=52530,success,
52568,한태양,6,2003-09-15,내야수,R,R,우투우타,181,76,defense|hitter|runner,,https://www.koreabaseball.com/Record/Player/HitterDetail/Basic.aspx?playerId=52568,success,
52591,윤동희,91,2003-09-18,외야수,R,R,우투우타,187,85,defense|hitter|runner,,https://www.koreabaseball.com/Record/Player/HitterDetail/Basic.aspx?playerId=52591,success,
52605,김도영,5,2003-10-02,내야수,R,R,우투우타,183,85,defense|hitter|runner,,https://www.koreabaseball.com/Record/Player/HitterDetail/Basic.aspx?playerId=52605,success,
52628,한승연,31,2003-06-09,외야수,R,R,우투우타,183,92,defense|hitter|runner,,https://www.koreabaseball.com/Record/Player/HitterDetail/Basic.aspx?playerId=52628,success,
52634,박상준,50,2001-08-21,내야수,L,L,좌투좌타,178,104,defense|hitter|runner,,https://www.koreabaseball.com/Record/Player/HitterDetail/Basic.aspx?playerId=52634,success,
52639,최지민,39,2003-09-10,투수,L,L,좌투좌타,185,100,defense|pitcher,,https://www.koreabaseball.com/Record/Player/HitterDetail/Basic.aspx?playerId=52639,success,
52641,황동하,41,2002-07-30,투수,R,R,우투우타,183,96,defense|pitcher,,https://www.koreabaseball.com/Record/Player/HitterDetail/Basic.aspx?playerId=52641,success,
52667,윤도현,16,2003-05-07,내야수,R,R,우투우타,181,84,defense|hitter|runner,,https://www.koreabaseball.com/Record/Player/HitterDetail/Basic.aspx?playerId=52667,success,
52701,문동주,1,2003-12-23,투수,R,R,우투우타,188,97,defense|pitcher,,https://www.koreabaseball.com/Record/Player/HitterDetail/Basic.aspx?playerId=52701,success,
52731,박준영,96,2003-03-02,투수,R,R,우투우타,190,103,defense|pitcher,,https://www.koreabaseball.com/Record/Player/HitterDetail/Basic.aspx?playerId=52731,success,
52764,허인서,59,2003-07-11,포수,R,R,우투우타,182,93,defense|hitter|runner,,https://www.koreabaseball.com/Record/Player/HitterDetail/Basic.aspx?playerId=52764,success,
52804,석정우,52,1999-01-20,내야수,R,R,우투우타,180,82,defense|hitter|runner,,https://www.koreabaseball.com/Record/Player/HitterDetail/Basic.aspx?playerId=52804,success,
52807,임근우,63,1999-07-22,외야수,R,R,우투우타,180,88,hitter|runner,,https://www.koreabaseball.com/Record/Player/HitterDetail/Basic.aspx?playerId=52807,success,
52809,전영준,28,2002-04-16,투수,R,R,우투우타,190,100,defense|hitter|pitcher|runner,,https://www.koreabaseball.com/Record/Player/HitterDetail/Basic.aspx?playerId=52809,success,
52844,김도현,61,2003-05-24,투수,R,R,우투우타,179,89,defense|pitcher,,https://www.koreabaseball.com/Record/Player/HitterDetail/Basic.aspx?playerId=52844,success,
52868,이기순,4,2003-05-14,투수,L,L,좌투좌타,174,74,defense|hitter|pitcher|runner,,https://www.koreabaseball.com/Record/Player/HitterDetail/Basic.aspx?playerId=52868,success,
52902,임지민,19,2003-10-11,투수,R,R,우투우타,185,82,defense|pitcher,,https://www.koreabaseball.com/Record/Player/HitterDetail/Basic.aspx?playerId=52902,success,
52992,이준혁,40,2003-06-30,투수,R,R,우투우타,184,87,defense|pitcher,,https://www.koreabaseball.com/Record/Player/HitterDetail/Basic.aspx?playerId=52992,success,
53029,김정운,61,2004-04-21,투수,R,R,우언우타,184,84,defense|hitter|pitcher|runner,,https://www.koreabaseball.com/Record/Player/HitterDetail/Basic.aspx?playerId=53029,success,
53036,류현인,9,2000-11-08,내야수,R,L,우투좌타,174,80,defense|hitter|runner,,https://www.koreabaseball.com/Record/Player/HitterDetail/Basic.aspx?playerId=53036,success,
53103,강민균,00,2000-07-17,내야수,R,R,우투우타,178,81,hitter|runner,,https://www.koreabaseball.com/Record/Player/HitterDetail/Basic.aspx?playerId=53103,success,
53123,오스틴,23,1993-10-14,내야수,R,R,우투우타,183,97,defense|hitter|runner,,https://www.koreabaseball.com/Record/Player/HitterDetail/Basic.aspx?playerId=53123,success,
53164,김동규,99,2004-07-09,투수,R,R,우투우타,194,100,defense|pitcher,,https://www.koreabaseball.com/Record/Player/HitterDetail/Basic.aspx?playerId=53164,success,
53259,최준호,59,2004-06-03,투수,R,R,우투우타,188,90,defense|pitcher,,https://www.koreabaseball.com/Record/Player/HitterDetail/Basic.aspx?playerId=53259,success,
53296,윤준호,27,2000-11-14,포수,R,R,우투우타,179,90,defense|hitter|runner,,https://www.koreabaseball.com/Record/Player/HitterDetail/Basic.aspx?playerId=53296,success,
53301,박윤성,,2004-02-08,투수,R,R,우투우타,183,96,defense|pitcher,,https://www.koreabaseball.com/Record/Player/HitterDetail/Basic.aspx?playerId=53301,success,
53305,박성빈,56,2004-04-21,포수,R,R,우투우타,177,94,defense|hitter|runner,,https://www.koreabaseball.com/Record/Player/HitterDetail/Basic.aspx?playerId=53305,success,
53312,김건희,12,2004-11-07,포수,R,R,우투우타,186,96,defense|hitter|runner,,https://www.koreabaseball.com/Record/Player/HitterDetail/Basic.aspx?playerId=53312,success,
53344,김동헌,44,2004-07-15,포수,R,R,우투우타,182,91,defense|hitter|runner,,https://www.koreabaseball.com/Record/Player/HitterDetail/Basic.aspx?playerId=53344,success,
53375,후라도,75,1996-01-30,투수,R,R,우투우타,188,109,defense|pitcher,,https://www.koreabaseball.com/Record/Player/HitterDetail/Basic.aspx?playerId=53375,success,
53400,김재상,14,2004-07-26,내야수,R,L,우투좌타,180,81,defense|hitter|runner,,https://www.koreabaseball.com/Record/Player/HitterDetail/Basic.aspx?playerId=53400,success,
53404,류승민,14,2004-10-11,외야수,L,L,좌투좌타,185,90,hitter|runner,,https://www.koreabaseball.com/Record/Player/HitterDetail/Basic.aspx?playerId=53404,success,
53554,김민석,2,2004-05-09,외야수,R,L,우투좌타,185,83,defense|hitter|runner,,https://www.koreabaseball.com/Record/Player/HitterDetail/Basic.aspx?playerId=53554,success,
53706,박재규,39,2003-07-03,투수,R,R,우투우타,181,83,defense|pitcher,,https://www.koreabaseball.com/Record/Player/HitterDetail/Basic.aspx?playerId=53706,success,
53754,김서현,44,2004-05-31,투수,R,R,우투우타,188,86,defense|hitter|pitcher|runner,,https://www.koreabaseball.com/Record/Player/HitterDetail/Basic.aspx?playerId=53754,success,
53764,문현빈,51,2004-04-20,외야수,R,L,우투좌타,174,82,defense|hitter|runner,,https://www.koreabaseball.com/Record/Player/HitterDetail/Basic.aspx?playerId=53764,success,
53827,에레디아,27,1991-01-31,외야수,L,R,좌투우타,178,88,defense|hitter|runner,,https://www.koreabaseball.com/Record/Player/HitterDetail/Basic.aspx?playerId=53827,success,
53865,김정민,48,2004-03-07,외야수,L,L,좌투좌타,180,75,defense|hitter|runner,,https://www.koreabaseball.com/Record/Player/HitterDetail/Basic.aspx?playerId=53865,success,
53892,이로운,92,2004-09-11,투수,R,R,우투우타,185,105,defense|pitcher,,https://www.koreabaseball.com/Record/Player/HitterDetail/Basic.aspx?playerId=53892,success,
53893,김민준,5,2004-03-20,내야수,R,R,우투우타,181,78,defense|hitter|runner,,https://www.koreabaseball.com/Record/Player/HitterDetail/Basic.aspx?playerId=53893,success,
53919,신영우,43,2004-04-21,투수,R,R,우투우타,182,84,defense|pitcher,,https://www.koreabaseball.com/Record/Player/HitterDetail/Basic.aspx?playerId=53919,success,
53973,목지훈,,2004-05-11,투수,R,R,우투우타,181,83,defense|pitcher,,https://www.koreabaseball.com/Record/Player/HitterDetail/Basic.aspx?playerId=53973,success,
53989,신성호,12,2003-09-28,내야수,R,R,우투우타,178,76,defense|hitter|runner,,https://www.koreabaseball.com/Record/Player/HitterDetail/Basic.aspx?playerId=53989,success,
54097,김민석,44,2005-07-22,포수,R,R,우투우타,181,93,defense|hitter|runner,,https://www.koreabaseball.com/Record/Player/HitterDetail/Basic.aspx?playerId=54097,success,
54156,손용준,15,2000-02-15,내야수,R,R,우투우타,178,85,defense|hitter|runner,,https://www.koreabaseball.com/Record/Player/HitterDetail/Basic.aspx?playerId=54156,success,
54166,김현종,66,2004-08-04,외야수,R,R,우투우타,186,85,defense|hitter|runner,,https://www.koreabaseball.com/Record/Player/HitterDetail/Basic.aspx?playerId=54166,success,
54236,임종성,3,2005-03-03,내야수,R,R,우투우타,183,90,defense|hitter|runner,,https://www.koreabaseball.com/Record/Player/HitterDetail/Basic.aspx?playerId=54236,success,
54263,김택연,63,2005-06-03,투수,R,R,우투우타,181,88,defense|pitcher,,https://www.koreabaseball.com/Record/Player/HitterDetail/Basic.aspx?playerId=54263,success,
54362,전준표,62,2005-05-07,투수,R,R,우투우타,186,90,defense|pitcher,,https://www.koreabaseball.com/Record/Player/HitterDetail/Basic.aspx?playerId=54362,success,
54368,김연주,68,2004-02-27,투수,R,R,우투우타,175,75,defense|pitcher,,https://www.koreabaseball.com/Record/Player/HitterDetail/Basic.aspx?playerId=54368,success,
54394,송지후,86,2005-01-08,내야수,R,R,우투우타,175,74,defense|hitter|runner,,https://www.koreabaseball.com/Record/Player/HitterDetail/Basic.aspx?playerId=54394,success,
54400,디아즈,0,1996-11-19,내야수,L,L,좌투좌타,188,105,defense|hitter|runner,,https://www.koreabaseball.com/Record/Player/HitterDetail/Basic.aspx?playerId=54400,success,
54404,육선엽,4,2005-07-13,투수,R,R,우투우타,190,90,defense|pitcher,,https://www.koreabaseball.com/Record/Player/HitterDetail/Basic.aspx?playerId=54404,success,
54503,박준우,58,2005-05-27,투수,R,R,우투우타,190,94,defense|pitcher,,https://www.koreabaseball.com/Record/Player/HitterDetail/Basic.aspx?playerId=54503,success,
54529,레이예스,29,1994-10-05,외야수,R,S,우투양타,196,87,defense|hitter|runner,,https://www.koreabaseball.com/Record/Player/HitterDetail/Basic.aspx?playerId=54529,success,
54537,정현수,57,2001-05-10,투수,L,L,좌투좌타,180,84,defense|pitcher,,https://www.koreabaseball.com/Record/Player/HitterDetail/Basic.aspx?playerId=54537,success,
54598,이호준,30,2004-03-20,내야수,R,L,우투좌타,172,72,defense|hitter|runner,,https://www.koreabaseball.com/Record/Player/HitterDetail/Basic.aspx?playerId=54598,success,
54610,성영탁,65,2004-07-28,투수,R,R,우투우타,180,89,defense|pitcher,,https://www.koreabaseball.com/Record/Player/HitterDetail/Basic.aspx?playerId=54610,success,
54640,네일,40,1993-02-08,투수,R,R,우투우타,193,83,defense|pitcher,,https://www.koreabaseball.com/Record/Player/HitterDetail/Basic.aspx?playerId=54640,success,
54702,원종혁,48,2005-08-27,투수,R,R,우투우타,184,92,defense|pitcher,,https://www.koreabaseball.com/Record/Player/HitterDetail/Basic.aspx?playerId=54702,success,
54705,김도빈,46,2001-01-05,투수,R,R,우투우타,190,95,defense|pitcher,,https://www.koreabaseball.com/Record/Player/HitterDetail/Basic.aspx?playerId=54705,success,
54729,황준서,29,2005-08-22,투수,L,L,좌투좌타,185,78,defense|pitcher,,https://www.koreabaseball.com/Record/Player/HitterDetail/Basic.aspx?playerId=54729,success,
54730,페라자,30,1998-11-10,외야수,R,S,우투양타,175,88,defense|hitter|runner,,https://www.koreabaseball.com/Record/Player/HitterDetail/Basic.aspx?playerId=54730,success,
54768,조동욱,57,2004-11-02,투수,L,L,좌투좌타,190,82,defense|pitcher,,https://www.koreabaseball.com/Record/Player/HitterDetail/Basic.aspx?playerId=54768,success,
54795,황영묵,95,1999-10-16,내야수,R,L,우투좌타,177,80,defense|hitter|runner,,https://www.koreabaseball.com/Record/Player/HitterDetail/Basic.aspx?playerId=54795,success,
54812,정준재,3,2003-01-03,내야수,R,L,우투좌타,165,68,defense|hitter|runner,,https://www.koreabaseball.com/Record/Player/HitterDetail/Basic.aspx?playerId=54812,success,
54904,손주환,46,2002-01-05,투수,R,R,우투우타,177,85,defense|pitcher,,https://www.koreabaseball.com/Record/Player/HitterDetail/Basic.aspx?playerId=54904,success,
54906,원종해,63,2005-04-09,투수,R,R,우투우타,183,83,defense|pitcher,,https://www.koreabaseball.com/Record/Player/HitterDetail/Basic.aspx?playerId=54906,success,
54944,데이비슨,34,1991-03-26,내야수,R,R,우투우타,190,104,defense|hitter|runner,,https://www.koreabaseball.com/Record/Player/HitterDetail/Basic.aspx?playerId=54944,success,
55005,오서진,,2006-02-22,내야수,R,R,우투우타,188,80,defense|hitter|runner,,https://www.koreabaseball.com/Record/Player/HitterDetail/Basic.aspx?playerId=55005,success,
55121,박시원,58,2006-04-12,투수,R,R,우투우타,193,93,defense|pitcher,,https://www.koreabaseball.com/Record/Player/HitterDetail/Basic.aspx?playerId=55121,success,
55130,톨허스트,30,1999-09-13,투수,R,R,우투우타,193,86,defense|pitcher,,https://www.koreabaseball.com/Record/Player/HitterDetail/Basic.aspx?playerId=55130,success,
55146,치리노스,,1993-12-26,투수,R,R,우투우타,188,102,defense|pitcher,,https://www.koreabaseball.com/Record/Player/HitterDetail/Basic.aspx?playerId=55146,success,
55167,김영우,67,2005-01-14,투수,R,R,우투우타,185,90,defense|pitcher,,https://www.koreabaseball.com/Record/Player/HitterDetail/Basic.aspx?playerId=55167,success,
55215,양재훈,30,2003-05-01,투수,R,R,우투우타,186,89,defense|hitter|pitcher|runner,,https://www.koreabaseball.com/Record/Player/HitterDetail/Basic.aspx?playerId=55215,success,
55239,잭로그,39,1996-04-23,투수,L,L,좌투좌타,183,84,defense|pitcher,,https://www.koreabaseball.com/Record/Player/HitterDetail/Basic.aspx?playerId=55239,success,
55252,박준순,52,2006-07-13,내야수,R,R,우투우타,180,80,defense|hitter|runner,,https://www.koreabaseball.com/Record/Player/HitterDetail/Basic.aspx?playerId=55252,success,
55267,홍민규,67,2006-09-11,투수,R,L,우투좌타,183,87,defense|hitter|pitcher|runner,,https://www.koreabaseball.com/Record/Player/HitterDetail/Basic.aspx?playerId=55267,success,
55268,최민석,68,2006-07-02,투수,R,R,우투우타,188,84,defense|pitcher,,https://www.koreabaseball.com/Record/Player/HitterDetail/Basic.aspx?playerId=55268,success,
55301,이준우,42,2001-03-02,투수,R,R,우투우타,183,93,defense|pitcher,,https://www.koreabaseball.com/Record/Player/HitterDetail/Basic.aspx?playerId=55301,success,
55313,정현우,13,2006-04-13,투수,L,L,좌투좌타,181,91,defense|pitcher,,https://www.koreabaseball.com/Record/Player/HitterDetail/Basic.aspx?playerId=55313,success,
55339,염승원,39,2006-03-20,내야수,R,L,우투좌타,180,78,defense|hitter|runner,,https://www.koreabaseball.com/Record/Player/HitterDetail/Basic.aspx?playerId=55339,success,
55348,웰스,,1997-02-27,투수,L,L,좌투좌타,185,83,defense|pitcher,,https://www.koreabaseball.com/Record/Player/HitterDetail/Basic.aspx?playerId=55348,success,
55359,김서준,59,2006-12-22,투수,R,L,우투좌타,187,83,defense|pitcher,,https://www.koreabaseball.com/Record/Player/HitterDetail/Basic.aspx?playerId=55359,success,
55370,양현종,60,2006-08-15,내야수,R,R,우투우타,177,84,defense|hitter|runner,,https://www.koreabaseball.com/Record/Player/HitterDetail/Basic.aspx?playerId=55370,success,
55371,권혁빈,00,2005-11-04,내야수,R,R,우투우타,185,75,defense|hitter|runner,,https://www.koreabaseball.com/Record/Player/HitterDetail/Basic.aspx?playerId=55371,success,
55377,정세영,64,2006-09-23,투수,L,L,좌투좌타,177,82,defense|pitcher,,https://www.koreabaseball.com/Record/Player/HitterDetail/Basic.aspx?playerId=55377,success,
55392,어준서,92,2006-11-27,내야수,R,L,우투좌타,183,87,defense|hitter|runner,,https://www.koreabaseball.com/Record/Player/HitterDetail/Basic.aspx?playerId=55392,success,
55394,박정훈,94,2006-03-23,투수,L,L,좌투좌타,192,103,defense|pitcher,,https://www.koreabaseball.com/Record/Player/HitterDetail/Basic.aspx?playerId=55394,success,
55397,전태현,97,2006-03-02,내야수,R,L,우투좌타,180,82,defense|hitter|runner,,https://www.koreabaseball.com/Record/Player/HitterDetail/Basic.aspx?playerId=55397,success,
55425,김상준,56,2002-12-30,내야수,R,L,우투좌타,176,75,defense|hitter|runner,,https://www.koreabaseball.com/Record/Player/HitterDetail/Basic.aspx?playerId=55425,success,
55435,차승준,35,2006-11-20,내야수,R,L,우투좌타,181,88,hitter|runner,,https://www.koreabaseball.com/Record/Player/HitterDetail/Basic.aspx?playerId=55435,success,
55438,심재훈,6,2006-03-03,내야수,R,R,우투우타,180,80,defense|hitter|runner,,https://www.koreabaseball.com/Record/Player/HitterDetail/Basic.aspx?playerId=55438,success,
55440,함수호,40,2006-03-10,외야수,L,L,좌투좌타,181,88,defense|hitter|runner,,https://www.koreabaseball.com/Record/Player/HitterDetail/Basic.aspx?playerId=55440,success,
55455,배찬승,55,2006-01-01,투수,L,L,좌투좌타,180,85,defense|pitcher,,https://www.koreabaseball.com/Record/Player/HitterDetail/Basic.aspx?playerId=55455,success,
55502,김동현,64,2004-12-30,외야수,R,L,우투좌타,185,100,hitter|runner,,https://www.koreabaseball.com/Record/Player/HitterDetail/Basic.aspx?playerId=55502,success,
55503,이영재,40,2006-10-20,투수,L,L,좌투좌타,180,71,defense|pitcher,,https://www.koreabaseball.com/Record/Player/HitterDetail/Basic.aspx?playerId=55503,success,
55610,김태형,10,2006-12-15,투수,R,R,우투우타,184,95,defense|pitcher,,https://www.koreabaseball.com/Record/Player/HitterDetail/Basic.aspx?playerId=55610,success,
55633,올러,33,1994-10-17,투수,R,R,우투우타,193,102,defense|pitcher,,https://www.koreabaseball.com/Record/Player/HitterDetail/Basic.aspx?playerId=55633,success,
55636,박재현,15,2006-12-08,외야수,R,L,우투좌타,180,73,defense|hitter|runner,,https://www.koreabaseball.com/Record/Player/HitterDetail/Basic.aspx?playerId=55636,success,
55743,정우주,61,2006-11-07,투수,R,R,우투우타,184,88,defense|pitcher,,https://www.koreabaseball.com/Record/Player/HitterDetail/Basic.aspx?playerId=55743,success,
55764,권민규,64,2006-05-13,투수,L,L,좌투좌타,188,90,defense|pitcher,,https://www.koreabaseball.com/Record/Player/HitterDetail/Basic.aspx?playerId=55764,success,
55855,화이트,,1994-12-28,투수,R,R,우투우타,190,95,defense|pitcher,,https://www.koreabaseball.com/Record/Player/HitterDetail/Basic.aspx?playerId=55855,success,
55897,홍대인,97,2001-11-23,내야수,R,L,우투좌타,174,76,defense|hitter|runner,,https://www.koreabaseball.com/Record/Player/HitterDetail/Basic.aspx?playerId=55897,success,
55903,라일리,3,1996-07-09,투수,R,R,우투우타,190,100,defense|pitcher,,https://www.koreabaseball.com/Record/Player/HitterDetail/Basic.aspx?playerId=55903,success,
55926,정현창,12,2006-07-14,내야수,R,L,우투좌타,177,70,defense|hitter|runner,,https://www.koreabaseball.com/Record/Player/HitterDetail/Basic.aspx?playerId=55926,success,
56006,이강민,6,2007-01-27,내야수,R,R,우투우타,181,82,defense|hitter|runner,,https://www.koreabaseball.com/Record/Player/HitterDetail/Basic.aspx?playerId=56006,success,
56011,스기모토,11,2000-05-19,투수,R,R,우투우타,182,90,defense|pitcher,,https://www.koreabaseball.com/Record/Player/HitterDetail/Basic.aspx?playerId=56011,success,
56032,사우어,,1999-01-21,투수,R,R,우투우타,193,104,defense|pitcher,,https://www.koreabaseball.com/Record/Player/HitterDetail/Basic.aspx?playerId=56032,success,
56034,힐리어드,34,1994-02-21,내야수,L,L,좌투좌타,196,107,defense|hitter|runner,,https://www.koreabaseball.com/Record/Player/HitterDetail/Basic.aspx?playerId=56034,success,
56036,보쉴리,,1993-10-01,투수,R,R,우투우타,190,86,defense|pitcher,,https://www.koreabaseball.com/Record/Player/HitterDetail/Basic.aspx?playerId=56036,success,
56066,박지훈,66,2007-01-19,투수,R,R,우투우타,188,90,defense|pitcher,,https://www.koreabaseball.com/Record/Player/HitterDetail/Basic.aspx?playerId=56066,success,
56215,최주형,15,2006-08-19,투수,L,L,좌투좌타,174,70,defense|hitter|pitcher|runner,,https://www.koreabaseball.com/Record/Player/HitterDetail/Basic.aspx?playerId=56215,success,
56218,타무라,,1994-09-19,투수,R,L,우투좌타,173,79,defense|pitcher,,https://www.koreabaseball.com/Record/Player/HitterDetail/Basic.aspx?playerId=56218,success,
56251,카메론,,1997-01-15,외야수,R,R,우투우타,183,83,defense|hitter|runner,,https://www.koreabaseball.com/Record/Player/HitterDetail/Basic.aspx?playerId=56251,success,
56304,박한결,4,2007-12-05,내야수,R,L,우투좌타,180,79,defense|hitter|runner,,https://www.koreabaseball.com/Record/Player/HitterDetail/Basic.aspx?playerId=56304,success,
56318,박준현,18,2007-08-29,투수,R,R,우투우타,188,95,defense|pitcher,,https://www.koreabaseball.com/Record/Player/HitterDetail/Basic.aspx?playerId=56318,success,
56322,브룩스,,1995-07-03,외야수,L,L,좌투좌타,180,88,defense|hitter|runner,,https://www.koreabaseball.com/Record/Player/HitterDetail/Basic.aspx?playerId=56322,success,
56326,김지석,26,2007-02-19,내야수,R,L,우투좌타,185,83,defense|hitter|runner,,https://www.koreabaseball.com/Record/Player/HitterDetail/Basic.aspx?playerId=56326,success,
56334,와일스,,1998-07-02,투수,R,R,우투우타,193,103,defense|pitcher,,https://www.koreabaseball.com/Record/Player/HitterDetail/Basic.aspx?playerId=56334,success,
56338,최재영,38,2007-01-08,내야수,R,R,우투우타,183,85,defense|hitter|runner,,https://www.koreabaseball.com/Record/Player/HitterDetail/Basic.aspx?playerId=56338,success,
56345,정다훈,45,2006-07-06,투수,R,R,우투우타,183,85,defense|pitcher,,https://www.koreabaseball.com/Record/Player/HitterDetail/Basic.aspx?playerId=56345,success,
56348,유토,48,1999-11-04,투수,R,L,우투좌타,185,87,defense|pitcher,,https://www.koreabaseball.com/Record/Player/HitterDetail/Basic.aspx?playerId=56348,success,
56366,이태양,66,2007-03-03,투수,R,R,우투우타,180,80,defense|pitcher,,https://www.koreabaseball.com/Record/Player/HitterDetail/Basic.aspx?playerId=56366,success,
56415,미야지,,1999-08-02,투수,R,R,우투우타,186,90,defense|pitcher,,https://www.koreabaseball.com/Record/Player/HitterDetail/Basic.aspx?playerId=56415,success,
56460,장찬희,60,2007-10-05,투수,R,R,우투우타,186,80,defense|pitcher,,https://www.koreabaseball.com/Record/Player/HitterDetail/Basic.aspx?playerId=56460,success,
56464,오러클린,,2000-03-14,투수,L,L,좌투좌타,196,101,defense|pitcher,,https://www.koreabaseball.com/Record/Player/HitterDetail/Basic.aspx?playerId=56464,success,
56469,정재훈,69,2007-03-08,투수,R,R,우투우타,185,85,defense|pitcher,,https://www.koreabaseball.com/Record/Player/HitterDetail/Basic.aspx?playerId=56469,success,
56523,비슬리,23,1995-11-20,투수,R,R,우투우타,188,106,defense|pitcher,,https://www.koreabaseball.com/Record/Player/HitterDetail/Basic.aspx?playerId=56523,success,
56531,로드리게스,31,1998-03-31,투수,R,R,우투우타,193,97,defense|hitter|pitcher|runner,,https://www.koreabaseball.com/Record/Player/HitterDetail/Basic.aspx?playerId=56531,success,
56536,박정민,36,2003-09-26,투수,R,L,우투좌타,188,95,defense|pitcher,,https://www.koreabaseball.com/Record/Player/HitterDetail/Basic.aspx?playerId=56536,success,
56548,쿄야마,,1998-07-04,투수,R,R,우투우타,183,80,defense|pitcher,,https://www.koreabaseball.com/Record/Player/HitterDetail/Basic.aspx?playerId=56548,success,
56563,이서준,63,2007-10-10,내야수,R,R,우투우타,183,83,defense|hitter|runner,,https://www.koreabaseball.com/Record/Player/HitterDetail/Basic.aspx?playerId=56563,success,
56567,신동건,67,2007-10-05,투수,R,R,우투우타,193,85,defense|pitcher,,https://www.koreabaseball.com/Record/Player/HitterDetail/Basic.aspx?playerId=56567,success,
56595,김한홀,95,2006-12-12,외야수,R,L,우투좌타,189,83,defense|hitter|runner,,https://www.koreabaseball.com/Record/Player/HitterDetail/Basic.aspx?playerId=56595,success,
56613,아데를린,,1991-11-18,내야수,R,R,우투우타,191,108,defense|hitter|runner,,https://www.koreabaseball.com/Record/Player/HitterDetail/Basic.aspx?playerId=56613,success,
56626,카스트로,26,1993-11-30,외야수,R,L,우투좌타,183,88,defense|hitter|runner,,https://www.koreabaseball.com/Record/Player/HitterDetail/Basic.aspx?playerId=56626,success,
56632,데일,,2000-09-11,내야수,R,R,우투우타,188,90,defense|hitter|runner,,https://www.koreabaseball.com/Record/Player/HitterDetail/Basic.aspx?playerId=56632,success,
56709,박준영,68,2002-06-03,투수,R,R,우투우타,184,87,defense|pitcher,,https://www.koreabaseball.com/Record/Player/HitterDetail/Basic.aspx?playerId=56709,success,
56712,에르난데스,,1999-04-13,투수,R,R,우투우타,190,88,defense|pitcher,,https://www.koreabaseball.com/Record/Player/HitterDetail/Basic.aspx?playerId=56712,success,
56719,왕옌청,19,2001-02-14,투수,L,L,좌투좌타,180,82,defense|pitcher,,https://www.koreabaseball.com/Record/Player/HitterDetail/Basic.aspx?playerId=56719,success,
56724,화이트,24,1999-08-09,투수,R,R,우투우타,190,90,defense|pitcher,,https://www.koreabaseball.com/Record/Player/HitterDetail/Basic.aspx?playerId=56724,success,
56754,오재원,54,2007-01-21,외야수,R,L,우투좌타,176,75,defense|hitter|runner,,https://www.koreabaseball.com/Record/Player/HitterDetail/Basic.aspx?playerId=56754,success,
56760,쿠싱,,1996-12-03,투수,R,R,우투우타,190,92,defense|hitter|pitcher|runner,,https://www.koreabaseball.com/Record/Player/HitterDetail/Basic.aspx?playerId=56760,success,
56769,강건우,69,2007-07-19,투수,L,L,좌투좌타,188,89,defense|pitcher,,https://www.koreabaseball.com/Record/Player/HitterDetail/Basic.aspx?playerId=56769,success,
56793,최유빈,93,2002-05-27,내야수,R,L,우투좌타,173,73,defense|hitter|runner,,https://www.koreabaseball.com/Record/Player/HitterDetail/Basic.aspx?playerId=56793,success,
56800,긴지로,,1999-09-30,투수,L,L,좌투좌타,180,87,defense|pitcher,,https://www.koreabaseball.com/Record/Player/HitterDetail/Basic.aspx?playerId=56800,success,
56823,타케다,23,1993-04-03,투수,R,R,우투우타,187,92,defense|pitcher,,https://www.koreabaseball.com/Record/Player/HitterDetail/Basic.aspx?playerId=56823,success,
56841,베니지아노,,1997-09-01,투수,L,L,좌투좌타,198,102,defense|pitcher,,https://www.koreabaseball.com/Record/Player/HitterDetail/Basic.aspx?playerId=56841,success,
56904,허윤,4,2007-03-29,내야수,R,L,우투좌타,177,73,defense|hitter|runner,,https://www.koreabaseball.com/Record/Player/HitterDetail/Basic.aspx?playerId=56904,success,
56909,신재인,9,2007-06-28,내야수,R,R,우투우타,185,83,defense|hitter|runner,,https://www.koreabaseball.com/Record/Player/HitterDetail/Basic.aspx?playerId=56909,success,
56911,토다,11,2000-07-22,투수,R,R,우투우타,170,80,defense|pitcher,,https://www.koreabaseball.com/Record/Player/HitterDetail/Basic.aspx?playerId=56911,success,
56928,버하겐,,1990-10-22,투수,R,R,우투우타,198,104,defense|pitcher,,https://www.koreabaseball.com/Record/Player/HitterDetail/Basic.aspx?playerId=56928,success,
56949,고준휘,49,2007-08-12,외야수,L,L,좌투좌타,181,85,defense|hitter|runner,,https://www.koreabaseball.com/Record/Player/HitterDetail/Basic.aspx?playerId=56949,success,
56966,테일러,66,1995-07-25,투수,R,R,우투우타,198,106,defense|pitcher,,https://www.koreabaseball.com/Record/Player/HitterDetail/Basic.aspx?playerId=56966,success,
60146,이승현,26,1991-11-20,투수,R,R,우투우타,181,92,defense|hitter|pitcher|runner,,https://www.koreabaseball.com/Record/Player/HitterDetail/Basic.aspx?playerId=60146,success,
60558,오태곤,37,1991-11-18,외야수,R,R,우투우타,186,88,defense|hitter|runner,,https://www.koreabaseball.com/Record/Player/HitterDetail/Basic.aspx?playerId=60558,success,
60768,이태양,44,1990-07-03,투수,R,L,우투좌타,192,97,defense|pitcher,,https://www.koreabaseball.com/Record/Player/HitterDetail/Basic.aspx?playerId=60768,success,
61101,임찬규,1,1992-11-20,투수,R,R,우투우타,185,80,defense|pitcher,,https://www.koreabaseball.com/Record/Player/HitterDetail/Basic.aspx?playerId=61101,success,
61102,유강남,27,1992-07-15,포수,R,R,우투우타,182,88,defense|hitter|runner,,https://www.koreabaseball.com/Record/Player/HitterDetail/Basic.aspx?playerId=61102,success,
61145,이우찬,21,1992-08-04,투수,L,L,좌투좌타,185,97,defense|pitcher,,https://www.koreabaseball.com/Record/Player/HitterDetail/Basic.aspx?playerId=61145,success,
61353,고종욱,57,1989-01-11,외야수,R,L,우투좌타,184,83,defense|hitter|runner,,https://www.koreabaseball.com/Record/Player/HitterDetail/Basic.aspx?playerId=61353,success,
61404,김헌곤,32,1988-11-09,외야수,R,R,우투우타,174,81,defense|hitter|runner,,https://www.koreabaseball.com/Record/Player/HitterDetail/Basic.aspx?playerId=61404,success,
61643,홍건희,52,1992-09-29,투수,R,R,우투우타,187,97,defense|pitcher,,https://www.koreabaseball.com/Record/Player/HitterDetail/Basic.aspx?playerId=61643,success,
61666,한승혁,35,1993-01-03,투수,R,L,우투좌타,185,100,defense|pitcher,,https://www.koreabaseball.com/Record/Player/HitterDetail/Basic.aspx?playerId=61666,success,
62234,류지혁,16,1994-01-13,내야수,R,L,우투좌타,181,75,defense|hitter|runner,,https://www.koreabaseball.com/Record/Player/HitterDetail/Basic.aspx?playerId=62234,success,
62244,박세혁,52,1990-01-09,포수,R,L,우투좌타,181,86,defense|hitter|runner,,https://www.koreabaseball.com/Record/Player/HitterDetail/Basic.aspx?playerId=62244,success,
62332,김재현,32,1993-03-18,포수,R,R,우투우타,178,90,defense|hitter|runner,,https://www.koreabaseball.com/Record/Player/HitterDetail/Basic.aspx?playerId=62332,success,
62360,김태훈,27,1992-03-02,투수,R,R,우투우타,187,101,defense|pitcher,,https://www.koreabaseball.com/Record/Player/HitterDetail/Basic.aspx?playerId=62360,success,
62404,구자욱,5,1993-02-12,외야수,R,L,우투좌타,189,75,defense|hitter|runner,,https://www.koreabaseball.com/Record/Player/HitterDetail/Basic.aspx?playerId=62404,success,
62415,박해민,17,1990-02-24,외야수,R,L,우투좌타,180,75,defense|hitter|runner,,https://www.koreabaseball.com/Record/Player/HitterDetail/Basic.aspx?playerId=62415,success,
62528,김원중,34,1993-06-14,투수,R,L,우투좌타,192,96,defense|hitter|pitcher|runner,,https://www.koreabaseball.com/Record/Player/HitterDetail/Basic.aspx?playerId=62528,success,
62700,하주석,30,1994-02-25,내야수,R,L,우투좌타,185,92,defense|hitter|runner,,https://www.koreabaseball.com/Record/Player/HitterDetail/Basic.aspx?playerId=62700,success,
62754,임기영,38,1993-04-16,투수,R,R,우언우타,184,86,defense|pitcher,,https://www.koreabaseball.com/Record/Player/HitterDetail/Basic.aspx?playerId=62754,success,
62802,박승욱,53,1992-12-04,내야수,R,L,우투좌타,184,83,defense|hitter|runner,,https://www.koreabaseball.com/Record/Player/HitterDetail/Basic.aspx?playerId=62802,success,
62864,김민식,24,1989-06-28,포수,R,L,우투좌타,180,80,defense|hitter|runner,,https://www.koreabaseball.com/Record/Player/HitterDetail/Basic.aspx?playerId=62864,success,
62869,문승원,42,1989-11-28,투수,R,R,우투우타,180,88,defense|pitcher,,https://www.koreabaseball.com/Record/Player/HitterDetail/Basic.aspx?playerId=62869,success,
62895,한유섬,35,1989-08-09,외야수,R,L,우투좌타,190,105,defense|hitter|runner,,https://www.koreabaseball.com/Record/Player/HitterDetail/Basic.aspx?playerId=62895,success,
62907,박민우,2,1993-02-06,내야수,R,L,우투좌타,185,80,defense|hitter|runner,,https://www.koreabaseball.com/Record/Player/HitterDetail/Basic.aspx?playerId=62907,success,
62931,노진혁,52,1989-07-15,내야수,R,L,우투좌타,184,80,defense|hitter|runner,,https://www.koreabaseball.com/Record/Player/HitterDetail/Basic.aspx?playerId=62931,success,
62934,김성욱,31,1993-05-01,외야수,R,R,우투우타,181,83,defense|hitter|runner,,https://www.koreabaseball.com/Record/Player/HitterDetail/Basic.aspx?playerId=62934,success,
62947,나성범,47,1989-10-03,외야수,L,L,좌투좌타,183,100,defense|hitter|runner,,https://www.koreabaseball.com/Record/Player/HitterDetail/Basic.aspx?playerId=62947,success,
62951,이형범,16,1994-02-27,투수,R,R,우투우타,181,80,defense|pitcher,,https://www.koreabaseball.com/Record/Player/HitterDetail/Basic.aspx?playerId=62951,success,
63123,강승호,23,1994-02-09,내야수,R,R,우투우타,178,88,defense|hitter|runner,,https://www.koreabaseball.com/Record/Player/HitterDetail/Basic.aspx?playerId=63123,success,
63145,배재준,25,1994-11-24,투수,R,R,우투우타,188,85,defense|pitcher,,https://www.koreabaseball.com/Record/Player/HitterDetail/Basic.aspx?playerId=63145,success,
63202,장승현,46,1994-03-07,포수,R,R,우투우타,184,86,defense|hitter|runner,,https://www.koreabaseball.com/Record/Player/HitterDetail/Basic.aspx?playerId=63202,success,
63248,함덕주,11,1995-01-13,투수,L,L,좌투좌타,181,78,defense|pitcher,,https://www.koreabaseball.com/Record/Player/HitterDetail/Basic.aspx?playerId=63248,success,
63257,김인태,33,1994-07-03,외야수,L,L,좌투좌타,178,78,defense|hitter|runner,,https://www.koreabaseball.com/Record/Player/HitterDetail/Basic.aspx?playerId=63257,success,
63260,이우성,55,1994-07-17,외야수,R,R,우투우타,182,95,defense|hitter|runner,,https://www.koreabaseball.com/Record/Player/HitterDetail/Basic.aspx?playerId=63260,success,
63342,조상우,11,1994-09-04,투수,R,R,우투우타,186,97,defense|pitcher,,https://www.koreabaseball.com/Record/Player/HitterDetail/Basic.aspx?playerId=63342,success,
63512,박진형,40,1994-06-10,투수,R,R,우투우타,181,77,defense|hitter|pitcher|runner,,https://www.koreabaseball.com/Record/Player/HitterDetail/Basic.aspx?playerId=63512,success,
63543,구승민,22,1990-06-12,투수,R,R,우투우타,182,86,defense|pitcher,,https://www.koreabaseball.com/Record/Player/HitterDetail/Basic.aspx?playerId=63543,success,
63722,한승택,45,1994-06-21,포수,R,R,우투우타,174,83,defense|hitter|runner,,https://www.koreabaseball.com/Record/Player/HitterDetail/Basic.aspx?playerId=63722,success,
63765,김종수,38,1994-06-03,투수,R,R,우투우타,180,88,defense|pitcher,,https://www.koreabaseball.com/Record/Player/HitterDetail/Basic.aspx?playerId=63765,success,
63950,장현식,50,1995-02-24,투수,R,R,우투우타,181,91,defense|hitter|pitcher|runner,,https://www.koreabaseball.com/Record/Player/HitterDetail/Basic.aspx?playerId=63950,success,
63959,임정호,30,1990-04-16,투수,L,L,좌투좌타,188,90,defense|pitcher,,https://www.koreabaseball.com/Record/Player/HitterDetail/Basic.aspx?playerId=63959,success,
63963,권희동,36,1990-12-30,외야수,R,R,우투우타,177,85,defense|hitter|runner,,https://www.koreabaseball.com/Record/Player/HitterDetail/Basic.aspx?playerId=63963,success,
64001,고영표,1,1991-09-16,투수,R,R,우언우타,187,88,defense|pitcher,,https://www.koreabaseball.com/Record/Player/HitterDetail/Basic.aspx?playerId=64001,success,
64004,김민혁,53,1995-11-21,외야수,R,L,우투좌타,181,71,defense|hitter|runner,,https://www.koreabaseball.com/Record/Player/HitterDetail/Basic.aspx?playerId=64004,success,
64006,심우준,7,1995-04-28,내야수,R,R,우투우타,183,75,defense|hitter|runner,,https://www.koreabaseball.com/Record/Player/HitterDetail/Basic.aspx?playerId=64006,success,
64021,박세웅,21,1995-11-30,투수,R,R,우투우타,182,85,defense|pitcher,,https://www.koreabaseball.com/Record/Player/HitterDetail/Basic.aspx?playerId=64021,success,
64022,안중열,22,1995-09-01,포수,R,R,우투우타,176,87,defense|hitter|runner,,https://www.koreabaseball.com/Record/Player/HitterDetail/Basic.aspx?playerId=64022,success,
64101,한석현,33,1994-05-17,외야수,L,L,좌투좌타,181,73,defense|hitter|runner,,https://www.koreabaseball.com/Record/Player/HitterDetail/Basic.aspx?playerId=64101,success,
64115,장준원,56,1995-11-21,내야수,R,R,우투우타,183,77,defense|hitter|runner,,https://www.koreabaseball.com/Record/Player/HitterDetail/Basic.aspx?playerId=64115,success,
64153,양석환,53,1991-07-15,내야수,R,R,우투우타,185,90,defense|hitter|runner,,https://www.koreabaseball.com/Record/Player/HitterDetail/Basic.aspx?playerId=64153,success,
64166,배정대,27,1995-06-12,외야수,R,R,우투우타,185,80,defense|hitter|runner,,https://www.koreabaseball.com/Record/Player/HitterDetail/Basic.aspx?playerId=64166,success,
64340,임지열,29,1995-08-22,외야수,R,R,우투우타,180,94,defense|hitter|runner,,https://www.koreabaseball.com/Record/Player/HitterDetail/Basic.aspx?playerId=64340,success,
64346,임병욱,17,1995-09-30,외야수,R,L,우투좌타,187,94,defense|hitter|runner,,https://www.koreabaseball.com/Record/Player/HitterDetail/Basic.aspx?playerId=64346,success,
64350,하영민,50,1995-05-07,투수,R,R,우투우타,183,74,defense|pitcher,,https://www.koreabaseball.com/Record/Player/HitterDetail/Basic.aspx?playerId=64350,success,
64468,박계범,9,1996-01-11,내야수,R,R,우투우타,177,84,defense|hitter|runner,,https://www.koreabaseball.com/Record/Player/HitterDetail/Basic.aspx?playerId=64468,success,
64504,오윤석,4,1992-02-24,내야수,R,R,우투우타,180,87,defense|hitter|runner,,https://www.koreabaseball.com/Record/Player/HitterDetail/Basic.aspx?playerId=64504,success,
64560,이창진,8,1991-03-04,외야수,R,R,우투우타,173,85,defense|hitter|runner,,https://www.koreabaseball.com/Record/Player/HitterDetail/Basic.aspx?playerId=64560,success,
64596,김유영,0,1994-05-02,투수,L,L,좌투좌타,180,83,defense|pitcher,,https://www.koreabaseball.com/Record/Player/HitterDetail/Basic.aspx?playerId=64596,success,
64646,박찬호,7,1995-06-05,내야수,R,R,우투우타,178,72,defense|hitter|runner,,https://www.koreabaseball.com/Record/Player/HitterDetail/Basic.aspx?playerId=64646,success,
64793,김민수,62,1991-03-02,포수,R,R,우투우타,177,80,defense|hitter|runner,,https://www.koreabaseball.com/Record/Player/HitterDetail/Basic.aspx?playerId=64793,success,
64984,김태진,1,1995-10-07,내야수,R,L,우투좌타,169,73,defense|hitter|runner,,https://www.koreabaseball.com/Record/Player/HitterDetail/Basic.aspx?playerId=64984,success,
64995,배재환,61,1995-02-24,투수,R,R,우투우타,186,95,defense|pitcher,,https://www.koreabaseball.com/Record/Player/HitterDetail/Basic.aspx?playerId=64995,success,
65040,김태훈,25,1996-03-31,외야수,R,L,우투좌타,177,78,defense|hitter|runner,,https://www.koreabaseball.com/Record/Player/HitterDetail/Basic.aspx?playerId=65040,success,
65048,김민수,26,1992-07-24,투수,R,R,우투우타,188,80,defense|hitter|pitcher|runner,,https://www.koreabaseball.com/Record/Player/HitterDetail/Basic.aspx?playerId=65048,success,
65056,엄상백,11,1996-10-04,투수,R,R,우언우타,187,72,defense|pitcher,,https://www.koreabaseball.com/Record/Player/HitterDetail/Basic.aspx?playerId=65056,success,
65060,주권,38,1995-05-31,투수,R,R,우투우타,181,82,defense|pitcher,,https://www.koreabaseball.com/Record/Player/HitterDetail/Basic.aspx?playerId=65060,success,
65062,김재윤,62,1990-09-16,투수,R,R,우투우타,185,91,defense|pitcher,,https://www.koreabaseball.com/Record/Player/HitterDetail/Basic.aspx?playerId=65062,success,
65109,백승현,61,1995-05-26,투수,R,R,우투우타,183,90,defense|pitcher,,https://www.koreabaseball.com/Record/Player/HitterDetail/Basic.aspx?playerId=65109,success,
65117,이상규,18,1996-10-20,투수,R,R,우투우타,185,77,defense|pitcher,,https://www.koreabaseball.com/Record/Player/HitterDetail/Basic.aspx?playerId=65117,success,
65207,신민재,4,1996-01-21,내야수,R,L,우투좌타,171,67,defense|hitter|runner,,https://www.koreabaseball.com/Record/Player/HitterDetail/Basic.aspx?playerId=65207,success,
65320,최원태,20,1997-01-07,투수,R,R,우투우타,184,104,defense|pitcher,,https://www.koreabaseball.com/Record/Player/HitterDetail/Basic.aspx?playerId=65320,success,
65343,김택형,43,1996-10-10,투수,L,L,좌투좌타,185,90,defense|pitcher,,https://www.koreabaseball.com/Record/Player/HitterDetail/Basic.aspx?playerId=65343,success,
65516,배제성,19,1996-09-29,투수,R,L,우투좌타,189,85,defense|pitcher,,https://www.koreabaseball.com/Record/Player/HitterDetail/Basic.aspx?playerId=65516,success,
65522,김강현,19,1995-02-27,투수,R,L,우투좌타,177,84,defense|pitcher,,https://www.koreabaseball.com/Record/Player/HitterDetail/Basic.aspx?playerId=65522,success,
65586,전병우,61,1992-10-24,내야수,R,R,우투우타,182,93,defense|hitter|runner,,https://www.koreabaseball.com/Record/Player/HitterDetail/Basic.aspx?playerId=65586,success,
65616,이민우,27,1993-02-09,투수,R,R,우투우타,185,104,defense|hitter|pitcher|runner,,https://www.koreabaseball.com/Record/Player/HitterDetail/Basic.aspx?playerId=65616,success,
65639,박정수,17,1996-01-29,투수,R,L,우언좌타,178,74,defense|pitcher,,https://www.koreabaseball.com/Record/Player/HitterDetail/Basic.aspx?playerId=65639,success,
65653,김호령,27,1992-04-30,외야수,R,R,우투우타,178,85,defense|hitter|runner,,https://www.koreabaseball.com/Record/Player/HitterDetail/Basic.aspx?playerId=65653,success,
65703,이도윤,5,1996-10-07,내야수,R,L,우투좌타,175,79,defense|hitter|runner,,https://www.koreabaseball.com/Record/Player/HitterDetail/Basic.aspx?playerId=65703,success,
65707,주현상,66,1992-08-10,투수,R,R,우투우타,177,92,defense|pitcher,,https://www.koreabaseball.com/Record/Player/HitterDetail/Basic.aspx?playerId=65707,success,
65769,김범수,49,1995-10-03,투수,L,L,좌투좌타,181,92,defense|hitter|pitcher|runner,,https://www.koreabaseball.com/Record/Player/HitterDetail/Basic.aspx?playerId=65769,success,
65898,김웅빈,10,1996-02-09,내야수,R,L,우투좌타,182,97,hitter|runner,,https://www.koreabaseball.com/Record/Player/HitterDetail/Basic.aspx?playerId=65898,success,
65933,구창모,59,1997-02-17,투수,L,L,좌투좌타,183,85,defense|pitcher,,https://www.koreabaseball.com/Record/Player/HitterDetail/Basic.aspx?playerId=65933,success,
65949,류진욱,41,1996-10-10,투수,R,R,우투우타,189,88,defense|pitcher,,https://www.koreabaseball.com/Record/Player/HitterDetail/Basic.aspx?playerId=65949,success,
66047,박세진,41,1997-06-27,투수,L,L,좌투좌타,178,93,defense|pitcher,,https://www.koreabaseball.com/Record/Player/HitterDetail/Basic.aspx?playerId=66047,success,
66108,홍창기,51,1993-11-21,외야수,R,L,우투좌타,189,94,defense|hitter|runner,,https://www.koreabaseball.com/Record/Player/HitterDetail/Basic.aspx?playerId=66108,success,
66112,김기연,22,1997-09-07,포수,R,R,우투우타,178,106,defense|hitter|runner,,https://www.koreabaseball.com/Record/Player/HitterDetail/Basic.aspx?playerId=66112,success,
66162,김주성,5,1998-01-30,외야수,R,R,우투우타,180,81,defense|hitter|runner,,https://www.koreabaseball.com/Record/Player/HitterDetail/Basic.aspx?playerId=66162,success,
66209,조수행,51,1993-08-30,외야수,R,L,우투좌타,178,73,defense|hitter|runner,,https://www.koreabaseball.com/Record/Player/HitterDetail/Basic.aspx?playerId=66209,success,
66233,홍성호,34,1997-07-15,외야수,R,L,우투좌타,187,98,hitter|runner,,https://www.koreabaseball.com/Record/Player/HitterDetail/Basic.aspx?playerId=66233,success,
66291,이영하,50,1997-11-01,투수,R,R,우투우타,192,91,defense|pitcher,,https://www.koreabaseball.com/Record/Player/HitterDetail/Basic.aspx?playerId=66291,success,
66354,주효상,22,1997-11-11,포수,R,L,우투좌타,183,95,defense|hitter|runner,,https://www.koreabaseball.com/Record/Player/HitterDetail/Basic.aspx?playerId=66354,success,
66409,이성규,13,1993-08-03,외야수,R,R,우투우타,178,82,defense|hitter|runner,,https://www.koreabaseball.com/Record/Player/HitterDetail/Basic.aspx?playerId=66409,success,
66451,최충연,61,1997-03-05,투수,R,R,우투우타,190,85,defense|pitcher,,https://www.koreabaseball.com/Record/Player/HitterDetail/Basic.aspx?playerId=66451,success,
66606,최원준,3,1997-03-23,외야수,R,L,우투좌타,178,85,defense|hitter|runner,,https://www.koreabaseball.com/Record/Player/HitterDetail/Basic.aspx?playerId=66606,success,
66609,전상현,51,1996-04-18,투수,R,R,우투우타,180,88,defense|pitcher,,https://www.koreabaseball.com/Record/Player/HitterDetail/Basic.aspx?playerId=66609,success,
66614,김규성,14,1997-03-08,내야수,R,L,우투좌타,185,88,defense|hitter|runner,,https://www.koreabaseball.com/Record/Player/HitterDetail/Basic.aspx?playerId=66614,success,
66657,이진영,10,1997-07-21,외야수,R,R,우투우타,183,89,defense|hitter|runner,,https://www.koreabaseball.com/Record/Player/HitterDetail/Basic.aspx?playerId=66657,success,
66704,김태연,25,1997-06-10,외야수,R,R,우투우타,178,96,defense|hitter|runner,,https://www.koreabaseball.com/Record/Player/HitterDetail/Basic.aspx?playerId=66704,success,
66706,장진혁,51,1993-09-30,외야수,R,L,우투좌타,184,90,defense|hitter|runner,,https://www.koreabaseball.com/Record/Player/HitterDetail/Basic.aspx?playerId=66706,success,
66858,정동윤,51,1997-10-22,투수,R,L,우투좌타,193,103,defense|pitcher,,https://www.koreabaseball.com/Record/Player/HitterDetail/Basic.aspx?playerId=66858,success,
66864,안상현,10,1997-01-27,내야수,R,R,우투우타,178,74,defense|hitter|runner,,https://www.koreabaseball.com/Record/Player/HitterDetail/Basic.aspx?playerId=66864,success,
66965,도태훈,16,1993-03-18,내야수,R,L,우투좌타,184,85,defense|hitter|runner,,https://www.koreabaseball.com/Record/Player/HitterDetail/Basic.aspx?playerId=66965,success,
67005,홍현빈,51,1997-08-29,외야수,R,L,우투좌타,174,70,defense|hitter|runner,,https://www.koreabaseball.com/Record/Player/HitterDetail/Basic.aspx?playerId=67005,success,
67006,안치영,8,1998-05-29,외야수,R,L,우투좌타,176,72,hitter|runner,,https://www.koreabaseball.com/Record/Player/HitterDetail/Basic.aspx?playerId=67006,success,
67116,오석주,31,1998-04-14,투수,R,R,우투우타,180,74,defense|pitcher,,https://www.koreabaseball.com/Record/Player/HitterDetail/Basic.aspx?playerId=67116,success,
67143,손주영,29,1998-12-02,투수,L,L,좌투좌타,191,95,defense|pitcher,,https://www.koreabaseball.com/Record/Player/HitterDetail/Basic.aspx?playerId=67143,success,
67207,이유찬,13,1998-08-05,내야수,R,R,우투우타,175,68,defense|hitter|runner,,https://www.koreabaseball.com/Record/Player/HitterDetail/Basic.aspx?playerId=67207,success,
67246,김명신,46,1993-11-29,투수,R,R,우투우타,178,90,defense|pitcher,,https://www.koreabaseball.com/Record/Player/HitterDetail/Basic.aspx?playerId=67246,success,
67263,최원준,61,1994-12-21,투수,R,R,우언우타,182,91,defense|pitcher,,https://www.koreabaseball.com/Record/Player/HitterDetail/Basic.aspx?playerId=67263,success,
67266,박치국,1,1998-03-10,투수,R,R,우언우타,177,78,defense|pitcher,,https://www.koreabaseball.com/Record/Player/HitterDetail/Basic.aspx?playerId=67266,success,
67391,김재웅,28,1998-10-22,투수,L,L,좌투좌타,171,86,defense|pitcher,,https://www.koreabaseball.com/Record/Player/HitterDetail/Basic.aspx?playerId=67391,success,
67419,문용익,18,1995-02-04,투수,R,R,우투우타,178,93,defense|pitcher,,https://www.koreabaseball.com/Record/Player/HitterDetail/Basic.aspx?playerId=67419,success,
67421,최지광,11,1998-03-13,투수,R,R,우투우타,173,85,defense|pitcher,,https://www.koreabaseball.com/Record/Player/HitterDetail/Basic.aspx?playerId=67421,success,
67449,김성윤,39,1999-02-02,외야수,L,L,좌투좌타,163,62,defense|hitter|runner,,https://www.koreabaseball.com/Record/Player/HitterDetail/Basic.aspx?playerId=67449,success,
67539,나균안,43,1998-03-16,투수,R,R,우투우타,186,109,defense|pitcher,,https://www.koreabaseball.com/Record/Player/HitterDetail/Basic.aspx?playerId=67539,success,
67588,윤성빈,55,1999-02-26,투수,R,R,우투우타,197,90,defense|hitter|pitcher|runner,,https://www.koreabaseball.com/Record/Player/HitterDetail/Basic.aspx?playerId=67588,success,
67609,박정우,1,1998-02-01,외야수,L,L,좌투좌타,175,68,defense|hitter|runner,,https://www.koreabaseball.com/Record/Player/HitterDetail/Basic.aspx?playerId=67609,success,
67644,이정훈,33,1994-12-07,외야수,R,L,우투좌타,185,90,defense|hitter|runner,,https://www.koreabaseball.com/Record/Player/HitterDetail/Basic.aspx?playerId=67644,success,
67703,박상원,58,1994-09-09,투수,R,R,우투우타,187,98,defense|pitcher,,https://www.koreabaseball.com/Record/Player/HitterDetail/Basic.aspx?playerId=67703,success,
67893,박성한,2,1998-03-30,내야수,R,L,우투좌타,180,77,defense|hitter|runner,,https://www.koreabaseball.com/Record/Player/HitterDetail/Basic.aspx?playerId=67893,success,
67905,천재환,23,1994-04-01,외야수,R,R,우투우타,181,83,defense|hitter|runner,,https://www.koreabaseball.com/Record/Player/HitterDetail/Basic.aspx?playerId=67905,success,
67954,김진호,54,1998-06-07,투수,R,R,우투우타,183,90,defense|pitcher,,https://www.koreabaseball.com/Record/Player/HitterDetail/Basic.aspx?playerId=67954,success,
68036,최이준,49,1999-04-10,투수,R,R,우투우타,182,90,defense|pitcher,,https://www.koreabaseball.com/Record/Player/HitterDetail/Basic.aspx?playerId=68036,success,
68043,김민,1,1999-04-14,투수,R,R,우투우타,185,88,defense|pitcher,,https://www.koreabaseball.com/Record/Player/HitterDetail/Basic.aspx?playerId=68043,success,
68050,강백호,50,1999-07-29,내야수,R,L,우투좌타,184,98,hitter|runner,,https://www.koreabaseball.com/Record/Player/HitterDetail/Basic.aspx?playerId=68050,success,
68089,조대현,42,1999-08-06,포수,R,R,우투우타,183,81,defense|hitter|runner,,https://www.koreabaseball.com/Record/Player/HitterDetail/Basic.aspx?playerId=68089,success,
68092,한두솔,34,1997-01-15,투수,L,L,좌투좌타,177,86,defense|pitcher,,https://www.koreabaseball.com/Record/Player/HitterDetail/Basic.aspx?playerId=68092,success,
68106,이재원,52,1999-07-17,외야수,R,R,우투우타,192,105,defense|hitter|runner,,https://www.koreabaseball.com/Record/Player/HitterDetail/Basic.aspx?playerId=68106,success,
68110,송찬의,55,1999-02-20,외야수,R,R,우투우타,182,80,defense|hitter|runner,,https://www.koreabaseball.com/Record/Player/HitterDetail/Basic.aspx?playerId=68110,success,
68119,문성주,8,1997-02-20,외야수,L,L,좌투좌타,175,78,defense|hitter|runner,,https://www.koreabaseball.com/Record/Player/HitterDetail/Basic.aspx?playerId=68119,success,
68159,성동현,34,1999-05-18,투수,R,R,우투우타,189,108,defense|pitcher,,https://www.koreabaseball.com/Record/Player/HitterDetail/Basic.aspx?playerId=68159,success,
68205,전민재,13,1999-06-30,내야수,R,R,우투우타,181,73,defense|hitter|runner,,https://www.koreabaseball.com/Record/Player/HitterDetail/Basic.aspx?playerId=68205,success,
68220,곽빈,47,1999-05-28,투수,R,R,우투우타,187,95,defense|pitcher,,https://www.koreabaseball.com/Record/Player/HitterDetail/Basic.aspx?playerId=68220,success,
68242,정철원,65,1999-03-27,투수,R,R,우투우타,192,95,defense|pitcher,,https://www.koreabaseball.com/Record/Player/HitterDetail/Basic.aspx?playerId=68242,success,
68249,박신지,49,1999-07-16,투수,R,R,우투우타,185,75,defense|hitter|pitcher|runner,,https://www.koreabaseball.com/Record/Player/HitterDetail/Basic.aspx?playerId=68249,success,
68260,현도훈,17,1993-01-13,투수,R,L,우투좌타,188,95,defense|hitter|pitcher|runner,,https://www.koreabaseball.com/Record/Player/HitterDetail/Basic.aspx?playerId=68260,success,
68341,안우진,41,1999-08-30,투수,R,R,우투우타,192,90,defense|pitcher,,https://www.koreabaseball.com/Record/Player/HitterDetail/Basic.aspx?playerId=68341,success,
68362,추재현,27,1999-02-22,외야수,L,L,좌투좌타,178,85,defense|hitter|runner,,https://www.koreabaseball.com/Record/Player/HitterDetail/Basic.aspx?playerId=68362,success,
68415,양창섭,42,1999-09-22,투수,R,R,우투우타,182,85,defense|pitcher,,https://www.koreabaseball.com/Record/Player/HitterDetail/Basic.aspx?playerId=68415,success,
68463,윤정빈,31,1999-06-24,외야수,R,L,우투좌타,182,93,defense|hitter|runner,,https://www.koreabaseball.com/Record/Player/HitterDetail/Basic.aspx?playerId=68463,success,
68504,이호연,36,1995-06-03,내야수,R,L,우투좌타,177,87,defense|hitter|runner,,https://www.koreabaseball.com/Record/Player/HitterDetail/Basic.aspx?playerId=68504,success,
68507,장두성,7,1999-09-16,외야수,R,L,우투좌타,176,75,defense|hitter|runner,,https://www.koreabaseball.com/Record/Player/HitterDetail/Basic.aspx?playerId=68507,success,
68518,정보근,42,1999-08-31,포수,R,R,우투우타,175,94,defense|hitter|runner,,https://www.koreabaseball.com/Record/Player/HitterDetail/Basic.aspx?playerId=68518,success,
68525,한동희,25,1999-06-01,내야수,R,R,우투우타,182,108,defense|hitter|runner,,https://www.koreabaseball.com/Record/Player/HitterDetail/Basic.aspx?playerId=68525,success,
68639,하준영,29,1999-09-06,투수,L,L,좌투좌타,182,79,defense|pitcher,,https://www.koreabaseball.com/Record/Player/HitterDetail/Basic.aspx?playerId=68639,success,
68646,한준수,25,1999-02-13,포수,R,L,우투좌타,184,95,defense|hitter|runner,,https://www.koreabaseball.com/Record/Player/HitterDetail/Basic.aspx?playerId=68646,success,
68700,이원석,37,1999-03-31,외야수,R,R,우투우타,177,80,defense|hitter|runner,,https://www.koreabaseball.com/Record/Player/HitterDetail/Basic.aspx?playerId=68700,success,
68830,김정우,16,1999-05-15,투수,R,R,우투우타,183,87,defense|pitcher,,https://www.koreabaseball.com/Record/Player/HitterDetail/Basic.aspx?playerId=68830,success,
68856,최민준,30,1999-06-11,투수,R,R,우투우타,178,83,defense|pitcher,,https://www.koreabaseball.com/Record/Player/HitterDetail/Basic.aspx?playerId=68856,success,
68868,최준우,7,1999-03-25,외야수,R,L,우투좌타,175,78,defense|hitter|runner,,https://www.koreabaseball.com/Record/Player/HitterDetail/Basic.aspx?playerId=68868,success,
68900,김영규,17,2000-02-10,투수,L,L,좌투좌타,188,86,defense|pitcher,,https://www.koreabaseball.com/Record/Player/HitterDetail/Basic.aspx?playerId=68900,success,
68902,신민혁,18,1999-02-04,투수,R,R,우투우타,184,95,defense|pitcher,,https://www.koreabaseball.com/Record/Player/HitterDetail/Basic.aspx?playerId=68902,success,
68904,오영수,34,2000-01-30,내야수,R,L,우투좌타,178,93,defense|hitter|runner,,https://www.koreabaseball.com/Record/Player/HitterDetail/Basic.aspx?playerId=68904,success,
68912,김형준,25,1999-11-02,포수,R,R,우투우타,187,98,defense|hitter|runner,,https://www.koreabaseball.com/Record/Player/HitterDetail/Basic.aspx?playerId=68912,success,
68928,김시훈,61,1999-02-24,투수,R,R,우투우타,188,95,defense|pitcher,,https://www.koreabaseball.com/Record/Player/HitterDetail/Basic.aspx?playerId=68928,success,
69041,손동현,41,2001-01-23,투수,R,R,우투우타,183,88,defense|pitcher,,https://www.koreabaseball.com/Record/Player/HitterDetail/Basic.aspx?playerId=69041,success,
69045,알칸타라,54,1992-12-04,투수,R,R,우투우타,193,100,defense|pitcher,,https://www.koreabaseball.com/Record/Player/HitterDetail/Basic.aspx?playerId=69045,success,
69047,전용주,29,2000-02-12,투수,L,L,좌투좌타,188,87,defense|pitcher,,https://www.koreabaseball.com/Record/Player/HitterDetail/Basic.aspx?playerId=69047,success,
69064,강민성,5,1999-12-08,내야수,R,R,우투우타,180,85,defense|hitter|runner,,https://www.koreabaseball.com/Record/Player/HitterDetail/Basic.aspx?playerId=69064,success,
69100,구본혁,6,1997-01-11,내야수,R,R,우투우타,177,75,defense|hitter|runner,,https://www.koreabaseball.com/Record/Player/HitterDetail/Basic.aspx?playerId=69100,success,
69102,문보경,2,2000-07-19,내야수,R,L,우투좌타,182,88,defense|hitter|runner,,https://www.koreabaseball.com/Record/Player/HitterDetail/Basic.aspx?playerId=69102,success,
69105,김성진,36,2000-03-17,내야수,R,R,우투우타,183,100,defense|hitter|runner,,https://www.koreabaseball.com/Record/Player/HitterDetail/Basic.aspx?playerId=69105,success,
69134,이정용,31,1996-03-26,투수,R,R,우투우타,186,85,defense|pitcher,,https://www.koreabaseball.com/Record/Player/HitterDetail/Basic.aspx?playerId=69134,success,
69168,이상영,39,2000-12-03,투수,L,L,좌투좌타,193,95,defense|pitcher,,https://www.koreabaseball.com/Record/Player/HitterDetail/Basic.aspx?playerId=69168,success,
69205,이교훈,31,2000-05-29,투수,L,L,좌투좌타,181,83,defense|pitcher,,https://www.koreabaseball.com/Record/Player/HitterDetail/Basic.aspx?playerId=69205,success,
69213,윤산흠,49,1999-05-15,투수,R,R,우투우타,178,74,defense|pitcher,,https://www.koreabaseball.com/Record/Player/HitterDetail/Basic.aspx?playerId=69213,success,
69332,주성원,25,2000-08-30,외야수,R,R,우투우타,182,95,defense|hitter|runner,,https://www.koreabaseball.com/Record/Player/HitterDetail/Basic.aspx?playerId=69332,success,
69360,조영건,20,1999-02-04,투수,R,R,우투우타,180,85,defense|hitter|pitcher|runner,,https://www.koreabaseball.com/Record/Player/HitterDetail/Basic.aspx?playerId=69360,success,
69403,양우현,53,2000-04-13,내야수,R,L,우투좌타,175,82,defense|hitter|runner,,https://www.koreabaseball.com/Record/Player/HitterDetail/Basic.aspx?playerId=69403,success,
69416,이해승,3,2000-08-01,내야수,R,R,우투우타,180,86,defense|hitter|runner,,https://www.koreabaseball.com/Record/Player/HitterDetail/Basic.aspx?playerId=69416,success,
69418,박승규,66,2000-09-02,외야수,R,R,우투우타,178,78,defense|hitter|runner,,https://www.koreabaseball.com/Record/Player/HitterDetail/Basic.aspx?playerId=69418,success,
69442,김도환,24,2000-04-14,포수,R,R,우투우타,178,90,defense|hitter|runner,,https://www.koreabaseball.com/Record/Player/HitterDetail/Basic.aspx?playerId=69442,success,
69446,원태인,18,2000-04-06,투수,R,R,우투우타,183,92,defense|pitcher,,https://www.koreabaseball.com/Record/Player/HitterDetail/Basic.aspx?playerId=69446,success,
69508,신윤후,3,1996-01-05,외야수,R,R,우투우타,177,77,defense|hitter|runner,,https://www.koreabaseball.com/Record/Player/HitterDetail/Basic.aspx?playerId=69508,success,
69517,고승민,2,2000-08-11,내야수,R,L,우투좌타,189,92,defense|hitter|runner,,https://www.koreabaseball.com/Record/Player/HitterDetail/Basic.aspx?playerId=69517,success,
69620,김기훈,53,2000-01-03,투수,L,L,좌투좌타,184,93,defense|pitcher,,https://www.koreabaseball.com/Record/Player/HitterDetail/Basic.aspx?playerId=69620,success,
69636,오선우,56,1996-12-13,내야수,L,L,좌투좌타,186,95,defense|hitter|runner,,https://www.koreabaseball.com/Record/Player/HitterDetail/Basic.aspx?playerId=69636,success,
69737,노시환,8,2000-12-03,내야수,R,R,우투우타,185,105,defense|hitter|runner,,https://www.koreabaseball.com/Record/Player/HitterDetail/Basic.aspx?playerId=69737,success,
69804,채현우,15,1995-11-21,외야수,R,R,우투우타,182,80,defense|hitter|runner,,https://www.koreabaseball.com/Record/Player/HitterDetail/Basic.aspx?playerId=69804,success,
69825,김창평,64,2000-06-14,외야수,R,L,우투좌타,185,85,defense|hitter|runner,,https://www.koreabaseball.com/Record/Player/HitterDetail/Basic.aspx?playerId=69825,success,
69839,백승건,59,2000-10-29,투수,L,L,좌투좌타,183,85,defense|pitcher,,https://www.koreabaseball.com/Record/Player/HitterDetail/Basic.aspx?playerId=69839,success,
69969,전사민,57,1999-07-06,투수,R,R,우투우타,194,85,defense|pitcher,,https://www.koreabaseball.com/Record/Player/HitterDetail/Basic.aspx?playerId=69969,success,
69992,최정원,14,2000-06-24,내야수,R,L,우투좌타,176,70,defense|hitter|runner,,https://www.koreabaseball.com/Record/Player/HitterDetail/Basic.aspx?playerId=69992,success,
69994,박지한,56,2000-10-21,투수,L,L,좌투좌타,185,90,defense|pitcher,,https://www.koreabaseball.com/Record/Player/HitterDetail/Basic.aspx?playerId=69994,success,
69995,서호철,5,1996-10-16,내야수,R,R,우투우타,179,85,defense|hitter|runner,,https://www.koreabaseball.com/Record/Player/HitterDetail/Basic.aspx?playerId=69995,success,
72443,최형우,34,1983-12-16,외야수,R,L,우투좌타,180,106,defense|hitter|runner,,https://www.koreabaseball.com/Record/Player/HitterDetail/Basic.aspx?playerId=72443,success,
73117,우규민,12,1985-01-21,투수,R,R,우언우타,184,75,defense|hitter|pitcher|runner,,https://www.koreabaseball.com/Record/Player/HitterDetail/Basic.aspx?playerId=73117,success,
73211,노경은,38,1984-03-11,투수,R,R,우투우타,187,100,defense|hitter|pitcher|runner,,https://www.koreabaseball.com/Record/Player/HitterDetail/Basic.aspx?playerId=73211,success,
74540,강민호,47,1985-08-18,포수,R,R,우투우타,185,100,defense|hitter|runner,,https://www.koreabaseball.com/Record/Player/HitterDetail/Basic.aspx?playerId=74540,success,
75125,박병호,52,1986-07-10,,R,R,우투우타,185,107,hitter|runner,,https://www.koreabaseball.com/Record/Player/HitterDetail/Basic.aspx?playerId=75125,success,
75847,최정,14,1987-02-28,내야수,R,R,우투우타,180,90,defense|hitter|runner,,https://www.koreabaseball.com/Record/Player/HitterDetail/Basic.aspx?playerId=75847,success,
75867,김진성,42,1985-03-07,투수,R,R,우투우타,186,90,defense|pitcher,,https://www.koreabaseball.com/Record/Player/HitterDetail/Basic.aspx?playerId=75867,success,
76118,원종현,46,1987-07-31,투수,R,R,우언우타,182,88,defense|pitcher,,https://www.koreabaseball.com/Record/Player/HitterDetail/Basic.aspx?playerId=76118,success,
76225,김건국,43,1988-02-02,투수,R,R,우투우타,183,86,defense|pitcher,,https://www.koreabaseball.com/Record/Player/HitterDetail/Basic.aspx?playerId=76225,success,
76232,양의지,25,1987-06-05,포수,R,R,우투우타,180,95,defense|hitter|runner,,https://www.koreabaseball.com/Record/Player/HitterDetail/Basic.aspx?playerId=76232,success,
76267,최주환,53,1988-02-28,내야수,R,L,우투좌타,177,73,defense|hitter|runner,,https://www.koreabaseball.com/Record/Player/HitterDetail/Basic.aspx?playerId=76267,success,
76290,김현수,10,1988-01-12,외야수,R,L,우투좌타,188,105,defense|hitter|runner,,https://www.koreabaseball.com/Record/Player/HitterDetail/Basic.aspx?playerId=76290,success,
76715,류현진,99,1987-03-25,투수,L,R,좌투우타,190,113,defense|pitcher,,https://www.koreabaseball.com/Record/Player/HitterDetail/Basic.aspx?playerId=76715,success,
77211,이용찬,45,1989-01-02,투수,R,R,우투우타,185,85,defense|pitcher,,https://www.koreabaseball.com/Record/Player/HitterDetail/Basic.aspx?playerId=77211,success,
77446,백정현,29,1987-07-13,투수,L,L,좌투좌타,184,80,defense|pitcher,,https://www.koreabaseball.com/Record/Player/HitterDetail/Basic.aspx?playerId=77446,success,
77532,손아섭,24,1988-03-18,외야수,R,L,우투좌타,174,84,defense|hitter|runner,,https://www.koreabaseball.com/Record/Player/HitterDetail/Basic.aspx?playerId=77532,success,
77564,김민성,16,1988-12-17,내야수,R,R,우투우타,181,94,defense|hitter|runner,,https://www.koreabaseball.com/Record/Player/HitterDetail/Basic.aspx?playerId=77564,success,
77637,양현종,54,1988-03-01,투수,L,L,좌투좌타,183,91,defense|pitcher,,https://www.koreabaseball.com/Record/Player/HitterDetail/Basic.aspx?playerId=77637,success,
78122,김태군,42,1989-12-30,포수,R,R,우투우타,182,92,defense|hitter|runner,,https://www.koreabaseball.com/Record/Player/HitterDetail/Basic.aspx?playerId=78122,success,
78135,이형종,36,1989-06-07,외야수,R,R,우투우타,183,87,defense|hitter|runner,,https://www.koreabaseball.com/Record/Player/HitterDetail/Basic.aspx?playerId=78135,success,
78168,서건창,14,1989-08-22,내야수,R,L,우투좌타,176,84,defense|hitter|runner,,https://www.koreabaseball.com/Record/Player/HitterDetail/Basic.aspx?playerId=78168,success,
78224,김재환,32,1988-09-22,외야수,R,L,우투좌타,184,98,hitter|runner,,https://www.koreabaseball.com/Record/Player/HitterDetail/Basic.aspx?playerId=78224,success,
78288,최재훈,13,1989-08-27,포수,R,R,우투우타,178,94,defense|hitter|runner,,https://www.koreabaseball.com/Record/Player/HitterDetail/Basic.aspx?playerId=78288,success,
78513,전준우,8,1986-02-25,외야수,R,R,우투우타,184,98,defense|hitter|runner,,https://www.koreabaseball.com/Record/Player/HitterDetail/Basic.aspx?playerId=78513,success,
78548,장성우,22,1990-01-17,포수,R,R,우투우타,187,100,defense|hitter|runner,,https://www.koreabaseball.com/Record/Player/HitterDetail/Basic.aspx?playerId=78548,success,
78603,김선빈,3,1989-12-18,내야수,R,R,우투우타,165,77,defense|hitter|runner,,https://www.koreabaseball.com/Record/Player/HitterDetail/Basic.aspx?playerId=78603,success,
78756,오선진,6,1989-07-07,내야수,R,R,우투우타,178,80,defense|hitter|runner,,https://www.koreabaseball.com/Record/Player/HitterDetail/Basic.aspx?playerId=78756,success,
79109,오지환,10,1990-03-12,내야수,R,L,우투좌타,185,80,defense|hitter|runner,,https://www.koreabaseball.com/Record/Player/HitterDetail/Basic.aspx?playerId=79109,success,
79192,채은성,22,1990-02-06,내야수,R,R,우투우타,186,92,defense|hitter|runner,,https://www.koreabaseball.com/Record/Player/HitterDetail/Basic.aspx?playerId=79192,success,
79215,박건우,37,1990-09-08,외야수,R,R,우투우타,184,80,defense|hitter|runner,,https://www.koreabaseball.com/Record/Player/HitterDetail/Basic.aspx?playerId=79215,success,
79231,정수빈,31,1990-10-07,외야수,L,L,좌투좌타,175,70,defense|hitter|runner,,https://www.koreabaseball.com/Record/Player/HitterDetail/Basic.aspx?playerId=79231,success,
79240,허경민,13,1990-08-26,내야수,R,R,우투우타,176,69,defense|hitter|runner,,https://www.koreabaseball.com/Record/Player/HitterDetail/Basic.aspx?playerId=79240,success,
79365,박동원,27,1990-04-07,포수,R,R,우투우타,178,92,defense|hitter|runner,,https://www.koreabaseball.com/Record/Player/HitterDetail/Basic.aspx?playerId=79365,success,
79402,김상수,7,1990-03-23,내야수,R,R,우투우타,175,68,defense|hitter|runner,,https://www.koreabaseball.com/Record/Player/HitterDetail/Basic.aspx?playerId=79402,success,
79456,이지영,56,1986-02-27,포수,R,R,우투우타,177,88,defense|hitter|runner,,https://www.koreabaseball.com/Record/Player/HitterDetail/Basic.aspx?playerId=79456,success,
79608,안치홍,9,1990-07-02,내야수,R,R,우투우타,178,97,defense|hitter|runner,,https://www.koreabaseball.com/Record/Player/HitterDetail/Basic.aspx?playerId=79608,success,
