순위,선수명,팀명,AVG,G,PA,AB,R,H,2B,3B,HR,TB,RBI,SAC,SF,BB,IBB,HBP,SO,GDP,SLG,OBP,OPS,MH,RISP,PH-BA,XBH,GO,AO,GO/AO,GW RBI,BB/K,P/PA,ISOP,XR,GPA,player_link,player_id,season_year,team_code
1,홍창기,LG,0.328,144,651,524,103,172,26,2,4,214,52,0,2,109,4,16,95,6,0.408,0.456,0.864,57,0.343,0.500,32,138,121,1.14,8,1.15,4.17,0.080,106.4,0.307,/Record/Player/HitterDetail/Basic.aspx?playerId=66108,66108,2021,LG
2,이상호,LG,0.308,45,68,65,5,20,2,0,0,22,12,2,0,1,0,0,10,2,0.338,0.318,0.656,3,0.550,0.667,2,20,15,1.33,1,0.10,3.46,0.031,6.0,0.228,/Record/Retire/Hitter.aspx?playerId=60566,60566,2021,LG
3,한석현,LG,0.286,16,26,21,5,6,2,1,0,10,1,0,1,3,0,1,7,1,0.476,0.385,0.861,1,0.000,0.500,3,3,6,0.50,0,0.43,4.31,0.190,4.3,0.292,/Record/Player/HitterDetail/Basic.aspx?playerId=64101,64101,2021,LG
4,김현수,LG,0.285,140,595,506,70,144,23,1,17,220,96,0,9,77,5,3,42,7,0.435,0.376,0.811,43,0.279,0.000,41,156,173,0.90,19,1.83,3.79,0.150,88.7,0.278,/Record/Player/HitterDetail/Basic.aspx?playerId=76290,76290,2021,LG
5,채은성,LG,0.276,110,448,387,59,107,20,0,16,175,82,0,7,38,2,16,80,9,0.452,0.359,0.811,27,0.317,0.167,36,89,118,0.75,7,0.48,3.88,0.176,64.6,0.275,/Record/Player/HitterDetail/Basic.aspx?playerId=79192,79192,2021,LG
6,오지환,LG,0.254,134,532,464,62,118,19,2,8,165,57,4,5,54,0,5,82,11,0.356,0.335,0.691,30,0.248,0.250,29,142,127,1.12,8,0.66,3.86,0.101,58.2,0.240,/Record/Player/HitterDetail/Basic.aspx?playerId=79109,79109,2021,LG
7,서건창,LG,0.253,144,600,513,78,130,24,2,6,176,52,5,4,69,2,9,78,14,0.343,0.350,0.693,32,0.240,0.286,32,154,155,0.99,4,0.88,3.93,0.090,65.6,0.243,/Record/Player/HitterDetail/Basic.aspx?playerId=78168,78168,2021,LG
8,유강남,LG,0.252,130,441,397,39,100,16,0,11,149,60,3,2,25,1,14,75,11,0.375,0.317,0.692,22,0.254,0.500,27,120,104,1.15,11,0.33,3.90,0.123,46.9,0.236,/Record/Player/HitterDetail/Basic.aspx?playerId=61102,61102,2021,LG
9,이재원,LG,0.247,62,171,154,22,38,6,0,5,59,17,0,1,14,0,2,48,2,0.383,0.316,0.699,9,0.191,0.000,11,30,39,0.77,0,0.29,4.18,0.136,19.8,0.238,/Record/Player/HitterDetail/Basic.aspx?playerId=68106,68106,2021,LG
10,라모스,LG,0.243,51,205,185,14,45,7,1,8,78,25,0,0,18,0,2,43,2,0.422,0.317,0.739,11,0.218,0.333,16,36,61,0.59,2,0.42,3.99,0.178,25.2,0.248,/Record/Retire/Hitter.aspx?playerId=50165,50165,2021,LG
10,이영빈,LG,0.243,72,169,148,21,36,9,0,2,51,16,2,1,15,0,3,51,1,0.345,0.323,0.668,7,0.297,0.467,11,33,29,1.14,4,0.29,3.99,0.101,17.7,0.232,/Record/Player/HitterDetail/Basic.aspx?playerId=51100,51100,2021,LG
12,정주현,LG,0.238,73,214,181,26,43,7,1,3,61,10,9,0,24,0,0,32,4,0.337,0.327,0.664,8,0.159,1.000,11,56,50,1.12,1,0.75,3.79,0.099,20.3,0.231,/Record/Retire/Hitter.aspx?playerId=79150,79150,2021,LG
13,문보경,LG,0.230,107,329,278,37,64,11,1,8,101,39,3,2,46,1,0,64,5,0.363,0.337,0.700,14,0.324,0.308,20,80,72,1.11,1,0.72,4.22,0.133,37.5,0.242,/Record/Player/HitterDetail/Basic.aspx?playerId=69102,69102,2021,LG
14,문성주,LG,0.228,31,89,79,11,18,1,0,1,22,10,0,1,7,0,2,15,1,0.278,0.303,0.581,4,0.375,0.000,2,26,21,1.24,1,0.47,3.79,0.051,7.5,0.206,/Record/Player/HitterDetail/Basic.aspx?playerId=68119,68119,2021,LG
15,김민성,LG,0.222,121,426,360,35,80,22,0,8,126,39,11,5,42,2,8,73,7,0.350,0.313,0.663,19,0.207,0.111,30,91,121,0.75,1,0.58,4.19,0.128,42.7,0.228,/Record/Player/HitterDetail/Basic.aspx?playerId=77564,77564,2021,LG
16,이형종,LG,0.218,90,281,239,32,52,11,0,10,93,34,1,0,34,1,7,65,10,0.389,0.332,0.721,11,0.154,0.222,21,46,76,0.61,3,0.52,4.12,0.172,30.9,0.247,/Record/Player/HitterDetail/Basic.aspx?playerId=78135,78135,2021,LG
17,이성우,LG,0.212,36,39,33,0,7,0,0,0,7,2,5,0,1,0,0,8,1,0.212,0.235,0.447,1,0.111,0.000,0,13,5,2.60,0,0.13,3.90,0.000,1.3,0.159,/Record/Retire/Hitter.aspx?playerId=71184,71184,2021,LG
18,이천웅,LG,0.199,68,211,181,20,36,7,0,2,49,16,1,1,25,0,3,23,11,0.271,0.305,0.576,7,0.273,0.300,9,71,52,1.37,1,1.09,3.89,0.072,13.9,0.205,/Record/Retire/Hitter.aspx?playerId=61186,61186,2021,LG
19,보어,LG,0.170,32,117,100,7,17,2,0,3,28,17,0,3,11,0,3,30,2,0.280,0.265,0.545,1,0.160,0.000,5,26,30,0.87,3,0.37,4.12,0.110,9.2,0.189,/Record/Retire/Hitter.aspx?playerId=51144,51144,2021,LG
20,김주성,LG,0.167,3,7,6,1,1,0,0,1,4,1,0,0,1,0,0,3,0,0.667,0.286,0.953,0,0.000,0.000,1,1,1,1.00,0,0.33,4.29,0.500,1.3,0.295,/Record/Player/HitterDetail/Basic.aspx?playerId=66162,66162,2021,LG
21,김용의,LG,0.148,102,41,27,19,4,2,0,0,6,2,4,1,9,0,0,5,1,0.222,0.351,0.573,0,0.125,0.000,2,11,8,1.38,0,1.80,3.63,0.074,4.6,0.213,/Record/Retire/Hitter.aspx?playerId=78217,78217,2021,LG
22,안익훈,LG,0.143,48,16,14,4,2,1,0,0,3,1,0,0,0,0,2,2,1,0.214,0.250,0.464,0,0.000,0.000,1,5,5,1.00,0,0.00,4.13,0.071,0.4,0.166,/Record/Retire/Hitter.aspx?playerId=65115,65115,2021,LG
23,김재성,LG,0.138,58,73,65,6,9,2,1,1,16,3,1,1,5,0,1,13,2,0.246,0.208,0.454,1,0.105,0.250,4,11,33,0.33,0,0.38,3.58,0.108,3.2,0.155,/Record/Player/HitterDetail/Basic.aspx?playerId=65132,65132,2021,LG
24,구본혁,LG,0.132,123,45,38,10,5,2,0,0,7,3,1,2,3,0,1,7,0,0.184,0.205,0.389,0,0.200,0.000,2,12,16,0.75,0,0.43,4.58,0.053,2.1,0.138,/Record/Player/HitterDetail/Basic.aspx?playerId=69100,69100,2021,LG
25,신민재,LG,0.130,32,27,23,8,3,0,0,0,3,2,0,0,4,0,0,6,0,0.130,0.259,0.389,1,0.400,0.000,0,8,6,1.33,0,0.67,4.11,0.000,1.1,0.149,/Record/Player/HitterDetail/Basic.aspx?playerId=65207,65207,2021,LG
26,이주형,LG,0.125,14,19,16,3,2,0,0,0,2,0,1,0,1,0,1,7,0,0.125,0.222,0.347,0,0.000,0.000,0,2,5,0.40,0,0.14,3.95,0.000,0.4,0.131,/Record/Player/HitterDetail/Basic.aspx?playerId=50167,50167,2021,LG
27,손호영,LG,0.100,8,12,10,2,1,0,0,0,1,0,0,0,1,0,1,2,0,0.100,0.250,0.350,0,0.000,1.000,0,2,5,0.40,0,0.50,3.58,0.000,0.4,0.138,/Record/Player/HitterDetail/Basic.aspx?playerId=50150,50150,2021,LG
28,고우석,LG,-,5,0,0,0,0,0,0,0,0,0,0,0,0,0,0,0,0,-,-,-,0,0.000,0.000,0,0,0,-,0,-,-,-,0.0,0.000,/Record/Retire/Hitter.aspx?playerId=67119,67119,2021,LG
28,김지용,LG,-,1,0,0,0,0,0,0,0,0,0,0,0,0,0,0,0,0,-,-,-,0,0.000,0.000,0,0,0,-,0,-,-,-,0.0,0.000,/Record/Retire/Hitter.aspx?playerId=60181,60181,2021,LG
28,김진수,LG,-,1,0,0,0,0,0,0,0,0,0,0,0,0,0,0,0,0,-,-,-,0,0.000,0.000,0,0,0,-,0,-,-,-,0.0,0.000,/Record/Player/HitterDetail/Basic.aspx?playerId=51154,51154,2021,LG
28,김호은,LG,0.000,7,9,9,0,0,0,0,0,0,0,0,0,0,0,0,4,0,0.000,0.000,0.000,0,0.000,0.000,0,4,1,4.00,0,0.00,4.56,0.000,-0.8,0.000,/Record/Retire/Hitter.aspx?playerId=66113,66113,2021,LG
28,류원석,LG,-,1,0,0,0,0,0,0,0,0,0,0,0,0,0,0,0,0,-,-,-,0,0.000,0.000,0,0,0,-,0,-,-,-,0.0,0.000,/Record/Retire/Hitter.aspx?playerId=63103,63103,2021,LG
28,이상규,LG,-,3,0,0,0,0,0,0,0,0,0,0,0,0,0,0,0,0,-,-,-,0,0.000,0.000,0,0,0,-,0,-,-,-,0.0,0.000,/Record/Player/HitterDetail/Basic.aspx?playerId=65117,65117,2021,LG
28,이상영,LG,-,3,0,0,0,0,0,0,0,0,0,0,0,0,0,0,0,0,-,-,-,0,0.000,0.000,0,0,0,-,0,-,-,-,0.0,0.000,/Record/Player/HitterDetail/Basic.aspx?playerId=69168,69168,2021,LG
28,이우찬,LG,-,1,0,0,0,0,0,0,0,0,0,0,0,0,0,0,0,0,-,-,-,0,0.000,0.000,0,0,0,-,0,-,-,-,0.0,0.000,/Record/Player/HitterDetail/Basic.aspx?playerId=61145,61145,2021,LG
28,이정용,LG,-,1,0,0,0,0,0,0,0,0,0,0,0,0,0,0,0,0,-,-,-,0,0.000,0.000,0,0,0,-,0,-,-,-,0.0,0.000,/Record/Player/HitterDetail/Basic.aspx?playerId=69134,69134,2021,LG
28,이찬혁,LG,-,1,0,0,0,0,0,0,0,0,0,0,0,0,0,0,0,0,-,-,-,0,0.000,0.000,0,0,0,-,0,-,-,-,0.0,0.000,/Record/Retire/Hitter.aspx?playerId=67164,67164,2021,LG
28,장준원,LG,0.000,5,3,3,0,0,0,0,0,0,0,0,0,0,0,0,0,0,0.000,0.000,0.000,0,0.000,0.000,0,1,2,0.50,0,-,1.00,0.000,-0.3,0.000,/Record/Player/HitterDetail/Basic.aspx?playerId=64115,64115,2021,LG
28,진해수,LG,-,2,0,0,0,0,0,0,0,0,0,0,0,0,0,0,0,0,-,-,-,0,0.000,0.000,0,0,0,-,0,-,-,-,0.0,0.000,/Record/Retire/Hitter.aspx?playerId=76650,76650,2021,LG
28,채원후,LG,-,4,0,0,0,0,0,0,0,0,0,0,0,0,0,0,0,0,-,-,-,0,0.000,0.000,0,0,0,-,0,-,-,-,0.0,0.000,/Record/Retire/Hitter.aspx?playerId=65241,65241,2021,LG
28,최민창,LG,0.000,3,2,2,0,0,0,0,0,0,0,0,0,0,0,0,0,0,0.000,0.000,0.000,0,0.000,0.000,0,1,1,1.00,0,-,3.50,0.000,-0.2,0.000,/Record/Retire/Hitter.aspx?playerId=65157,65157,2021,LG
28,최성훈,LG,-,5,0,0,0,0,0,0,0,0,0,0,0,0,0,0,0,0,-,-,-,0,0.000,0.000,0,0,0,-,0,-,-,-,0.0,0.000,/Record/Retire/Hitter.aspx?playerId=62146,62146,2021,LG
1,문보경,LG,0.315,126,466,406,52,128,22,3,9,183,56,5,7,47,1,1,56,11,0.451,0.382,0.833,35,0.287,0.250,34,124,105,1.18,7,0.84,3.73,0.135,69.7,0.285,/Record/Player/HitterDetail/Basic.aspx?playerId=69102,69102,2022,LG
2,문성주,LG,0.303,106,390,327,55,99,15,3,6,138,41,8,1,51,2,3,36,13,0.422,0.401,0.823,25,0.265,0.286,24,116,77,1.51,3,1.42,3.81,0.119,53.0,0.286,/Record/Player/HitterDetail/Basic.aspx?playerId=68119,68119,2022,LG
3,채은성,LG,0.296,126,526,467,48,138,26,2,12,204,83,0,11,27,3,21,88,16,0.437,0.354,0.791,31,0.279,0.000,40,115,137,0.84,11,0.31,3.71,0.141,69.8,0.269,/Record/Player/HitterDetail/Basic.aspx?playerId=79192,79192,2022,LG
4,박해민,LG,0.289,144,636,570,97,165,20,8,3,210,49,7,6,44,0,9,85,4,0.368,0.347,0.715,42,0.333,0.000,31,158,168,0.94,9,0.52,4.01,0.079,78.4,0.248,/Record/Player/HitterDetail/Basic.aspx?playerId=62415,62415,2022,LG
5,김현수,LG,0.286,141,604,524,78,150,25,2,23,248,106,0,3,71,7,5,62,5,0.473,0.375,0.848,43,0.275,0.000,50,145,170,0.85,17,1.15,3.76,0.187,93.6,0.287,/Record/Player/HitterDetail/Basic.aspx?playerId=76290,76290,2022,LG
6,홍창기,LG,0.286,118,525,437,76,125,19,4,1,155,51,5,5,59,0,19,75,11,0.355,0.390,0.745,34,0.385,0.000,24,154,88,1.75,8,0.79,4.10,0.069,66.7,0.264,/Record/Player/HitterDetail/Basic.aspx?playerId=66108,66108,2022,LG
7,오지환,LG,0.269,142,569,494,75,133,16,4,25,232,87,3,3,62,2,7,107,11,0.470,0.357,0.827,35,0.320,1.000,45,135,122,1.11,11,0.58,4.07,0.200,84.1,0.278,/Record/Player/HitterDetail/Basic.aspx?playerId=79109,79109,2022,LG
8,이형종,LG,0.264,26,63,53,3,14,3,0,0,17,7,1,3,5,0,1,10,0,0.321,0.323,0.644,0,0.231,0.364,3,13,19,0.68,1,0.50,3.81,0.057,7.3,0.226,/Record/Player/HitterDetail/Basic.aspx?playerId=78135,78135,2022,LG
9,손호영,LG,0.257,36,82,74,13,19,0,2,3,32,14,1,1,6,0,0,14,2,0.432,0.309,0.741,4,0.455,1.000,5,22,20,1.10,1,0.43,3.73,0.176,9.1,0.247,/Record/Player/HitterDetail/Basic.aspx?playerId=50150,50150,2022,LG
10,유강남,LG,0.255,139,469,416,54,106,16,0,8,146,47,6,2,34,1,11,98,9,0.351,0.326,0.677,27,0.255,0.385,24,102,112,0.91,4,0.35,3.93,0.096,48.2,0.234,/Record/Player/HitterDetail/Basic.aspx?playerId=61102,61102,2022,LG
11,이상호,LG,0.250,60,80,72,9,18,2,0,0,20,5,3,0,4,0,1,6,1,0.278,0.299,0.577,1,0.150,0.286,2,31,17,1.82,1,0.67,3.51,0.028,5.5,0.204,/Record/Retire/Hitter.aspx?playerId=60566,60566,2022,LG
12,허도환,LG,0.247,64,92,85,7,21,5,0,1,29,6,3,0,2,0,2,26,2,0.341,0.281,0.622,5,0.174,0.000,6,24,14,1.71,0,0.08,3.97,0.094,7.3,0.212,/Record/Retire/Hitter.aspx?playerId=77243,77243,2022,LG
13,송찬의,LG,0.236,33,78,72,8,17,4,0,3,30,10,0,1,2,0,3,24,0,0.417,0.282,0.699,4,0.294,0.000,7,11,21,0.52,0,0.08,3.82,0.181,9.2,0.231,/Record/Player/HitterDetail/Basic.aspx?playerId=68110,68110,2022,LG
14,이재원,LG,0.224,85,253,223,31,50,8,2,13,101,43,0,0,18,2,12,77,3,0.453,0.316,0.769,10,0.262,0.286,23,44,52,0.85,2,0.23,3.72,0.229,33.0,0.255,/Record/Player/HitterDetail/Basic.aspx?playerId=68106,68106,2022,LG
15,서건창,LG,0.224,77,247,219,39,49,10,1,2,67,18,3,1,20,0,4,44,5,0.306,0.299,0.605,10,0.172,0.200,13,58,69,0.84,1,0.45,3.99,0.082,20.7,0.211,/Record/Player/HitterDetail/Basic.aspx?playerId=78168,78168,2022,LG
16,김기연,LG,0.222,12,9,9,0,2,0,0,0,2,1,0,0,0,0,0,3,0,0.222,0.222,0.444,0,0.500,0.000,0,2,2,1.00,0,0.00,3.89,0.000,0.3,0.155,/Record/Player/HitterDetail/Basic.aspx?playerId=66112,66112,2022,LG
16,한석현,LG,0.222,6,10,9,1,2,0,0,0,2,0,1,0,0,0,0,3,0,0.222,0.222,0.444,0,0.000,0.000,0,2,2,1.00,0,0.00,3.40,0.000,0.1,0.155,/Record/Player/HitterDetail/Basic.aspx?playerId=64101,64101,2022,LG
18,김민성,LG,0.207,92,157,140,16,29,4,0,3,42,20,3,1,10,0,3,27,4,0.300,0.273,0.573,4,0.211,0.214,7,40,45,0.89,1,0.37,3.76,0.093,11.1,0.198,/Record/Player/HitterDetail/Basic.aspx?playerId=77564,77564,2022,LG
19,가르시아,LG,0.206,39,156,136,21,28,6,1,4,48,19,0,0,19,0,1,40,4,0.353,0.308,0.661,8,0.200,0.000,11,24,44,0.55,3,0.48,4.34,0.147,15.3,0.227,/Record/Retire/Hitter.aspx?playerId=52125,52125,2022,LG
20,이천웅,LG,0.200,19,23,20,3,4,0,0,0,4,0,0,0,3,0,0,3,0,0.200,0.304,0.504,0,0.000,0.154,0,7,6,1.17,0,1.00,3.52,0.000,1.6,0.187,/Record/Retire/Hitter.aspx?playerId=61186,61186,2022,LG
20,최민창,LG,0.200,4,5,5,1,1,0,0,0,1,0,0,0,0,0,0,1,0,0.200,0.200,0.400,0,0.000,0.000,0,3,0,-,0,0.00,3.20,0.000,0.1,0.140,/Record/Retire/Hitter.aspx?playerId=65157,65157,2022,LG
22,이영빈,LG,0.184,60,83,76,16,14,3,0,1,20,5,0,0,7,0,0,25,3,0.263,0.253,0.516,2,0.077,0.105,4,18,19,0.95,0,0.28,3.46,0.079,4.1,0.180,/Record/Player/HitterDetail/Basic.aspx?playerId=51100,51100,2022,LG
23,루이즈,LG,0.155,27,94,84,10,13,4,1,1,22,6,0,1,9,0,0,13,5,0.262,0.234,0.496,1,0.176,0.000,6,36,23,1.57,1,0.69,3.69,0.107,4.1,0.171,/Record/Retire/Hitter.aspx?playerId=52112,52112,2022,LG
24,고우석,LG,0.000,4,1,1,0,0,0,0,0,0,0,0,0,0,0,0,0,0,0.000,0.000,0.000,0,0.000,0.000,0,1,0,-,0,-,4.00,0.000,-0.1,0.000,/Record/Retire/Hitter.aspx?playerId=67119,67119,2022,LG
24,김진성,LG,-,2,0,0,0,0,0,0,0,0,0,0,0,0,0,0,0,0,-,-,-,0,0.000,0.000,0,0,0,-,0,-,-,-,0.0,0.000,/Record/Player/HitterDetail/Basic.aspx?playerId=75867,75867,2022,LG
24,김호은,LG,0.000,2,2,2,0,0,0,0,0,0,0,0,0,0,0,0,1,0,0.000,0.000,0.000,0,0.000,0.000,0,1,0,-,0,0.00,4.00,0.000,-0.2,0.000,/Record/Retire/Hitter.aspx?playerId=66113,66113,2022,LG
24,박용택,LG,-,1,0,0,0,0,0,0,0,0,0,0,0,0,0,0,0,0,-,-,-,0,0.000,0.000,0,0,0,-,0,-,-,-,0.0,0.000,/Record/Retire/Hitter.aspx?playerId=72133,72133,2022,LG
24,박재욱,LG,-,1,0,0,0,0,0,0,0,0,0,0,0,0,0,0,0,0,-,-,-,0,0.000,0.000,0,0,0,-,0,-,-,-,0.0,0.000,/Record/Retire/Hitter.aspx?playerId=64100,64100,2022,LG
24,배재준,LG,-,1,0,0,0,0,0,0,0,0,0,0,0,0,0,0,0,0,-,-,-,0,0.000,0.000,0,0,0,-,0,-,-,-,0.0,0.000,/Record/Player/HitterDetail/Basic.aspx?playerId=63145,63145,2022,LG
24,백승현,LG,-,1,0,0,0,0,0,0,0,0,0,0,0,0,0,0,0,0,-,-,-,0,0.000,0.000,0,0,0,-,0,-,-,-,0.0,0.000,/Record/Player/HitterDetail/Basic.aspx?playerId=65109,65109,2022,LG
24,송승기,LG,-,1,0,0,0,0,0,0,0,0,0,0,0,0,0,0,0,0,-,-,-,0,0.000,0.000,0,0,0,-,0,-,-,-,0.0,0.000,/Record/Player/HitterDetail/Basic.aspx?playerId=51111,51111,2022,LG
24,송은범,LG,-,2,0,0,0,0,0,0,0,0,0,0,0,0,0,0,0,0,-,-,-,0,0.000,0.000,0,0,0,-,0,-,-,-,0.0,0.000,/Record/Retire/Hitter.aspx?playerId=73801,73801,2022,LG
24,신민재,LG,0.000,14,3,3,2,0,0,0,0,0,0,0,0,0,0,0,0,0,0.000,0.000,0.000,0,0.000,0.000,0,2,1,2.00,0,-,4.33,0.000,-0.6,0.000,/Record/Player/HitterDetail/Basic.aspx?playerId=65207,65207,2022,LG
24,안익훈,LG,0.000,14,4,3,0,0,0,0,0,0,0,0,0,1,0,0,0,0,0.000,0.250,0.250,0,0.000,0.000,0,1,2,0.50,0,-,5.25,0.000,0.1,0.113,/Record/Retire/Hitter.aspx?playerId=65115,65115,2022,LG
24,정우영,LG,-,1,0,0,0,0,0,0,0,0,0,0,0,0,0,0,0,0,-,-,-,0,0.000,0.000,0,0,0,-,0,-,-,-,0.0,0.000,/Record/Player/HitterDetail/Basic.aspx?playerId=69159,69159,2022,LG
24,진해수,LG,-,1,0,0,0,0,0,0,0,0,0,0,0,0,0,0,0,0,-,-,-,0,0.000,0.000,0,0,0,-,0,-,-,-,0.0,0.000,/Record/Retire/Hitter.aspx?playerId=76650,76650,2022,LG
24,채원후,LG,-,1,0,0,0,0,0,0,0,0,0,0,0,0,0,0,0,0,-,-,-,0,0.000,0.000,0,0,0,-,0,-,-,-,0.0,0.000,/Record/Retire/Hitter.aspx?playerId=65241,65241,2022,LG
24,최동환,LG,-,4,0,0,0,0,0,0,0,0,0,0,0,0,0,0,0,0,-,-,-,0,0.000,0.000,0,0,0,-,0,-,-,-,0.0,0.000,/Record/Player/HitterDetail/Basic.aspx?playerId=79140,79140,2022,LG
24,최성훈,LG,-,2,0,0,0,0,0,0,0,0,0,0,0,0,0,0,0,0,-,-,-,0,0.000,0.000,0,0,0,-,0,-,-,-,0.0,0.000,/Record/Retire/Hitter.aspx?playerId=62146,62146,2022,LG
24,함덕주,LG,-,1,0,0,0,0,0,0,0,0,0,0,0,0,0,0,0,0,-,-,-,0,0.000,0.000,0,0,0,-,0,-,-,-,0.0,0.000,/Record/Player/HitterDetail/Basic.aspx?playerId=63248,63248,2022,LG
24,허준혁,LG,-,1,0,0,0,0,0,0,0,0,0,0,0,0,0,0,0,0,-,-,-,0,0.000,0.000,0,0,0,-,0,-,-,-,0.0,0.000,/Record/Player/HitterDetail/Basic.aspx?playerId=52119,52119,2022,LG
1,이천웅,LG,1.000,4,3,3,0,3,0,0,0,3,1,0,0,0,0,0,0,0,1.000,1.000,2.000,0,1.000,1.000,0,0,0,-,1,-,2.33,0.000,1.5,0.700,/Record/Retire/Hitter.aspx?playerId=61186,61186,2023,LG
2,홍창기,LG,0.332,141,643,524,109,174,35,2,1,216,65,3,6,88,3,22,83,6,0.412,0.444,0.856,58,0.361,0.500,38,158,115,1.37,5,1.06,4.14,0.080,98.6,0.303,/Record/Player/HitterDetail/Basic.aspx?playerId=66108,66108,2023,LG
3,안익훈,LG,0.318,11,23,22,1,7,1,0,0,8,2,0,0,0,0,1,2,0,0.364,0.348,0.712,2,0.333,0.000,1,9,4,2.25,0,0.00,3.09,0.045,2.7,0.248,/Record/Retire/Hitter.aspx?playerId=65115,65115,2023,LG
4,오스틴,LG,0.313,139,583,520,87,163,29,4,23,269,95,0,7,53,2,3,75,11,0.517,0.376,0.893,43,0.299,0.500,56,107,182,0.59,15,0.71,3.78,0.204,96.6,0.298,/Record/Player/HitterDetail/Basic.aspx?playerId=53123,53123,2023,LG
5,문보경,LG,0.301,131,542,469,77,141,29,5,10,210,72,9,4,58,2,2,83,5,0.448,0.377,0.825,39,0.281,0.250,44,125,124,1.01,11,0.70,3.87,0.147,78.1,0.282,/Record/Player/HitterDetail/Basic.aspx?playerId=69102,69102,2023,LG
6,문성주,LG,0.294,136,534,449,77,132,21,4,2,167,57,6,4,67,0,8,34,10,0.372,0.392,0.764,31,0.297,0.375,27,168,119,1.41,5,1.97,3.79,0.078,69.2,0.269,/Record/Player/HitterDetail/Basic.aspx?playerId=68119,68119,2023,LG
7,김현수,LG,0.293,133,556,488,53,143,22,2,6,187,88,1,8,58,4,1,53,10,0.383,0.364,0.747,43,0.348,0.250,30,148,152,0.97,10,1.09,3.85,0.090,70.6,0.260,/Record/Player/HitterDetail/Basic.aspx?playerId=76290,76290,2023,LG
8,박해민,LG,0.285,144,558,485,80,138,14,2,6,174,59,24,1,45,0,3,74,7,0.359,0.348,0.707,33,0.313,0.500,22,124,150,0.83,3,0.61,3.90,0.074,62.9,0.246,/Record/Player/HitterDetail/Basic.aspx?playerId=62415,62415,2023,LG
9,신민재,LG,0.277,122,331,282,47,78,5,2,0,87,28,17,2,29,0,1,34,5,0.309,0.344,0.653,19,0.329,1.000,7,116,56,2.07,2,0.85,3.87,0.032,33.5,0.232,/Record/Player/HitterDetail/Basic.aspx?playerId=65207,65207,2023,LG
10,정주현,LG,0.273,89,101,88,17,24,2,0,1,29,12,2,1,9,0,0,16,1,0.330,0.337,0.667,5,0.304,0.000,3,25,24,1.04,2,0.56,3.90,0.057,9.2,0.234,/Record/Retire/Hitter.aspx?playerId=79150,79150,2023,LG
11,오지환,LG,0.268,126,502,422,65,113,24,3,8,167,62,4,4,64,0,8,82,4,0.396,0.371,0.767,25,0.298,0.333,35,108,123,0.88,11,0.78,4.03,0.128,67.7,0.266,/Record/Player/HitterDetail/Basic.aspx?playerId=79109,79109,2023,LG
12,박동원,LG,0.249,130,481,409,54,102,17,1,20,181,75,8,8,49,3,7,90,7,0.443,0.334,0.777,27,0.212,0.333,38,118,107,1.10,8,0.54,3.83,0.193,64.9,0.261,/Record/Player/HitterDetail/Basic.aspx?playerId=79365,79365,2023,LG
13,김민성,LG,0.249,112,316,273,34,68,11,0,8,103,41,9,2,25,0,7,58,7,0.377,0.326,0.703,17,0.253,0.167,19,72,77,0.94,5,0.43,3.99,0.128,34.5,0.241,/Record/Player/HitterDetail/Basic.aspx?playerId=77564,77564,2023,LG
14,이재원,LG,0.214,57,129,112,15,24,5,0,4,41,18,0,3,12,2,2,40,1,0.366,0.295,0.661,4,0.242,0.133,9,20,31,0.65,1,0.30,3.88,0.152,14.0,0.224,/Record/Player/HitterDetail/Basic.aspx?playerId=68106,68106,2023,LG
15,손호영,LG,0.205,27,45,44,8,9,0,0,1,12,6,0,0,1,0,0,12,5,0.273,0.222,0.495,1,0.417,0.000,1,14,9,1.56,1,0.08,3.98,0.068,0.7,0.168,/Record/Player/HitterDetail/Basic.aspx?playerId=50150,50150,2023,LG
16,김주성,LG,0.200,11,7,5,1,1,0,0,0,1,0,0,0,1,0,1,2,0,0.200,0.429,0.629,0,0.000,0.000,0,1,1,1.00,0,0.50,3.57,0.000,0.8,0.243,/Record/Player/HitterDetail/Basic.aspx?playerId=66162,66162,2023,LG
16,서건창,LG,0.200,44,126,110,14,22,5,2,0,31,12,3,3,10,0,0,14,5,0.282,0.260,0.542,5,0.241,0.100,7,36,41,0.88,0,0.71,3.77,0.082,7.5,0.188,/Record/Player/HitterDetail/Basic.aspx?playerId=78168,78168,2023,LG
18,허도환,LG,0.141,47,81,64,8,9,3,0,2,18,10,7,1,3,0,6,20,3,0.281,0.243,0.524,1,0.333,0.000,5,18,18,1.00,2,0.15,3.78,0.141,4.5,0.180,/Record/Retire/Hitter.aspx?playerId=77243,77243,2023,LG
19,김기연,LG,0.118,28,40,34,3,4,0,0,0,4,2,1,0,5,0,0,10,0,0.118,0.231,0.349,0,0.167,0.000,0,7,13,0.54,0,0.50,3.83,0.000,1.1,0.133,/Record/Player/HitterDetail/Basic.aspx?playerId=66112,66112,2023,LG
20,김범석,LG,0.111,10,29,27,3,3,1,0,1,7,4,0,1,1,0,0,5,1,0.259,0.138,0.397,0,0.125,0.000,2,12,8,1.50,0,0.20,4.41,0.148,0.8,0.127,/Record/Retire/Hitter.aspx?playerId=53144,53144,2023,LG
21,최승민,LG,0.071,38,15,14,10,1,0,0,0,1,1,0,0,1,0,0,4,1,0.071,0.133,0.204,0,0.200,0.000,0,5,4,1.25,0,0.25,3.87,0.000,-0.3,0.078,/Record/Retire/Hitter.aspx?playerId=65905,65905,2023,LG
22,송찬의,LG,0.056,19,22,18,2,1,1,0,0,2,1,0,0,4,0,0,6,0,0.111,0.227,0.338,0,0.500,0.000,1,5,6,0.83,0,0.67,3.82,0.056,0.7,0.130,/Record/Player/HitterDetail/Basic.aspx?playerId=68110,68110,2023,LG
23,고우석,LG,-,1,0,0,0,0,0,0,0,0,0,0,0,0,0,0,0,0,-,-,-,0,0.000,0.000,0,0,0,-,0,-,-,-,0.0,0.000,/Record/Retire/Hitter.aspx?playerId=67119,67119,2023,LG
23,김대현,LG,-,2,0,0,0,0,0,0,0,0,0,0,0,0,0,0,0,0,-,-,-,0,0.000,0.000,0,0,0,-,0,-,-,-,0.0,0.000,/Record/Player/HitterDetail/Basic.aspx?playerId=66145,66145,2023,LG
23,박명근,LG,-,2,0,0,0,0,0,0,0,0,0,0,0,0,0,0,0,0,-,-,-,0,0.000,0.000,0,0,0,-,0,-,-,-,0.0,0.000,/Record/Player/HitterDetail/Basic.aspx?playerId=53139,53139,2023,LG
23,송대현,LG,0.000,4,3,3,0,0,0,0,0,0,0,0,0,0,0,0,2,0,0.000,0.000,0.000,0,0.000,0.000,0,0,1,0.00,0,0.00,4.67,0.000,-0.3,0.000,/Record/Player/HitterDetail/Basic.aspx?playerId=53105,53105,2023,LG
23,오석주,LG,-,1,0,0,0,0,0,0,0,0,0,0,0,0,0,0,0,0,-,-,-,0,0.000,0.000,0,0,0,-,0,-,-,-,0.0,0.000,/Record/Player/HitterDetail/Basic.aspx?playerId=67116,67116,2023,LG
23,이정용,LG,-,1,0,0,0,0,0,0,0,0,0,0,0,0,0,0,0,0,-,-,-,0,0.000,0.000,0,0,0,-,0,-,-,-,0.0,0.000,/Record/Player/HitterDetail/Basic.aspx?playerId=69134,69134,2023,LG
23,전준호,LG,0.000,2,1,1,0,0,0,0,0,0,1,0,0,0,0,0,0,0,0.000,0.000,0.000,0,0.000,0.000,0,1,0,-,0,-,5.00,0.000,-0.1,0.000,/Record/Retire/Hitter.aspx?playerId=67123,67123,2023,LG
23,최동환,LG,-,3,0,0,0,0,0,0,0,0,0,0,0,0,0,0,0,0,-,-,-,0,0.000,0.000,0,0,0,-,0,-,-,-,0.0,0.000,/Record/Player/HitterDetail/Basic.aspx?playerId=79140,79140,2023,LG
1,이주헌,LG,0.667,3,6,6,0,4,2,0,0,6,3,0,0,0,0,0,2,0,1.000,0.667,1.667,1,1.000,0.000,2,0,0,-,0,0.00,3.33,0.333,2.2,0.550,/Record/Player/HitterDetail/Basic.aspx?playerId=52154,52154,2024,LG
2,김대원,LG,0.500,19,4,4,5,2,0,0,0,2,0,0,0,0,0,0,1,0,0.500,0.500,1.000,0,0.000,0.667,0,1,0,-,0,0.00,1.75,0.000,0.9,0.350,/Record/Retire/Hitter.aspx?playerId=54164,54164,2024,LG
3,홍창기,LG,0.336,139,637,524,96,176,18,3,5,215,73,1,4,96,3,12,93,8,0.410,0.447,0.857,51,0.389,1.000,26,159,100,1.59,6,1.03,4.14,0.074,99.5,0.304,/Record/Player/HitterDetail/Basic.aspx?playerId=66108,66108,2024,LG
4,최명경,LG,0.333,1,3,3,0,1,0,0,0,1,0,0,0,0,0,0,1,0,0.333,0.333,0.666,0,0.000,0.000,0,1,0,-,0,0.00,3.67,0.000,0.3,0.233,/Record/Player/HitterDetail/Basic.aspx?playerId=54112,54112,2024,LG
5,오스틴,LG,0.319,140,604,527,99,168,32,3,32,302,132,0,13,61,6,3,82,9,0.573,0.384,0.957,49,0.329,0.000,67,100,190,0.53,14,0.74,3.78,0.254,112.1,0.316,/Record/Player/HitterDetail/Basic.aspx?playerId=53123,53123,2024,LG
6,문성주,LG,0.315,96,361,305,47,96,16,2,0,116,48,1,3,49,0,3,38,4,0.380,0.411,0.791,24,0.378,0.400,18,99,75,1.32,6,1.29,3.91,0.066,50.9,0.280,/Record/Player/HitterDetail/Basic.aspx?playerId=68119,68119,2024,LG
7,문보경,LG,0.301,144,602,519,80,156,35,3,22,263,101,3,13,65,3,2,112,14,0.507,0.372,0.879,40,0.292,0.000,60,125,139,0.90,7,0.58,4.04,0.206,96.0,0.294,/Record/Player/HitterDetail/Basic.aspx?playerId=69102,69102,2024,LG
8,신민재,LG,0.297,128,474,387,78,115,11,6,0,138,40,15,3,64,1,5,47,7,0.357,0.401,0.758,32,0.306,0.333,17,145,83,1.75,3,1.36,3.73,0.059,63.0,0.270,/Record/Player/HitterDetail/Basic.aspx?playerId=65207,65207,2024,LG
9,김현수,LG,0.294,137,583,517,61,152,36,2,8,216,69,1,9,47,1,9,76,10,0.418,0.357,0.775,44,0.257,0.250,46,125,173,0.72,10,0.62,3.73,0.124,78.4,0.265,/Record/Player/HitterDetail/Basic.aspx?playerId=76290,76290,2024,LG
10,박동원,LG,0.272,130,498,434,58,118,22,0,20,200,80,2,7,55,2,0,112,14,0.461,0.349,0.810,25,0.270,0.500,42,107,104,1.03,4,0.49,4.04,0.189,69.5,0.272,/Record/Player/HitterDetail/Basic.aspx?playerId=79365,79365,2024,LG
11,최원영,LG,0.270,57,41,37,18,10,2,0,1,15,5,0,0,1,0,3,7,0,0.405,0.341,0.746,0,0.214,0.333,3,7,13,0.54,0,0.14,3.90,0.135,5.1,0.255,/Record/Player/HitterDetail/Basic.aspx?playerId=52103,52103,2024,LG
12,김성진,LG,0.267,14,16,15,1,4,0,0,1,7,2,0,0,1,0,0,4,1,0.467,0.313,0.780,1,0.000,0.333,1,1,6,0.17,0,0.25,3.94,0.200,1.9,0.258,/Record/Player/HitterDetail/Basic.aspx?playerId=69105,69105,2024,LG
13,박해민,LG,0.263,144,553,482,72,127,16,6,6,173,56,5,9,46,0,11,101,3,0.359,0.336,0.695,35,0.233,0.250,28,102,161,0.63,4,0.46,4.08,0.095,68.5,0.241,/Record/Player/HitterDetail/Basic.aspx?playerId=62415,62415,2024,LG
14,구본혁,LG,0.257,133,389,339,48,87,14,2,2,111,43,4,4,38,0,4,51,7,0.327,0.335,0.662,15,0.272,0.500,18,85,120,0.71,8,0.75,3.81,0.071,39.9,0.233,/Record/Player/HitterDetail/Basic.aspx?playerId=69100,69100,2024,LG
15,오지환,LG,0.254,108,428,370,67,94,24,2,10,152,59,2,1,51,0,4,106,8,0.411,0.350,0.761,24,0.243,0.000,36,75,96,0.78,2,0.48,4.10,0.157,55.0,0.260,/Record/Player/HitterDetail/Basic.aspx?playerId=79109,79109,2024,LG
16,김범석,LG,0.241,70,180,162,14,39,4,0,6,61,24,0,2,14,2,2,49,4,0.377,0.306,0.683,7,0.194,0.125,10,32,44,0.73,2,0.29,3.89,0.136,19.1,0.232,/Record/Retire/Hitter.aspx?playerId=53144,53144,2024,LG
17,이영빈,LG,0.222,31,71,63,11,14,2,0,2,22,12,2,2,4,0,0,20,0,0.349,0.261,0.610,3,0.235,0.286,4,11,20,0.55,0,0.20,3.99,0.127,6.6,0.205,/Record/Player/HitterDetail/Basic.aspx?playerId=51100,51100,2024,LG
18,김현종,LG,0.200,17,16,15,8,3,1,0,0,4,2,0,0,0,0,1,4,0,0.267,0.250,0.517,0,0.400,0.333,1,2,6,0.33,0,0.00,2.69,0.067,0.9,0.179,/Record/Player/HitterDetail/Basic.aspx?playerId=54166,54166,2024,LG
19,안익훈,LG,0.184,37,56,49,8,9,1,0,0,10,3,2,1,4,0,0,13,2,0.204,0.241,0.445,0,0.071,0.111,1,15,13,1.15,1,0.31,3.95,0.020,2.4,0.159,/Record/Retire/Hitter.aspx?playerId=65115,65115,2024,LG
20,김주성,LG,0.167,12,9,6,1,1,0,0,0,1,0,0,0,3,0,0,0,0,0.167,0.444,0.611,0,0.000,0.000,0,2,3,0.67,0,-,3.78,0.000,1.1,0.242,/Record/Player/HitterDetail/Basic.aspx?playerId=66162,66162,2024,LG
21,김정율,LG,0.150,19,22,20,1,3,0,0,0,3,0,0,0,1,0,1,4,1,0.150,0.227,0.377,0,0.000,0.000,0,5,8,0.63,0,0.25,3.00,0.000,0.2,0.140,/Record/Player/HitterDetail/Basic.aspx?playerId=67504,67504,2024,LG
22,함창건,LG,0.143,15,17,14,3,2,0,0,0,2,0,1,0,2,0,0,3,1,0.143,0.250,0.393,0,0.000,0.333,0,3,6,0.50,0,0.67,3.88,0.000,0.2,0.148,/Record/Player/HitterDetail/Basic.aspx?playerId=50108,50108,2024,LG
23,허도환,LG,0.138,59,105,80,10,11,2,0,0,13,11,5,1,9,0,10,26,4,0.163,0.300,0.463,2,0.269,0.000,2,24,20,1.20,1,0.35,4.09,0.025,4.8,0.176,/Record/Retire/Hitter.aspx?playerId=77243,77243,2024,LG
24,최승민,LG,0.077,57,16,13,20,1,0,0,0,1,1,1,0,2,0,0,3,0,0.077,0.200,0.277,0,0.000,0.000,0,4,5,0.80,0,0.67,3.44,0.000,-0.1,0.109,/Record/Retire/Hitter.aspx?playerId=65905,65905,2024,LG
25,송찬의,LG,0.067,10,21,15,2,1,0,0,0,1,1,1,1,3,0,1,6,0,0.067,0.250,0.317,0,0.000,0.000,0,2,7,0.29,0,0.50,3.24,0.000,1.1,0.129,/Record/Player/HitterDetail/Basic.aspx?playerId=68110,68110,2024,LG
26,김대현,LG,-,3,0,0,0,0,0,0,0,0,0,0,0,0,0,0,0,0,-,-,-,0,0.000,0.000,0,0,0,-,0,-,-,-,0.0,0.000,/Record/Player/HitterDetail/Basic.aspx?playerId=66145,66145,2024,LG
26,김성우,LG,0.000,4,5,5,0,0,0,0,0,0,0,0,0,0,0,0,4,0,0.000,0.000,0.000,0,0.000,0.000,0,0,1,0.00,0,0.00,4.40,0.000,-0.5,0.000,/Record/Player/HitterDetail/Basic.aspx?playerId=52105,52105,2024,LG
26,김수인,LG,0.000,4,3,3,0,0,0,0,0,0,0,0,0,0,0,0,2,0,0.000,0.000,0.000,0,0.000,0.000,0,0,1,0.00,0,0.00,5.00,0.000,-0.3,0.000,/Record/Player/HitterDetail/Basic.aspx?playerId=50115,50115,2024,LG
26,김영준,LG,-,1,0,0,0,0,0,0,0,0,0,0,0,0,0,0,0,0,-,-,-,0,0.000,0.000,0,0,0,-,0,-,-,-,0.0,0.000,/Record/Player/HitterDetail/Basic.aspx?playerId=68130,68130,2024,LG
26,김유영,LG,-,2,0,0,0,0,0,0,0,0,0,0,0,0,0,0,0,0,-,-,-,0,0.000,0.000,0,0,0,-,0,-,-,-,0.0,0.000,/Record/Player/HitterDetail/Basic.aspx?playerId=64596,64596,2024,LG
26,김진성,LG,-,4,0,0,0,0,0,0,0,0,0,0,0,0,0,0,0,0,-,-,-,0,0.000,0.000,0,0,0,-,0,-,-,-,0.0,0.000,/Record/Player/HitterDetail/Basic.aspx?playerId=75867,75867,2024,LG
26,박명근,LG,-,1,0,0,0,0,0,0,0,0,0,0,0,0,0,0,0,0,-,-,-,0,0.000,0.000,0,0,0,-,0,-,-,-,0.0,0.000,/Record/Player/HitterDetail/Basic.aspx?playerId=53139,53139,2024,LG
26,백승현,LG,0.000,3,1,1,0,0,0,0,0,0,0,0,0,0,0,0,0,0,0.000,0.000,0.000,0,0.000,0.000,0,1,0,-,0,-,3.00,0.000,-0.1,0.000,/Record/Player/HitterDetail/Basic.aspx?playerId=65109,65109,2024,LG
26,유영찬,LG,-,8,0,0,0,0,0,0,0,0,0,0,0,0,0,0,0,0,-,-,-,0,0.000,0.000,0,0,0,-,0,-,-,-,0.0,0.000,/Record/Player/HitterDetail/Basic.aspx?playerId=50106,50106,2024,LG
26,이종준,LG,-,2,0,0,0,0,0,0,0,0,0,0,0,0,0,0,0,0,-,-,-,0,0.000,0.000,0,0,0,-,0,-,-,-,0.0,0.000,/Record/Player/HitterDetail/Basic.aspx?playerId=50904,50904,2024,LG
26,이지강,LG,-,4,0,0,0,0,0,0,0,0,0,0,0,0,0,0,0,0,-,-,-,0,0.000,0.000,0,0,0,-,0,-,-,-,0.0,0.000,/Record/Player/HitterDetail/Basic.aspx?playerId=69108,69108,2024,LG
26,임준형,LG,-,1,0,0,0,0,0,0,0,0,0,0,0,0,0,0,0,0,-,-,-,0,0.000,0.000,0,0,0,-,0,-,-,-,0.0,0.000,/Record/Player/HitterDetail/Basic.aspx?playerId=69113,69113,2024,LG
26,전준호,LG,0.000,3,1,1,0,0,0,0,0,0,0,0,0,0,0,0,1,0,0.000,0.000,0.000,0,0.000,0.000,0,0,0,-,0,0.00,5.00,0.000,-0.1,0.000,/Record/Retire/Hitter.aspx?playerId=67123,67123,2024,LG
26,정우영,LG,0.000,1,1,1,0,0,0,0,0,0,0,0,0,0,0,0,1,0,0.000,0.000,0.000,0,0.000,0.000,0,0,0,-,0,0.00,3.00,0.000,-0.1,0.000,/Record/Player/HitterDetail/Basic.aspx?playerId=69159,69159,2024,LG
26,진우영,LG,-,1,0,0,0,0,0,0,0,0,0,0,0,0,0,0,0,0,-,-,-,0,0.000,0.000,0,0,0,-,0,-,-,-,0.0,0.000,/Record/Player/HitterDetail/Basic.aspx?playerId=54148,54148,2024,LG
26,최동환,LG,-,1,0,0,0,0,0,0,0,0,0,0,0,0,0,0,0,0,-,-,-,0,0.000,0.000,0,0,0,-,0,-,-,-,0.0,0.000,/Record/Player/HitterDetail/Basic.aspx?playerId=79140,79140,2024,LG
26,함덕주,LG,-,1,0,0,0,0,0,0,0,0,0,0,0,0,0,0,0,0,-,-,-,0,0.000,0.000,0,0,0,-,0,-,-,-,0.0,0.000,/Record/Player/HitterDetail/Basic.aspx?playerId=63248,63248,2024,LG
1,김준태,LG,1.000,2,2,1,1,1,0,0,0,1,0,0,0,1,0,0,0,0,1.000,1.000,2.000,0,0.000,1.000,0,0,0,-,0,-,3.00,0.000,0.8,0.700,/Record/Player/HitterDetail/Basic.aspx?playerId=62558,62558,2025,LG
2,김현종,LG,0.400,10,6,5,3,2,1,0,0,3,0,0,0,1,0,0,1,1,0.600,0.500,1.100,0,0.000,0.500,1,2,0,-,0,1.00,2.83,0.200,0.9,0.375,/Record/Player/HitterDetail/Basic.aspx?playerId=54166,54166,2025,LG
3,신민재,LG,0.313,135,538,463,87,145,15,7,1,177,61,6,4,62,0,3,57,7,0.382,0.395,0.777,37,0.407,0.500,23,191,74,2.58,4,1.09,3.89,0.069,72.5,0.273,/Record/Player/HitterDetail/Basic.aspx?playerId=65207,65207,2025,LG
4,오스틴,LG,0.313,116,499,425,82,133,25,1,31,253,95,0,11,61,7,2,62,11,0.595,0.393,0.988,38,0.292,0.000,57,74,167,0.44,11,0.98,3.79,0.282,96.2,0.326,/Record/Player/HitterDetail/Basic.aspx?playerId=53123,53123,2025,LG
5,문성주,LG,0.305,135,542,475,57,145,20,2,3,178,70,0,9,54,0,4,59,10,0.375,0.375,0.750,43,0.321,0.167,25,166,114,1.46,10,0.92,3.77,0.069,69.7,0.263,/Record/Player/HitterDetail/Basic.aspx?playerId=68119,68119,2025,LG
6,김현수,LG,0.298,140,552,483,66,144,24,0,12,204,90,0,1,64,1,4,73,10,0.422,0.384,0.806,36,0.362,0.400,36,147,120,1.23,15,0.88,3.89,0.124,77.9,0.278,/Record/Player/HitterDetail/Basic.aspx?playerId=76290,76290,2025,LG
7,홍창기,LG,0.287,51,215,174,32,50,4,0,1,57,16,2,4,29,0,6,40,4,0.328,0.399,0.727,11,0.146,0.667,5,59,29,2.03,1,0.73,4.32,0.040,27.9,0.262,/Record/Player/HitterDetail/Basic.aspx?playerId=66108,66108,2025,LG
8,구본혁,LG,0.286,131,397,343,41,98,16,2,1,121,38,12,0,36,1,6,44,4,0.353,0.364,0.717,26,0.299,0.333,19,100,101,0.99,2,0.82,3.80,0.067,45.5,0.252,/Record/Player/HitterDetail/Basic.aspx?playerId=69100,69100,2025,LG
9,최원영,LG,0.282,119,115,103,37,29,5,0,0,34,2,3,1,4,0,4,20,4,0.330,0.330,0.660,2,0.174,0.667,5,30,25,1.20,0,0.20,3.55,0.049,10.7,0.231,/Record/Player/HitterDetail/Basic.aspx?playerId=52103,52103,2025,LG
10,박해민,LG,0.276,144,544,442,80,122,18,2,3,153,43,22,4,68,0,8,94,7,0.346,0.379,0.725,29,0.231,0.000,23,100,130,0.77,3,0.72,3.96,0.070,69.3,0.257,/Record/Player/HitterDetail/Basic.aspx?playerId=62415,62415,2025,LG
11,문보경,LG,0.276,141,607,515,91,142,21,1,24,237,108,0,9,79,3,4,108,15,0.460,0.371,0.831,38,0.274,0.333,46,162,112,1.45,13,0.73,4.13,0.184,90.2,0.282,/Record/Player/HitterDetail/Basic.aspx?playerId=69102,69102,2025,LG
12,박관우,LG,0.264,39,58,53,12,14,2,0,2,22,13,0,1,3,0,1,11,1,0.415,0.310,0.725,0,0.294,0.368,4,13,16,0.81,0,0.27,3.50,0.151,7.1,0.243,/Record/Player/HitterDetail/Basic.aspx?playerId=55164,55164,2025,LG
13,오지환,LG,0.253,127,472,419,57,106,24,1,16,180,62,7,6,37,0,3,115,4,0.430,0.314,0.744,27,0.283,0.333,41,90,114,0.79,6,0.32,4.19,0.177,58.8,0.249,/Record/Player/HitterDetail/Basic.aspx?playerId=79109,79109,2025,LG
14,박동원,LG,0.253,139,523,451,57,114,25,0,22,205,76,3,5,62,4,2,124,10,0.455,0.342,0.797,27,0.235,0.143,47,110,108,1.02,8,0.50,3.89,0.202,72.2,0.268,/Record/Player/HitterDetail/Basic.aspx?playerId=79365,79365,2025,LG
15,천성호,LG,0.237,83,199,173,24,41,9,2,1,57,17,4,0,17,0,5,29,2,0.329,0.323,0.652,8,0.250,0.154,12,58,45,1.29,3,0.59,3.67,0.092,19.5,0.228,/Record/Player/HitterDetail/Basic.aspx?playerId=50054,50054,2025,LG
16,이주헌,LG,0.219,76,156,128,22,28,3,0,4,43,9,2,0,18,0,8,30,2,0.336,0.351,0.687,5,0.111,0.250,7,31,39,0.79,1,0.60,3.78,0.117,17.4,0.242,/Record/Player/HitterDetail/Basic.aspx?playerId=52154,52154,2025,LG
17,송찬의,LG,0.211,66,166,147,18,31,9,1,3,51,20,1,1,9,0,8,49,4,0.347,0.291,0.638,7,0.237,0.273,13,29,39,0.74,3,0.18,3.90,0.136,14.4,0.218,/Record/Player/HitterDetail/Basic.aspx?playerId=68110,68110,2025,LG
18,이영빈,LG,0.208,44,75,72,12,15,1,1,3,27,9,1,1,1,0,0,35,1,0.375,0.216,0.591,1,0.238,0.000,5,9,14,0.64,0,0.03,4.45,0.167,6.2,0.191,/Record/Player/HitterDetail/Basic.aspx?playerId=51100,51100,2025,LG
19,김성우,LG,0.200,7,5,5,0,1,0,0,0,1,1,0,0,0,0,0,1,0,0.200,0.200,0.400,0,0.333,0.000,0,2,1,2.00,0,0.00,2.80,0.000,0.1,0.140,/Record/Player/HitterDetail/Basic.aspx?playerId=52105,52105,2025,LG
19,김주성,LG,0.200,16,17,15,3,3,0,0,1,6,1,0,0,1,0,1,2,0,0.400,0.294,0.694,0,0.000,0.250,1,4,6,0.67,0,0.50,3.94,0.200,1.4,0.232,/Record/Player/HitterDetail/Basic.aspx?playerId=66162,66162,2025,LG
19,손용준,LG,0.200,9,16,15,3,3,0,0,0,3,1,0,0,0,0,1,5,2,0.200,0.250,0.450,0,0.250,0.000,0,7,0,-,1,0.00,3.19,0.000,0.2,0.163,/Record/Player/HitterDetail/Basic.aspx?playerId=54156,54156,2025,LG
22,함창건,LG,0.188,15,36,32,2,6,2,0,0,8,2,0,1,3,0,0,9,1,0.250,0.250,0.500,1,0.100,0.200,2,6,12,0.50,0,0.33,3.75,0.063,2.0,0.175,/Record/Player/HitterDetail/Basic.aspx?playerId=50108,50108,2025,LG
23,김정율,LG,0.182,13,13,11,0,2,0,0,0,2,1,0,1,1,0,0,6,0,0.182,0.231,0.413,0,0.000,0.000,0,1,3,0.33,0,0.17,4.46,0.000,1.0,0.149,/Record/Player/HitterDetail/Basic.aspx?playerId=67504,67504,2025,LG
24,문정빈,LG,0.167,21,33,30,5,5,0,0,2,11,4,0,0,1,0,2,11,0,0.367,0.242,0.609,1,0.100,0.333,2,7,7,1.00,0,0.09,3.88,0.200,3.1,0.201,/Record/Player/HitterDetail/Basic.aspx?playerId=52121,52121,2025,LG
25,김영우,LG,-,4,0,0,0,0,0,0,0,0,0,0,0,0,0,0,0,0,-,-,-,0,0.000,0.000,0,0,0,-,0,-,-,-,0.0,0.000,/Record/Player/HitterDetail/Basic.aspx?playerId=55167,55167,2025,LG
25,김진성,LG,-,5,0,0,0,0,0,0,0,0,0,0,0,0,0,0,0,0,-,-,-,0,0.000,0.000,0,0,0,-,0,-,-,-,0.0,0.000,/Record/Player/HitterDetail/Basic.aspx?playerId=75867,75867,2025,LG
25,김진수,LG,-,1,0,0,0,0,0,0,0,0,0,0,0,0,0,0,0,0,-,-,-,0,0.000,0.000,0,0,0,-,0,-,-,-,0.0,0.000,/Record/Player/HitterDetail/Basic.aspx?playerId=51154,51154,2025,LG
25,박명근,LG,-,5,0,0,0,0,0,0,0,0,0,0,0,0,0,0,0,0,-,-,-,0,0.000,0.000,0,0,0,-,0,-,-,-,0.0,0.000,/Record/Player/HitterDetail/Basic.aspx?playerId=53139,53139,2025,LG
25,백승현,LG,-,3,0,0,0,0,0,0,0,0,0,0,0,0,0,0,0,0,-,-,-,0,0.000,0.000,0,0,0,-,0,-,-,-,0.0,0.000,/Record/Player/HitterDetail/Basic.aspx?playerId=65109,65109,2025,LG
25,우강훈,LG,-,2,0,0,0,0,0,0,0,0,0,0,0,0,0,0,0,0,-,-,-,0,0.000,0.000,0,0,0,-,0,-,-,-,0.0,0.000,/Record/Player/HitterDetail/Basic.aspx?playerId=51526,51526,2025,LG
25,유영찬,LG,0.000,11,2,1,0,0,0,0,0,0,0,0,0,1,0,0,0,0,0.000,0.500,0.500,0,0.000,0.000,0,0,1,0.00,0,-,4.00,0.000,0.3,0.225,/Record/Player/HitterDetail/Basic.aspx?playerId=50106,50106,2025,LG
25,이우찬,LG,-,1,0,0,0,0,0,0,0,0,0,0,0,0,0,0,0,0,-,-,-,0,0.000,0.000,0,0,0,-,0,-,-,-,0.0,0.000,/Record/Player/HitterDetail/Basic.aspx?playerId=61145,61145,2025,LG
25,이정용,LG,-,8,0,0,0,0,0,0,0,0,0,0,0,0,0,0,0,0,-,-,-,0,0.000,0.000,0,0,0,-,0,-,-,-,0.0,0.000,/Record/Player/HitterDetail/Basic.aspx?playerId=69134,69134,2025,LG
25,이지강,LG,-,6,0,0,0,0,0,0,0,0,0,0,0,0,0,0,0,0,-,-,-,0,0.000,0.000,0,0,0,-,0,-,-,-,0.0,0.000,/Record/Player/HitterDetail/Basic.aspx?playerId=69108,69108,2025,LG
25,장현식,LG,-,6,0,0,0,0,0,0,0,0,0,0,0,0,0,0,0,0,-,-,-,0,0.000,0.000,0,0,0,-,0,-,-,-,0.0,0.000,/Record/Player/HitterDetail/Basic.aspx?playerId=63950,63950,2025,LG
25,최승민,LG,0.000,19,6,5,6,0,0,0,0,0,0,0,0,1,0,0,2,0,0.000,0.167,0.167,0,0.000,0.000,0,3,0,-,0,0.50,3.17,0.000,-0.6,0.075,/Record/Retire/Hitter.aspx?playerId=65905,65905,2025,LG
25,함덕주,LG,-,3,0,0,0,0,0,0,0,0,0,0,0,0,0,0,0,0,-,-,-,0,0.000,0.000,0,0,0,-,0,-,-,-,0.0,0.000,/Record/Player/HitterDetail/Basic.aspx?playerId=63248,63248,2025,LG
