순위,선수명,팀명,ERA,G,W,L,SV,HLD,WPCT,IP,H,HR,BB,HBP,SO,R,ER,WHIP,CG,SHO,QS,BSV,TBF,NP,AVG,2B,3B,SAC,SF,IBB,WP,BK,GS,Wgs,Wgr,GF,SVO,TS,GDP,GO,AO,GO/AO,BABIP,P/G,P/IP,K/9,BB/9,K/BB,OBP,SLG,OPS,player_link,player_id,season_year,team_code
1,이민호,LG,0.00,1,0,0,0,0,-,1,0,0,1,0,1,0,0,1.00,0,0,0,0,4,18,0.000,0,0,0,0,0,0,0,0,0,0,1,0,0,0,0,2,0.00,0.000,18.0,18.0,9.00,9.00,1.00,0.250,0.000,0.250,/Record/Player/PitcherDetail/Basic.aspx?playerId=50126,50126,2026,LG
1,이우찬,LG,0.00,3,0,0,0,0,-,2,3,0,1,0,2,0,0,2.00,0,0,0,0,10,36,0.333,1,0,0,0,0,0,0,0,0,0,0,0,0,0,1,3,0.33,0.429,12.0,18.0,9.00,4.50,2.00,0.400,0.444,0.844,/Record/Player/PitcherDetail/Basic.aspx?playerId=61145,61145,2026,LG
3,유영찬,LG,0.75,13,0,1,11,0,0.000,12,4,0,6,0,12,1,1,0.83,0,0,0,0,45,182,0.103,0,0,0,0,0,0,0,0,0,0,12,12,0,1,8,15,0.53,0.148,14.0,15.2,9.00,4.50,2.00,0.222,0.103,0.325,/Record/Player/PitcherDetail/Basic.aspx?playerId=50106,50106,2026,LG
4,손주영,LG,1.59,10,1,0,8,0,1.000,11 1/3,11,0,4,1,10,2,2,1.32,0,0,0,0,49,177,0.250,1,0,0,0,0,2,0,0,0,1,9,8,0,0,14,9,1.56,0.324,17.7,15.6,7.94,3.18,2.50,0.327,0.273,0.600,/Record/Player/PitcherDetail/Basic.aspx?playerId=67143,67143,2026,LG
5,웰스,LG,1.79,8,3,2,0,0,0.600,45 1/3,29,1,12,0,36,11,9,0.90,0,0,5,0,176,676,0.178,8,2,1,0,0,0,0,8,3,0,0,0,0,1,44,54,0.81,0.222,84.5,14.9,7.15,2.38,3.00,0.234,0.270,0.504,/Record/Player/PitcherDetail/Basic.aspx?playerId=55348,55348,2026,LG
6,김유영,LG,1.80,5,0,0,0,0,-,5,3,0,4,0,8,1,1,1.40,0,0,0,0,21,96,0.176,1,0,0,0,0,0,0,0,0,0,0,0,0,0,3,3,1.00,0.333,19.2,19.2,14.40,7.20,2.00,0.333,0.235,0.568,/Record/Player/PitcherDetail/Basic.aspx?playerId=64596,64596,2026,LG
7,김진수,LG,2.42,17,2,1,1,3,0.667,22 1/3,19,2,5,0,15,6,6,1.07,0,0,0,0,89,331,0.232,5,0,0,2,1,1,0,0,0,2,4,4,0,3,26,24,1.08,0.254,19.5,14.8,6.04,2.01,3.00,0.270,0.366,0.636,/Record/Player/PitcherDetail/Basic.aspx?playerId=51154,51154,2026,LG
8,김윤식,LG,2.63,10,0,0,0,2,-,13 2/3,12,0,5,1,9,4,4,1.24,0,0,0,0,55,203,0.245,5,0,0,0,0,0,0,0,0,0,1,2,0,4,14,14,1.00,0.300,20.3,14.9,5.93,3.29,1.80,0.327,0.347,0.674,/Record/Player/PitcherDetail/Basic.aspx?playerId=50157,50157,2026,LG
9,이종준,LG,3.00,2,0,0,0,0,-,3,1,0,0,1,3,1,1,0.33,0,0,0,0,11,50,0.100,1,0,0,0,0,0,0,0,0,0,2,0,0,0,2,4,0.50,0.143,25.0,16.7,9.00,0.00,-,0.182,0.200,0.382,/Record/Player/PitcherDetail/Basic.aspx?playerId=50904,50904,2026,LG
10,김영우,LG,3.06,20,1,0,0,3,1.000,17 2/3,14,2,8,0,17,6,6,1.25,0,0,0,1,75,294,0.215,3,1,1,1,1,0,0,0,0,1,3,7,0,0,10,25,0.40,0.255,14.7,16.6,8.66,4.08,2.13,0.297,0.385,0.682,/Record/Player/PitcherDetail/Basic.aspx?playerId=55167,55167,2026,LG
11,김진성,LG,3.09,27,3,0,1,11,1.000,23 1/3,25,3,8,0,17,8,8,1.41,0,0,0,2,100,398,0.287,5,0,1,4,0,1,0,0,0,3,2,12,1,2,8,41,0.20,0.310,14.7,17.1,6.56,3.09,2.13,0.333,0.448,0.781,/Record/Player/PitcherDetail/Basic.aspx?playerId=75867,75867,2026,LG
12,톨허스트,LG,3.24,11,7,3,0,0,0.700,58 1/3,49,4,18,7,48,21,21,1.15,0,0,8,0,248,931,0.224,6,0,2,2,0,0,1,11,7,0,0,0,0,4,50,74,0.68,0.266,84.6,16.0,7.41,2.78,2.67,0.301,0.306,0.607,/Record/Player/PitcherDetail/Basic.aspx?playerId=55130,55130,2026,LG
13,송승기,LG,4.18,10,3,1,0,0,0.750,47 1/3,52,5,14,0,40,25,22,1.39,0,0,1,0,209,882,0.271,7,1,1,2,0,4,0,10,3,0,0,0,0,2,43,59,0.73,0.315,88.2,18.6,7.61,2.66,2.86,0.317,0.396,0.713,/Record/Player/PitcherDetail/Basic.aspx?playerId=51111,51111,2026,LG
14,임찬규,LG,4.31,10,4,1,0,0,0.800,54 1/3,70,5,16,1,29,27,26,1.58,0,0,3,0,240,906,0.320,13,0,2,2,0,1,0,10,4,0,0,0,0,4,56,66,0.85,0.348,90.6,16.7,4.80,2.65,1.81,0.366,0.447,0.813,/Record/Player/PitcherDetail/Basic.aspx?playerId=61101,61101,2026,LG
15,박시원,LG,4.32,8,0,1,0,0,0.000,8 1/3,9,0,3,1,1,5,4,1.44,0,0,0,0,38,137,0.273,0,0,1,0,0,3,0,0,0,0,5,0,0,0,14,9,1.56,0.281,17.1,16.4,1.08,3.24,0.33,0.351,0.273,0.624,/Record/Player/PitcherDetail/Basic.aspx?playerId=55121,55121,2026,LG
16,우강훈,LG,4.98,26,0,1,0,12,0.000,21 2/3,20,1,8,3,23,16,12,1.29,0,0,0,2,96,365,0.235,3,1,0,0,0,1,0,0,0,0,0,18,0,2,24,18,1.33,0.311,14.0,16.8,9.55,3.32,2.88,0.323,0.329,0.652,/Record/Player/PitcherDetail/Basic.aspx?playerId=51526,51526,2026,LG
17,이정용,LG,5.65,14,0,1,0,1,0.000,28 2/3,42,2,11,2,16,21,18,1.85,0,0,0,0,140,497,0.339,5,1,1,2,0,1,0,5,0,0,2,2,0,0,37,31,1.19,0.370,35.5,17.3,5.02,3.45,1.45,0.396,0.444,0.840,/Record/Player/PitcherDetail/Basic.aspx?playerId=69134,69134,2026,LG
18,장현식,LG,5.85,21,4,2,2,7,0.667,20,22,4,8,1,18,13,13,1.50,0,0,0,3,88,361,0.278,1,0,0,0,1,2,0,0,0,4,3,10,0,3,22,17,1.29,0.316,17.2,18.1,8.10,3.60,2.25,0.352,0.443,0.795,/Record/Player/PitcherDetail/Basic.aspx?playerId=63950,63950,2026,LG
19,함덕주,LG,6.32,20,2,1,1,3,0.667,15 2/3,22,3,6,0,9,11,11,1.79,0,0,0,1,74,332,0.324,1,0,0,0,0,0,0,0,0,2,2,6,0,0,13,24,0.54,0.339,16.6,21.2,5.17,3.45,1.50,0.378,0.471,0.849,/Record/Player/PitcherDetail/Basic.aspx?playerId=63248,63248,2026,LG
20,치리노스,LG,6.68,8,2,3,0,0,0.400,33 2/3,47,4,14,4,28,26,25,1.81,0,0,0,0,164,648,0.331,8,0,3,1,0,1,0,8,2,0,0,0,0,5,43,25,1.72,0.387,81.0,19.2,7.49,3.74,2.00,0.404,0.472,0.876,/Record/Player/PitcherDetail/Basic.aspx?playerId=55146,55146,2026,LG
21,조건희,LG,9.00,2,0,0,0,0,-,2,4,1,2,0,1,2,2,3.00,0,0,0,0,12,47,0.400,0,0,0,0,0,0,0,0,0,0,1,0,0,0,2,3,0.67,0.375,23.5,23.5,4.50,9.00,0.50,0.500,0.700,1.200,/Record/Player/PitcherDetail/Basic.aspx?playerId=51163,51163,2026,LG
22,배재준,LG,10.64,13,1,1,0,2,0.500,11,18,2,10,1,12,13,13,2.55,0,0,0,1,59,244,0.383,2,0,0,1,0,2,0,0,0,1,1,4,0,2,7,11,0.64,0.471,18.8,22.2,9.82,8.18,1.20,0.492,0.553,1.045,/Record/Player/PitcherDetail/Basic.aspx?playerId=63145,63145,2026,LG
23,성동현,LG,11.12,5,0,0,0,0,-,5 2/3,10,2,4,1,5,8,7,2.47,0,0,0,0,33,126,0.357,0,0,0,0,0,0,0,0,0,0,4,0,0,0,6,7,0.86,0.381,25.2,22.2,7.94,6.35,1.25,0.455,0.571,1.026,/Record/Player/PitcherDetail/Basic.aspx?playerId=68159,68159,2026,LG
24,백승현,LG,11.81,6,0,0,0,0,-,5 1/3,6,2,4,0,6,7,7,1.88,0,0,0,0,25,108,0.286,0,0,0,0,0,2,0,0,0,0,1,0,0,1,5,4,1.25,0.308,18.0,20.3,10.13,6.75,1.50,0.400,0.571,0.971,/Record/Player/PitcherDetail/Basic.aspx?playerId=65109,65109,2026,LG
25,이상영,LG,13.50,1,0,1,0,0,0.000,3 1/3,9,0,2,0,0,5,5,3.30,0,0,0,0,18,58,0.563,2,0,0,0,0,0,0,1,0,0,0,0,0,2,5,2,2.50,0.563,58.0,17.4,0.00,5.40,0.00,0.611,0.688,1.299,/Record/Player/PitcherDetail/Basic.aspx?playerId=69168,69168,2026,LG
1,이교훈,한화,0.00,1,0,0,0,0,-,1/3,1,0,1,0,1,2,0,6.00,0,0,0,0,3,11,0.500,0,0,0,0,0,0,0,0,0,0,0,0,0,0,0,0,-,1.000,11.0,33.0,27.00,27.00,1.00,0.667,0.500,1.167,/Record/Player/PitcherDetail/Basic.aspx?playerId=69205,69205,2026,HH
2,이민우,한화,2.25,20,0,2,4,4,0.000,24,22,1,6,3,10,6,6,1.17,0,0,0,0,101,378,0.253,2,0,1,4,0,0,0,0,0,0,6,6,1,1,32,27,1.19,0.263,18.9,15.8,3.75,2.25,1.67,0.310,0.310,0.620,/Record/Player/PitcherDetail/Basic.aspx?playerId=65616,65616,2026,HH
3,이상규,한화,2.86,18,1,0,0,4,1.000,22,19,2,8,2,17,11,7,1.23,0,0,0,0,96,344,0.229,0,0,3,0,0,1,0,0,0,1,2,5,0,1,25,22,1.14,0.266,19.1,15.6,6.95,3.27,2.13,0.312,0.301,0.613,/Record/Player/PitcherDetail/Basic.aspx?playerId=65117,65117,2026,HH
4,화이트,한화,3.05,4,2,1,0,0,0.667,20 2/3,17,1,4,1,15,7,7,1.02,0,0,2,0,83,323,0.224,5,1,1,1,0,1,0,4,2,0,0,0,0,2,25,20,1.25,0.262,80.8,15.6,6.53,1.74,3.75,0.268,0.355,0.623,/Record/Player/PitcherDetail/Basic.aspx?playerId=56724,56724,2026,HH
5,왕옌청,한화,3.24,11,5,2,0,0,0.714,58 1/3,58,4,24,4,50,29,21,1.41,0,0,4,0,253,981,0.259,8,0,1,0,0,3,0,11,5,0,0,0,0,7,76,40,1.90,0.318,89.2,16.8,7.71,3.70,2.08,0.341,0.348,0.689,/Record/Player/PitcherDetail/Basic.aspx?playerId=56719,56719,2026,HH
6,류현진,한화,3.28,10,6,2,0,0,0.750,57 2/3,52,4,9,2,49,25,21,1.06,0,0,4,0,232,890,0.243,11,1,5,2,1,1,0,10,6,0,0,0,0,4,53,62,0.85,0.294,89.0,15.4,7.65,1.40,5.44,0.278,0.360,0.638,/Record/Player/PitcherDetail/Basic.aspx?playerId=76715,76715,2026,HH
7,박준영,한화,3.55,4,1,0,0,1,1.000,12 2/3,12,3,5,1,10,5,5,1.34,0,0,0,0,54,219,0.255,4,0,0,1,0,1,0,2,1,0,0,0,0,2,12,14,0.86,0.257,54.8,17.3,7.11,3.55,2.00,0.333,0.532,0.865,/Record/Player/PitcherDetail/Basic.aspx?playerId=56709,56709,2026,HH
8,조동욱,한화,4.29,26,1,1,0,6,0.500,21,23,0,10,2,19,10,10,1.57,0,0,0,1,93,320,0.291,2,1,2,0,0,1,0,0,0,1,2,3,0,2,15,22,0.68,0.383,12.3,15.2,8.14,4.29,1.90,0.385,0.342,0.727,/Record/Player/PitcherDetail/Basic.aspx?playerId=54768,54768,2026,HH
9,박준영,한화,4.42,15,1,0,0,0,1.000,18 1/3,14,1,18,3,17,10,9,1.75,0,0,0,0,85,367,0.230,3,2,1,2,0,0,0,1,0,1,6,1,0,3,16,16,1.00,0.289,24.5,20.0,8.35,8.84,0.94,0.417,0.393,0.810,/Record/Player/PitcherDetail/Basic.aspx?playerId=52731,52731,2026,HH
10,에르난데스,한화,4.47,10,3,3,0,0,0.500,48 1/3,51,3,21,1,36,26,24,1.49,0,0,3,0,208,827,0.277,9,0,2,0,0,1,0,10,3,0,0,0,0,7,39,58,0.67,0.331,82.7,17.1,6.70,3.91,1.71,0.354,0.375,0.729,/Record/Player/PitcherDetail/Basic.aspx?playerId=56712,56712,2026,HH
11,쿠싱,한화,4.79,16,1,2,4,0,0.333,20 2/3,20,3,6,0,26,11,11,1.26,0,0,0,1,88,334,0.247,2,0,1,0,0,0,0,1,0,1,15,5,0,2,20,15,1.33,0.327,20.9,16.2,11.32,2.61,4.33,0.299,0.383,0.682,/Record/Player/PitcherDetail/Basic.aspx?playerId=56760,56760,2026,HH
12,권민규,한화,4.82,9,1,0,0,0,1.000,9 1/3,13,1,4,0,7,5,5,1.82,0,0,0,0,43,173,0.342,2,1,0,1,0,0,0,0,0,1,3,0,0,2,8,11,0.73,0.387,19.2,18.5,6.75,3.86,1.75,0.395,0.526,0.921,/Record/Player/PitcherDetail/Basic.aspx?playerId=55764,55764,2026,HH
13,김종수,한화,5.09,23,0,1,0,4,0.000,17 2/3,20,3,10,2,15,10,10,1.70,0,0,0,1,83,300,0.290,0,2,0,2,0,0,0,0,0,0,1,4,0,2,19,17,1.12,0.321,13.0,17.0,7.64,5.09,1.50,0.386,0.478,0.864,/Record/Player/PitcherDetail/Basic.aspx?playerId=63765,63765,2026,HH
14,문동주,한화,5.18,6,1,1,0,0,0.500,24 1/3,27,3,11,3,18,16,14,1.56,0,0,1,0,110,442,0.281,6,1,0,0,0,2,0,6,1,0,0,0,0,3,29,22,1.32,0.320,73.7,18.2,6.66,4.07,1.64,0.373,0.458,0.831,/Record/Player/PitcherDetail/Basic.aspx?playerId=52701,52701,2026,HH
15,황준서,한화,6.28,7,1,2,0,0,0.333,14 1/3,15,2,12,0,17,11,10,1.88,0,0,0,0,70,288,0.278,1,0,3,1,0,0,0,3,0,1,1,0,0,1,10,13,0.77,0.361,41.1,20.1,10.67,7.53,1.42,0.403,0.407,0.810,/Record/Player/PitcherDetail/Basic.aspx?playerId=54729,54729,2026,HH
16,강재민,한화,6.75,3,0,0,0,0,-,2 2/3,4,0,3,2,1,2,2,2.63,0,0,0,0,17,60,0.364,0,0,1,0,0,0,0,0,0,0,1,0,0,0,1,5,0.20,0.400,20.0,22.5,3.38,10.13,0.33,0.563,0.364,0.927,/Record/Player/PitcherDetail/Basic.aspx?playerId=50705,50705,2026,HH
17,윤산흠,한화,7.00,19,1,1,0,2,0.500,18,18,3,11,1,14,17,14,1.61,0,0,0,1,84,343,0.257,4,0,1,1,0,0,0,0,0,1,0,4,0,4,25,14,1.79,0.278,18.1,19.1,7.00,5.50,1.27,0.361,0.443,0.804,/Record/Player/PitcherDetail/Basic.aspx?playerId=69213,69213,2026,HH
18,정우주,한화,7.33,23,0,2,0,5,0.000,23 1/3,27,3,21,5,29,22,19,2.06,0,0,0,1,121,542,0.290,6,0,0,2,0,5,0,3,0,0,1,5,0,2,12,27,0.44,0.381,23.6,23.2,11.19,8.10,1.38,0.438,0.452,0.890,/Record/Player/PitcherDetail/Basic.aspx?playerId=55743,55743,2026,HH
19,강건우,한화,7.94,9,0,0,0,0,-,11 1/3,20,2,11,1,10,11,10,2.74,0,0,0,0,67,242,0.364,0,0,0,0,0,0,0,1,0,0,2,0,0,1,8,17,0.47,0.419,26.9,21.4,7.94,8.74,0.91,0.478,0.473,0.951,/Record/Player/PitcherDetail/Basic.aspx?playerId=56769,56769,2026,HH
20,박상원,한화,8.47,21,0,2,1,6,0.000,17,25,2,8,1,17,16,16,1.94,0,0,0,1,84,321,0.338,5,0,0,1,0,0,0,0,0,0,2,8,0,0,18,15,1.20,0.411,15.3,18.9,9.00,4.24,2.13,0.405,0.486,0.891,/Record/Player/PitcherDetail/Basic.aspx?playerId=67703,67703,2026,HH
21,박재규,한화,9.00,2,0,0,0,0,-,1,1,0,1,0,0,1,1,2.00,0,0,0,0,5,23,0.333,0,0,1,0,0,0,0,0,0,0,0,0,0,0,2,0,-,0.333,11.5,23.0,0.00,9.00,0.00,0.500,0.333,0.833,/Record/Player/PitcherDetail/Basic.aspx?playerId=53706,53706,2026,HH
22,원종혁,한화,10.50,9,1,0,0,0,1.000,6,13,1,7,0,3,8,7,3.33,0,0,0,0,38,144,0.433,2,0,1,0,0,0,0,0,0,1,4,0,0,0,3,11,0.27,0.462,16.0,24.0,4.50,10.50,0.43,0.541,0.600,1.141,/Record/Player/PitcherDetail/Basic.aspx?playerId=54702,54702,2026,HH
23,김서현,한화,12.38,12,1,2,1,0,0.333,8,9,1,15,4,5,12,11,3.00,0,0,0,1,52,210,0.281,1,0,1,0,0,1,0,0,0,1,5,2,0,0,11,7,1.57,0.308,17.5,26.3,5.63,16.88,0.33,0.549,0.406,0.955,/Record/Player/PitcherDetail/Basic.aspx?playerId=53754,53754,2026,HH
24,김범준,한화,13.50,1,0,0,0,0,-,2/3,2,0,0,0,0,1,1,3.00,0,0,0,0,4,14,0.667,0,1,1,0,0,0,0,0,0,0,0,0,0,0,1,0,-,0.667,14.0,21.0,0.00,0.00,-,0.667,1.333,2.000,/Record/Player/PitcherDetail/Basic.aspx?playerId=50710,50710,2026,HH
25,주현상,한화,15.43,3,0,0,0,0,-,2 1/3,7,1,2,0,1,9,4,3.86,0,0,0,0,17,61,0.500,1,0,0,1,0,0,0,0,0,0,0,0,0,0,2,5,0.40,0.462,20.3,26.1,3.86,7.71,0.50,0.529,0.786,1.315,/Record/Player/PitcherDetail/Basic.aspx?playerId=65707,65707,2026,HH
26,김도빈,한화,24.75,6,0,1,0,1,0.000,4,3,0,10,2,6,11,11,3.25,0,0,0,0,27,121,0.214,2,1,0,1,0,3,0,0,0,0,1,0,0,0,4,2,2.00,0.333,20.2,30.3,13.50,22.50,0.60,0.556,0.500,1.056,/Record/Player/PitcherDetail/Basic.aspx?playerId=54705,54705,2026,HH
27,엄상백,한화,27.00,1,0,0,0,0,-,1/3,2,0,0,1,0,1,1,6.00,0,0,0,0,4,13,0.667,2,0,0,0,0,0,0,0,0,0,0,0,0,0,0,1,0.00,0.667,13.0,39.0,0.00,0.00,-,0.750,1.333,2.083,/Record/Player/PitcherDetail/Basic.aspx?playerId=65056,65056,2026,HH
1,최용준,SSG,0.00,3,0,0,0,0,-,2 2/3,0,0,2,0,1,0,0,0.75,0,0,0,0,9,40,0.000,0,0,0,0,0,0,0,0,0,0,2,0,0,1,3,3,1.00,0.000,13.3,15.0,3.38,6.75,0.50,0.222,0.000,0.222,/Record/Player/PitcherDetail/Basic.aspx?playerId=50650,50650,2026,SK
2,문승원,SSG,0.96,22,2,0,0,5,1.000,28,14,0,10,3,16,7,3,0.86,0,0,0,0,111,463,0.146,2,0,1,1,1,0,0,0,0,2,2,3,0,0,35,32,1.09,0.173,21.0,16.5,5.14,3.21,1.60,0.245,0.167,0.412,/Record/Player/PitcherDetail/Basic.aspx?playerId=62869,62869,2026,SK
3,이건욱,SSG,2.84,4,0,0,0,0,-,6 1/3,4,1,2,0,6,2,2,0.95,0,0,0,0,24,86,0.182,1,0,0,0,0,0,0,0,0,0,1,0,0,0,7,5,1.40,0.200,21.5,13.6,8.53,2.84,3.00,0.250,0.364,0.614,/Record/Player/PitcherDetail/Basic.aspx?playerId=64861,64861,2026,SK
4,최민준,SSG,3.52,10,1,4,0,0,0.200,46,39,6,21,3,39,23,18,1.30,0,0,0,0,197,768,0.229,5,0,1,2,0,2,1,10,1,0,0,0,0,6,50,44,1.14,0.260,76.8,16.7,7.63,4.11,1.86,0.321,0.365,0.686,/Record/Player/PitcherDetail/Basic.aspx?playerId=68856,68856,2026,SK
5,조병현,SSG,3.66,20,1,3,5,0,0.250,19 2/3,17,1,14,2,20,8,8,1.58,0,0,0,2,91,380,0.230,1,0,0,1,1,1,0,0,0,1,14,7,1,1,9,29,0.31,0.296,19.0,19.3,9.15,6.41,1.43,0.363,0.284,0.647,/Record/Player/PitcherDetail/Basic.aspx?playerId=51897,51897,2026,SK
6,정동윤,SSG,3.86,3,0,0,0,0,-,4 2/3,1,0,4,1,4,2,2,1.07,0,0,0,0,19,88,0.071,0,0,0,0,0,2,0,0,0,0,2,0,0,1,6,3,2.00,0.100,29.3,18.9,7.71,7.71,1.00,0.316,0.071,0.387,/Record/Player/PitcherDetail/Basic.aspx?playerId=66858,66858,2026,SK
7,화이트,SSG,4.11,6,1,1,0,0,0.500,30 2/3,37,1,15,2,29,15,14,1.70,0,0,3,0,142,557,0.298,5,0,0,1,0,2,0,6,1,0,0,0,0,3,34,25,1.36,0.379,92.8,18.2,8.51,4.40,1.93,0.380,0.363,0.743,/Record/Player/PitcherDetail/Basic.aspx?playerId=55855,55855,2026,SK
8,백승건,SSG,4.32,5,0,0,0,0,-,8 1/3,9,0,4,0,7,5,4,1.56,0,0,0,0,39,172,0.290,4,1,1,3,0,0,0,1,0,0,1,1,0,0,6,12,0.50,0.333,34.4,20.6,7.56,4.32,1.75,0.342,0.484,0.826,/Record/Player/PitcherDetail/Basic.aspx?playerId=69839,69839,2026,SK
9,김민,SSG,4.33,27,4,3,1,6,0.571,27,23,1,16,1,29,16,13,1.44,0,0,0,1,116,401,0.232,3,0,0,0,2,3,0,0,0,4,4,7,0,5,26,21,1.24,0.319,14.9,14.9,9.67,5.33,1.81,0.345,0.293,0.638,/Record/Player/PitcherDetail/Basic.aspx?playerId=68043,68043,2026,SK
10,김건우,SSG,4.70,11,5,2,0,0,0.714,53 2/3,48,7,29,3,41,29,28,1.43,0,0,2,0,234,977,0.241,7,0,1,2,0,1,0,11,5,0,0,0,0,8,49,63,0.78,0.268,88.8,18.2,6.88,4.86,1.41,0.343,0.382,0.725,/Record/Player/PitcherDetail/Basic.aspx?playerId=51867,51867,2026,SK
11,노경은,SSG,4.88,24,1,3,0,4,0.250,24,26,5,7,1,18,15,13,1.38,0,0,0,4,108,430,0.274,5,1,3,2,2,1,0,0,0,1,3,7,0,1,26,27,0.96,0.284,17.9,17.9,6.75,2.63,2.57,0.324,0.505,0.829,/Record/Player/PitcherDetail/Basic.aspx?playerId=73211,73211,2026,SK
12,이로운,SSG,5.04,27,4,0,0,4,1.000,25,23,3,14,0,21,14,14,1.48,0,0,0,1,110,464,0.242,5,0,1,0,4,1,0,0,0,4,2,5,0,2,19,32,0.59,0.282,17.2,18.6,7.56,5.04,1.50,0.339,0.389,0.728,/Record/Player/PitcherDetail/Basic.aspx?playerId=53892,53892,2026,SK
13,김도현,SSG,5.06,4,0,0,0,0,-,5 1/3,3,1,9,0,2,3,3,2.25,0,0,0,0,27,117,0.167,0,0,0,0,0,1,0,0,0,0,1,0,0,1,5,8,0.63,0.133,29.3,21.9,3.38,15.19,0.22,0.444,0.333,0.777,/Record/Player/PitcherDetail/Basic.aspx?playerId=52844,52844,2026,SK
14,베니지아노,SSG,5.63,10,1,3,0,0,0.250,46 1/3,58,7,20,5,34,33,29,1.68,0,0,0,0,221,883,0.305,8,0,6,0,0,1,0,10,1,0,0,0,0,3,52,46,1.13,0.342,88.3,19.1,6.60,3.88,1.70,0.386,0.458,0.844,/Record/Player/PitcherDetail/Basic.aspx?playerId=56841,56841,2026,SK
15,한두솔,SSG,5.75,20,0,0,0,0,-,20 1/3,29,2,4,4,17,14,13,1.62,0,0,0,0,98,331,0.333,2,0,1,2,0,0,0,0,0,0,9,0,0,0,18,25,0.72,0.386,16.6,16.3,7.52,1.77,4.25,0.381,0.425,0.806,/Record/Player/PitcherDetail/Basic.aspx?playerId=68092,68092,2026,SK
16,박시후,SSG,6.61,15,0,1,0,0,0.000,16 1/3,16,4,9,3,13,14,12,1.53,0,0,0,1,76,284,0.262,5,0,1,2,0,2,0,0,0,0,2,1,0,1,17,17,1.00,0.261,18.9,17.4,7.16,4.96,1.44,0.373,0.541,0.914,/Record/Player/PitcherDetail/Basic.aspx?playerId=50812,50812,2026,SK
17,타케다,SSG,8.10,10,1,6,0,0,0.143,43 1/3,60,4,23,1,37,40,39,1.92,0,0,1,0,212,815,0.323,10,0,1,1,0,5,0,10,1,0,0,0,0,2,49,41,1.20,0.384,81.5,18.8,7.68,4.78,1.61,0.398,0.441,0.839,/Record/Player/PitcherDetail/Basic.aspx?playerId=56823,56823,2026,SK
18,장지훈,SSG,8.31,12,0,0,0,0,-,17 1/3,21,3,6,2,9,16,16,1.56,0,0,0,0,80,281,0.292,4,0,0,0,1,0,0,0,0,0,3,0,0,1,21,21,1.00,0.300,23.4,16.2,4.67,3.12,1.50,0.363,0.472,0.835,/Record/Player/PitcherDetail/Basic.aspx?playerId=51895,51895,2026,SK
19,전영준,SSG,8.56,16,0,0,1,0,-,13 2/3,11,4,10,2,19,13,13,1.54,0,0,0,0,61,248,0.224,1,0,0,0,0,0,0,0,0,0,3,1,1,3,8,11,0.73,0.269,15.5,18.1,12.51,6.59,1.90,0.377,0.490,0.867,/Record/Player/PitcherDetail/Basic.aspx?playerId=52809,52809,2026,SK
20,이기순,SSG,8.68,8,1,1,0,0,0.500,9 1/3,13,0,12,3,7,9,9,2.68,0,0,0,0,55,222,0.325,4,0,0,0,0,1,0,1,0,1,4,0,0,0,8,12,0.67,0.394,27.8,23.8,6.75,11.57,0.58,0.509,0.425,0.934,/Record/Player/PitcherDetail/Basic.aspx?playerId=52868,52868,2026,SK
21,이준기,SSG,9.00,1,0,0,0,0,-,2,3,0,2,0,1,2,2,2.50,0,0,0,0,11,45,0.375,1,0,0,1,0,1,0,0,0,0,0,0,0,0,1,4,0.25,0.375,45.0,22.5,4.50,9.00,0.50,0.455,0.500,0.955,/Record/Player/PitcherDetail/Basic.aspx?playerId=51702,51702,2026,SK
22,긴지로,SSG,9.56,4,0,3,0,0,0.000,16,18,5,14,1,18,17,17,2.00,0,0,0,0,81,357,0.290,2,0,2,2,0,0,1,4,0,0,0,0,0,0,8,20,0.40,0.317,89.3,22.3,10.13,7.88,1.29,0.418,0.565,0.983,/Record/Player/PitcherDetail/Basic.aspx?playerId=56800,56800,2026,SK
23,김택형,SSG,40.50,1,0,0,0,0,-,2/3,1,1,2,0,1,3,3,4.50,0,0,0,0,5,25,0.333,0,0,0,0,0,0,0,0,0,0,0,1,0,0,0,1,0.00,0.000,25.0,37.5,13.50,27.00,0.50,0.600,1.333,1.933,/Record/Player/PitcherDetail/Basic.aspx?playerId=65343,65343,2026,SK
1,양현,삼성,0.00,1,0,0,0,0,-,1/3,0,0,0,0,0,0,0,0.00,0,0,0,0,1,4,0.000,0,0,0,0,0,0,0,0,0,0,1,0,0,0,0,1,0.00,0.000,4.0,12.0,0.00,0.00,-,0.000,0.000,0.000,/Record/Player/PitcherDetail/Basic.aspx?playerId=61268,61268,2026,SS
1,이재희,삼성,0.00,3,0,0,0,2,-,2 2/3,1,0,0,1,4,0,0,0.38,0,0,0,0,10,37,0.111,0,0,0,0,0,0,0,0,0,0,0,2,0,0,0,4,0.00,0.200,12.3,13.9,13.50,0.00,-,0.200,0.111,0.311,/Record/Player/PitcherDetail/Basic.aspx?playerId=51460,51460,2026,SS
3,이승민,삼성,1.73,25,1,0,0,8,1.000,26,17,0,16,0,19,7,5,1.27,0,0,0,0,109,446,0.185,4,0,1,0,1,0,0,0,0,1,2,12,0,2,23,33,0.70,0.233,17.8,17.2,6.58,5.54,1.19,0.306,0.228,0.534,/Record/Player/PitcherDetail/Basic.aspx?playerId=50464,50464,2026,SS
4,후라도,삼성,2.17,11,3,1,0,0,0.750,70 2/3,67,7,11,3,49,21,17,1.10,0,0,10,0,289,1065,0.249,5,2,3,3,0,4,0,11,3,0,0,0,0,6,91,65,1.40,0.278,96.8,15.1,6.24,1.40,4.45,0.283,0.361,0.644,/Record/Player/PitcherDetail/Basic.aspx?playerId=53375,53375,2026,SS
5,배찬승,삼성,3.10,27,3,1,0,6,0.750,20 1/3,20,4,17,0,17,8,7,1.82,0,0,0,1,95,398,0.260,3,0,1,0,1,2,0,0,0,3,3,7,0,4,21,19,1.11,0.286,14.7,19.6,7.52,7.52,1.00,0.394,0.455,0.849,/Record/Player/PitcherDetail/Basic.aspx?playerId=55455,55455,2026,SS
6,김재윤,삼성,3.38,24,2,2,12,0,0.500,21 1/3,12,2,11,1,24,8,8,1.08,0,0,0,3,86,350,0.162,4,0,0,0,0,0,0,0,0,2,18,15,0,1,13,25,0.52,0.208,14.6,16.4,10.13,4.64,2.18,0.279,0.297,0.576,/Record/Player/PitcherDetail/Basic.aspx?playerId=65062,65062,2026,SS
7,양창섭,삼성,3.53,9,4,0,0,0,1.000,35 2/3,29,3,8,1,28,15,14,1.04,1,1,2,0,145,555,0.216,5,0,0,2,0,1,0,6,4,0,2,0,0,1,39,40,0.98,0.248,61.7,15.6,7.07,2.02,3.50,0.262,0.321,0.583,/Record/Player/PitcherDetail/Basic.aspx?playerId=68415,68415,2026,SS
8,원태인,삼성,3.57,8,2,3,0,0,0.400,45 1/3,43,2,12,3,38,18,18,1.21,0,0,4,0,190,751,0.249,8,1,2,0,0,0,0,8,2,0,0,0,0,2,49,43,1.14,0.308,93.9,16.6,7.54,2.38,3.17,0.309,0.341,0.650,/Record/Player/PitcherDetail/Basic.aspx?playerId=69446,69446,2026,SS
9,오러클린,삼성,3.99,11,4,2,0,0,0.667,56 1/3,47,4,24,8,52,27,25,1.26,0,0,6,0,242,965,0.233,12,0,4,4,0,2,0,11,4,0,0,0,0,4,55,52,1.06,0.287,87.7,17.1,8.31,3.83,2.17,0.332,0.351,0.683,/Record/Player/PitcherDetail/Basic.aspx?playerId=56464,56464,2026,SS
10,장찬희,삼성,4.24,13,3,2,0,0,0.600,34,33,4,17,2,23,17,16,1.47,0,0,1,0,154,583,0.258,8,1,2,5,1,0,0,4,1,2,1,0,0,1,35,42,0.83,0.274,44.8,17.1,6.09,4.50,1.35,0.342,0.430,0.772,/Record/Player/PitcherDetail/Basic.aspx?playerId=56460,56460,2026,SS
11,김태훈,삼성,4.32,9,1,1,0,1,0.500,8 1/3,5,1,3,1,4,7,4,0.96,0,0,0,0,34,123,0.179,2,0,2,0,0,0,0,0,0,1,1,3,0,1,11,8,1.38,0.174,13.7,14.8,4.32,3.24,1.33,0.281,0.357,0.638,/Record/Player/PitcherDetail/Basic.aspx?playerId=62360,62360,2026,SS
12,임기영,삼성,4.37,14,0,1,0,1,0.000,22 2/3,23,4,6,1,10,11,11,1.28,0,0,0,0,96,372,0.261,3,0,0,1,1,0,0,0,0,0,10,0,0,2,32,24,1.33,0.253,26.6,16.4,3.97,2.38,1.67,0.313,0.432,0.745,/Record/Player/PitcherDetail/Basic.aspx?playerId=62754,62754,2026,SS
13,최원태,삼성,4.72,9,2,2,0,0,0.500,47 2/3,51,3,22,1,46,27,25,1.53,0,0,4,0,208,821,0.282,7,1,2,2,0,2,0,9,2,0,0,0,0,8,45,41,1.10,0.358,91.2,17.2,8.69,4.15,2.09,0.359,0.381,0.740,/Record/Player/PitcherDetail/Basic.aspx?playerId=65320,65320,2026,SS
14,최지광,삼성,5.19,12,1,0,1,4,1.000,8 2/3,11,0,3,2,8,7,5,1.62,0,0,0,1,43,155,0.297,2,0,0,1,0,0,0,0,0,1,2,7,0,0,8,11,0.73,0.367,12.9,17.9,8.31,3.12,2.67,0.372,0.351,0.723,/Record/Player/PitcherDetail/Basic.aspx?playerId=67421,67421,2026,SS
15,미야지,삼성,5.40,23,0,1,0,3,0.000,18 1/3,16,3,15,4,12,11,11,1.69,0,0,0,1,88,335,0.235,4,0,1,0,0,3,0,0,0,0,3,6,0,2,17,23,0.74,0.245,14.6,18.3,5.89,7.36,0.80,0.402,0.426,0.828,/Record/Player/PitcherDetail/Basic.aspx?playerId=56415,56415,2026,SS
16,백정현,삼성,6.08,15,2,1,0,3,0.667,13 1/3,12,3,6,0,7,9,9,1.35,0,0,0,0,56,195,0.245,2,0,1,0,0,1,0,0,0,2,2,4,0,1,15,15,1.00,0.231,13.0,14.6,4.73,4.05,1.17,0.327,0.469,0.796,/Record/Player/PitcherDetail/Basic.aspx?playerId=77446,77446,2026,SS
17,이승현,삼성,6.32,21,3,1,1,3,0.750,15 2/3,24,2,7,0,12,13,11,1.98,0,0,0,2,75,300,0.358,3,1,1,0,1,1,0,0,0,3,5,7,0,1,13,18,0.72,0.415,14.3,19.1,6.89,4.02,1.71,0.419,0.522,0.941,/Record/Player/PitcherDetail/Basic.aspx?playerId=60146,60146,2026,SS
18,김무신,삼성,10.80,3,0,0,0,0,-,1 2/3,2,1,3,0,3,2,2,3.00,0,0,0,0,9,46,0.333,0,0,0,0,0,0,0,0,0,0,1,0,0,0,0,1,0.00,0.500,15.3,27.6,16.20,16.20,1.00,0.556,0.833,1.389,/Record/Player/PitcherDetail/Basic.aspx?playerId=68403,68403,2026,SS
19,육선엽,삼성,11.57,2,0,0,0,0,-,2 1/3,2,1,3,1,3,3,3,2.14,0,0,0,0,13,53,0.286,1,0,1,1,0,2,0,0,0,0,0,0,0,0,2,1,2.00,0.250,26.5,22.7,11.57,11.57,1.00,0.500,0.857,1.357,/Record/Player/PitcherDetail/Basic.aspx?playerId=54404,54404,2026,SS
20,이승현,삼성,14.81,3,0,2,0,0,0.000,10 1/3,19,2,12,1,6,17,17,3.00,0,0,0,0,62,229,0.404,5,0,1,1,0,1,0,3,0,0,0,0,0,0,12,11,1.09,0.425,76.3,22.2,5.23,10.45,0.50,0.525,0.638,1.163,/Record/Player/PitcherDetail/Basic.aspx?playerId=51454,51454,2026,SS
21,정재훈,삼성,20.25,2,0,0,0,0,-,1 1/3,3,1,0,1,1,3,3,2.25,0,0,0,0,7,16,0.500,0,0,0,0,0,0,0,0,0,0,1,0,0,1,2,0,-,0.500,8.0,12.0,6.75,0.00,-,0.571,1.000,1.571,/Record/Player/PitcherDetail/Basic.aspx?playerId=56469,56469,2026,SS
1,김준원,NC,0.00,4,0,0,0,0,-,5 2/3,4,0,2,2,7,2,0,1.06,0,0,0,0,25,105,0.190,0,0,0,0,0,0,0,0,0,0,3,0,0,1,6,4,1.50,0.286,26.3,18.5,11.12,3.18,3.50,0.320,0.190,0.510,/Record/Player/PitcherDetail/Basic.aspx?playerId=54910,54910,2026,NC
1,최요한,NC,0.00,1,0,0,0,0,-,1,0,0,1,0,2,0,0,1.00,0,0,0,0,4,25,0.000,0,0,0,0,0,0,0,0,0,0,1,0,0,0,1,0,-,0.000,25.0,25.0,18.00,9.00,2.00,0.250,0.000,0.250,/Record/Player/PitcherDetail/Basic.aspx?playerId=56967,56967,2026,NC
1,최우석,NC,0.00,1,0,0,0,0,-,1 1/3,1,0,1,0,0,0,0,1.50,0,0,0,0,6,23,0.200,0,0,0,0,0,1,0,0,0,0,0,0,0,0,4,0,-,0.200,23.0,17.3,0.00,6.75,0.00,0.333,0.200,0.533,/Record/Player/PitcherDetail/Basic.aspx?playerId=54903,54903,2026,NC
4,박지한,NC,3.00,2,0,0,0,0,-,3,1,0,3,1,4,1,1,1.33,0,0,0,0,14,61,0.100,0,0,0,0,0,0,0,0,0,0,2,0,0,0,3,2,1.50,0.167,30.5,20.3,12.00,9.00,1.33,0.357,0.100,0.457,/Record/Player/PitcherDetail/Basic.aspx?playerId=69994,69994,2026,NC
5,원종해,NC,3.24,11,0,0,0,1,-,8 1/3,5,0,3,3,5,3,3,0.96,0,0,0,0,36,143,0.167,0,1,0,0,0,1,0,0,0,0,3,1,0,1,13,7,1.86,0.200,13.0,17.2,5.40,3.24,1.67,0.306,0.233,0.539,/Record/Player/PitcherDetail/Basic.aspx?playerId=54906,54906,2026,NC
6,라일리,NC,3.33,5,2,0,0,0,1.000,27,25,5,5,0,32,11,10,1.11,0,0,1,0,111,470,0.236,2,0,0,0,0,1,0,5,2,0,0,0,0,1,26,23,1.13,0.290,94.0,17.4,10.67,1.67,6.40,0.270,0.396,0.666,/Record/Player/PitcherDetail/Basic.aspx?playerId=55903,55903,2026,NC
7,김태경,NC,3.44,8,0,0,0,0,-,18 1/3,14,2,7,1,17,7,7,1.15,0,0,1,0,73,304,0.226,3,0,2,1,0,2,0,2,0,0,2,0,0,3,20,12,1.67,0.273,38.0,16.6,8.35,3.44,2.43,0.310,0.371,0.681,/Record/Player/PitcherDetail/Basic.aspx?playerId=50992,50992,2026,NC
8,이준혁,NC,3.45,16,0,0,0,1,-,15 2/3,15,0,13,4,13,10,6,1.79,0,0,0,0,81,315,0.246,1,0,2,1,1,2,0,0,0,0,3,1,0,1,24,10,2.40,0.306,19.7,20.1,7.47,7.47,1.00,0.405,0.262,0.667,/Record/Player/PitcherDetail/Basic.aspx?playerId=52992,52992,2026,NC
9,임지민,NC,3.46,28,1,2,1,7,0.333,26,14,4,13,1,27,11,10,1.04,0,0,0,3,103,430,0.159,3,0,0,1,0,2,0,0,0,1,3,12,0,1,24,24,1.00,0.172,15.4,16.5,9.35,4.50,2.08,0.272,0.330,0.602,/Record/Player/PitcherDetail/Basic.aspx?playerId=52902,52902,2026,NC
10,전사민,NC,3.80,23,1,2,3,0,0.333,21 1/3,17,0,8,4,16,11,9,1.17,0,0,0,0,92,331,0.224,3,0,2,2,0,4,0,0,0,1,10,5,1,2,31,14,2.21,0.274,14.4,15.5,6.75,3.38,2.00,0.322,0.263,0.585,/Record/Player/PitcherDetail/Basic.aspx?playerId=69969,69969,2026,NC
11,김영규,NC,3.92,28,1,2,0,2,0.333,20 2/3,23,2,17,1,19,9,9,1.94,0,0,0,0,104,375,0.284,5,0,3,2,2,1,0,0,0,1,2,5,0,0,16,25,0.64,0.339,13.4,18.1,8.27,7.40,1.12,0.406,0.420,0.826,/Record/Player/PitcherDetail/Basic.aspx?playerId=68900,68900,2026,NC
12,구창모,NC,3.99,10,4,2,0,0,0.667,56 1/3,53,7,17,2,45,28,25,1.24,0,0,5,0,238,874,0.245,9,1,3,0,1,4,0,10,4,0,0,0,0,6,69,49,1.41,0.280,87.4,15.5,7.19,2.72,2.65,0.306,0.394,0.700,/Record/Player/PitcherDetail/Basic.aspx?playerId=65933,65933,2026,NC
13,배재환,NC,4.07,31,3,0,0,8,1.000,24 1/3,28,3,9,0,23,14,11,1.52,0,0,0,2,109,421,0.283,4,1,1,0,0,1,0,0,0,3,1,10,0,3,22,26,0.85,0.342,13.6,17.3,8.51,3.33,2.56,0.343,0.434,0.777,/Record/Player/PitcherDetail/Basic.aspx?playerId=64995,64995,2026,NC
14,토다,NC,4.34,9,2,5,0,0,0.286,45 2/3,50,4,17,1,33,24,22,1.47,0,0,3,0,199,724,0.286,8,2,3,3,0,3,0,9,2,0,0,0,0,5,44,51,0.86,0.326,80.4,15.9,6.50,3.35,1.94,0.347,0.423,0.770,/Record/Player/PitcherDetail/Basic.aspx?playerId=56911,56911,2026,NC
15,버하겐,NC,4.68,6,1,1,0,0,0.500,25,23,2,11,1,24,13,13,1.36,0,0,0,0,109,447,0.245,2,1,2,1,0,1,0,6,1,0,0,0,0,1,22,26,0.85,0.304,74.5,17.9,8.64,3.96,2.18,0.327,0.351,0.678,/Record/Player/PitcherDetail/Basic.aspx?playerId=56928,56928,2026,NC
16,신민혁,NC,4.79,8,0,3,0,0,0.000,35 2/3,32,6,13,3,17,21,19,1.26,0,0,0,0,152,596,0.244,9,0,2,3,1,1,0,8,0,0,0,0,0,3,32,53,0.60,0.234,74.5,16.7,4.29,3.28,1.31,0.320,0.450,0.770,/Record/Player/PitcherDetail/Basic.aspx?playerId=68902,68902,2026,NC
17,신영우,NC,5.00,7,1,1,0,0,0.500,9,4,1,12,1,10,6,5,1.78,0,0,0,0,43,165,0.143,1,0,1,1,0,1,0,1,0,1,2,1,0,1,8,7,1.14,0.167,23.6,18.3,10.00,12.00,0.83,0.405,0.286,0.691,/Record/Player/PitcherDetail/Basic.aspx?playerId=53919,53919,2026,NC
18,테일러,NC,5.44,10,4,4,0,0,0.500,49 2/3,48,3,25,5,36,32,30,1.47,0,0,2,0,218,902,0.257,11,1,1,0,0,2,0,10,4,0,0,0,0,6,60,43,1.40,0.304,90.2,18.2,6.52,4.53,1.44,0.359,0.374,0.733,/Record/Player/PitcherDetail/Basic.aspx?playerId=56966,56966,2026,NC
19,김진호,NC,6.38,22,1,2,0,5,0.333,18 1/3,15,2,18,0,16,14,13,1.80,0,0,0,1,88,369,0.221,4,1,1,1,0,4,0,0,0,1,1,6,0,0,16,22,0.73,0.255,16.8,20.1,7.85,8.84,0.89,0.379,0.397,0.776,/Record/Player/PitcherDetail/Basic.aspx?playerId=67954,67954,2026,NC
20,임정호,NC,6.75,15,0,0,0,1,-,9 1/3,10,1,4,0,9,7,7,1.50,0,0,0,0,42,173,0.263,3,0,0,0,0,1,0,0,0,0,2,3,0,1,8,11,0.73,0.321,11.5,18.5,8.68,3.86,2.25,0.333,0.421,0.754,/Record/Player/PitcherDetail/Basic.aspx?playerId=63959,63959,2026,NC
21,목지훈,NC,8.64,5,0,1,0,0,0.000,8 1/3,12,3,8,1,6,9,8,2.40,0,0,0,0,44,165,0.343,0,0,0,0,0,0,0,1,0,0,2,0,0,1,9,8,1.13,0.346,33.0,19.8,6.48,8.64,0.75,0.477,0.600,1.077,/Record/Player/PitcherDetail/Basic.aspx?playerId=53973,53973,2026,NC
22,류진욱,NC,8.82,19,1,4,3,0,0.200,16 1/3,21,4,7,4,19,16,16,1.71,0,0,0,2,80,341,0.309,5,1,1,0,0,0,0,0,0,1,12,5,0,1,17,11,1.55,0.378,17.9,20.9,10.47,3.86,2.71,0.405,0.588,0.993,/Record/Player/PitcherDetail/Basic.aspx?playerId=65949,65949,2026,NC
23,하준영,NC,9.82,4,0,0,0,0,-,3 2/3,4,1,3,0,5,4,4,1.91,0,0,0,0,17,76,0.286,0,0,0,0,0,0,0,0,0,0,2,0,0,1,1,4,0.25,0.375,19.0,20.7,12.27,7.36,1.67,0.412,0.500,0.912,/Record/Player/PitcherDetail/Basic.aspx?playerId=68639,68639,2026,NC
24,손주환,NC,12.91,9,0,0,0,0,-,7 2/3,14,2,8,0,10,15,11,2.87,0,0,0,0,46,203,0.378,2,0,0,1,1,1,0,0,0,0,1,0,0,0,6,8,0.75,0.462,22.6,26.5,11.74,9.39,1.25,0.478,0.595,1.073,/Record/Player/PitcherDetail/Basic.aspx?playerId=54904,54904,2026,NC
1,김정운,KT,1.80,4,0,0,0,0,-,5,5,1,3,0,3,1,1,1.60,0,0,0,0,22,101,0.263,1,0,0,0,0,0,0,0,0,0,1,0,0,1,5,6,0.83,0.267,25.3,20.2,5.40,5.40,1.00,0.364,0.474,0.838,/Record/Player/PitcherDetail/Basic.aspx?playerId=53029,53029,2026,KT
2,손동현,KT,2.59,24,3,0,0,2,1.000,24 1/3,18,2,11,2,19,7,7,1.19,0,0,0,1,100,399,0.214,2,0,1,2,1,0,0,0,0,3,5,5,0,3,16,33,0.48,0.246,16.6,16.4,7.03,4.07,1.73,0.313,0.310,0.623,/Record/Player/PitcherDetail/Basic.aspx?playerId=69041,69041,2026,KT
3,박영현,KT,2.96,21,3,0,11,0,1.000,24 1/3,20,1,11,0,24,8,8,1.27,0,0,0,2,104,438,0.225,3,0,1,3,1,2,0,0,0,3,15,13,1,0,16,32,0.50,0.284,20.9,18.0,8.88,4.07,2.18,0.301,0.292,0.593,/Record/Player/PitcherDetail/Basic.aspx?playerId=52060,52060,2026,KT
4,보쉴리,KT,3.16,11,7,3,0,0,0.700,62 2/3,68,3,15,1,56,23,22,1.32,0,0,5,0,268,1000,0.272,10,1,2,0,0,2,0,11,7,0,0,0,0,5,68,58,1.17,0.340,90.9,16.0,8.04,2.15,3.73,0.316,0.356,0.672,/Record/Player/PitcherDetail/Basic.aspx?playerId=56036,56036,2026,KT
5,주권,KT,3.52,20,1,0,0,0,1.000,23,22,1,9,2,5,11,9,1.35,0,0,0,0,94,333,0.272,1,1,2,0,1,1,0,0,0,1,11,0,0,8,43,11,3.91,0.280,16.7,14.5,1.96,3.52,0.56,0.359,0.346,0.705,/Record/Player/PitcherDetail/Basic.aspx?playerId=65060,65060,2026,KT
6,소형준,KT,3.69,7,3,0,0,0,1.000,39,43,2,9,3,37,19,16,1.33,0,0,4,0,168,652,0.283,11,0,2,2,1,0,0,7,3,0,0,0,0,6,55,19,2.89,0.357,93.1,16.7,8.54,2.08,4.11,0.331,0.395,0.726,/Record/Player/PitcherDetail/Basic.aspx?playerId=50030,50030,2026,KT
7,우규민,KT,3.71,20,0,0,0,1,-,17,22,3,2,1,7,8,7,1.41,0,0,0,0,74,262,0.319,3,0,1,1,0,0,0,0,0,0,9,1,0,2,22,19,1.16,0.317,13.1,15.4,3.71,1.06,3.50,0.342,0.493,0.835,/Record/Player/PitcherDetail/Basic.aspx?playerId=73117,73117,2026,KT
8,전용주,KT,4.43,26,2,2,0,3,0.500,20 1/3,14,0,16,2,16,10,10,1.48,0,0,0,1,91,325,0.197,3,0,1,1,2,1,0,0,0,2,3,5,0,2,24,18,1.33,0.250,12.5,16.0,7.08,7.08,1.00,0.356,0.239,0.595,/Record/Player/PitcherDetail/Basic.aspx?playerId=69047,69047,2026,KT
9,사우어,KT,4.43,11,4,2,0,0,0.667,63,59,7,27,8,50,31,31,1.37,0,0,5,0,275,1066,0.250,11,4,0,4,1,8,0,11,4,0,0,0,0,7,55,76,0.72,0.284,96.9,16.9,7.14,3.86,1.85,0.342,0.419,0.761,/Record/Player/PitcherDetail/Basic.aspx?playerId=56032,56032,2026,KT
10,오원석,KT,4.56,10,4,3,0,0,0.571,53 1/3,62,4,11,0,46,30,27,1.37,0,0,4,0,226,897,0.291,9,0,0,2,0,2,0,10,4,0,0,0,0,5,63,44,1.43,0.352,89.7,16.8,7.76,1.86,4.18,0.323,0.390,0.713,/Record/Player/PitcherDetail/Basic.aspx?playerId=50859,50859,2026,KT
11,한승혁,KT,4.62,28,1,1,0,9,0.500,25 1/3,25,2,15,0,31,15,13,1.58,0,0,0,2,115,435,0.255,3,1,2,0,1,2,0,0,0,1,3,13,0,3,26,16,1.63,0.354,15.5,17.2,11.01,5.33,2.07,0.354,0.367,0.721,/Record/Player/PitcherDetail/Basic.aspx?playerId=61666,61666,2026,KT
12,김민수,KT,4.97,23,2,2,1,2,0.500,25 1/3,23,4,7,1,21,15,14,1.18,0,0,0,1,106,364,0.242,4,0,3,0,2,1,0,0,0,2,4,6,0,1,30,21,1.43,0.271,15.8,14.4,7.46,2.49,3.00,0.301,0.411,0.712,/Record/Player/PitcherDetail/Basic.aspx?playerId=65048,65048,2026,KT
13,고영표,KT,5.07,10,2,4,0,0,0.333,55,64,7,10,5,64,32,31,1.35,0,0,4,0,240,908,0.288,10,0,3,0,0,0,0,10,2,0,0,0,0,1,51,43,1.19,0.377,90.8,16.5,10.47,1.64,6.40,0.333,0.428,0.761,/Record/Player/PitcherDetail/Basic.aspx?playerId=64001,64001,2026,KT
14,스기모토,KT,6.48,29,0,1,0,6,0.000,25,38,3,4,3,21,24,18,1.68,0,0,0,1,122,448,0.333,6,0,0,1,0,2,0,0,0,0,2,10,0,1,26,30,0.87,0.385,15.4,17.9,7.56,1.44,5.25,0.369,0.465,0.834,/Record/Player/PitcherDetail/Basic.aspx?playerId=56011,56011,2026,KT
15,배제성,KT,7.71,3,0,2,0,0,0.000,9 1/3,11,1,6,1,6,8,8,1.82,0,0,0,0,46,175,0.282,1,0,0,0,0,1,0,3,0,0,0,0,0,0,10,12,0.83,0.313,58.3,18.8,5.79,5.79,1.00,0.391,0.385,0.776,/Record/Player/PitcherDetail/Basic.aspx?playerId=65516,65516,2026,KT
16,문용익,KT,16.88,2,0,0,0,0,-,2 2/3,5,0,5,0,2,5,5,3.75,0,0,0,0,18,77,0.417,2,0,0,1,0,1,0,1,0,0,0,0,0,0,4,2,2.00,0.455,38.5,28.9,6.75,16.88,0.40,0.556,0.583,1.139,/Record/Player/PitcherDetail/Basic.aspx?playerId=67419,67419,2026,KT
17,임준형,KT,18.00,1,0,0,0,0,-,1,4,0,0,0,1,2,2,4.00,0,0,0,0,7,19,0.667,0,1,1,0,0,0,0,0,0,0,0,0,0,0,0,1,0.00,0.800,19.0,19.0,9.00,0.00,-,0.667,1.000,1.667,/Record/Player/PitcherDetail/Basic.aspx?playerId=69113,69113,2026,KT
18,박지훈,KT,81.00,1,0,0,0,0,-,2/3,2,1,2,2,2,6,6,6.00,0,0,0,0,8,37,0.500,0,0,0,0,0,1,0,0,0,0,0,0,0,0,0,0,-,1.000,37.0,55.5,27.00,27.00,1.00,0.750,1.250,2.000,/Record/Player/PitcherDetail/Basic.aspx?playerId=56066,56066,2026,KT
1,이영재,롯데,0.00,1,0,0,0,0,-,2/3,0,0,0,0,1,0,0,0.00,0,0,0,0,2,11,0.000,0,0,0,0,0,0,0,0,0,0,1,0,0,0,0,1,0.00,0.000,11.0,16.5,13.50,0.00,-,0.000,0.000,0.000,/Record/Player/PitcherDetail/Basic.aspx?playerId=55503,55503,2026,LT
2,현도훈,롯데,1.69,18,2,2,0,2,0.500,21 1/3,14,1,11,1,16,7,4,1.17,0,0,0,1,86,352,0.200,1,0,3,1,2,0,0,0,0,2,3,5,0,4,27,14,1.93,0.241,19.6,16.5,6.75,4.64,1.45,0.313,0.257,0.570,/Record/Player/PitcherDetail/Basic.aspx?playerId=68260,68260,2026,LT
3,정현수,롯데,2.25,8,0,0,0,0,-,4,4,0,2,0,3,1,1,1.50,0,0,0,0,18,79,0.267,1,0,0,1,0,0,0,0,0,0,1,1,0,0,1,8,0.13,0.308,9.9,19.8,6.75,4.50,1.50,0.333,0.333,0.666,/Record/Player/PitcherDetail/Basic.aspx?playerId=54537,54537,2026,LT
4,최준용,롯데,2.78,21,3,1,8,1,0.750,22 2/3,13,1,12,2,22,7,7,1.10,0,0,0,2,94,359,0.165,2,1,0,1,0,3,0,0,0,3,15,13,1,2,17,28,0.61,0.211,17.1,15.8,8.74,4.76,1.83,0.287,0.253,0.540,/Record/Player/PitcherDetail/Basic.aspx?playerId=50556,50556,2026,LT
5,김진욱,롯데,3.38,10,2,3,0,0,0.400,58 2/3,53,7,17,1,48,29,22,1.19,0,0,5,0,247,953,0.238,7,0,5,1,0,1,0,10,2,0,0,0,0,2,63,60,1.05,0.272,95.3,16.2,7.36,2.61,2.82,0.293,0.363,0.656,/Record/Player/PitcherDetail/Basic.aspx?playerId=51516,51516,2026,LT
5,이승헌,롯데,3.38,3,0,0,0,0,-,2 2/3,4,0,1,0,1,1,1,1.88,0,0,0,0,13,42,0.333,1,0,0,0,0,0,0,0,0,0,2,0,0,0,7,0,-,0.364,14.0,15.8,3.38,3.38,1.00,0.385,0.417,0.802,/Record/Player/PitcherDetail/Basic.aspx?playerId=68529,68529,2026,LT
7,나균안,롯데,3.45,10,2,5,0,0,0.286,57 1/3,59,7,18,2,48,26,22,1.34,0,0,4,0,247,947,0.268,12,0,4,3,1,2,0,10,2,0,0,0,0,3,51,65,0.78,0.310,94.7,16.5,7.53,2.83,2.67,0.325,0.418,0.743,/Record/Player/PitcherDetail/Basic.aspx?playerId=67539,67539,2026,LT
8,김강현,롯데,3.86,4,0,0,0,0,-,4 2/3,3,0,3,0,5,2,2,1.29,0,0,0,0,20,81,0.176,1,0,0,0,0,1,0,0,0,0,4,0,0,0,4,5,0.80,0.250,20.3,17.4,9.64,5.79,1.67,0.300,0.235,0.535,/Record/Player/PitcherDetail/Basic.aspx?playerId=65522,65522,2026,LT
9,박세웅,롯데,4.20,10,1,4,0,0,0.200,55 2/3,57,3,26,4,47,31,26,1.49,0,0,4,0,250,956,0.266,13,0,4,2,0,1,0,10,1,0,0,0,0,3,58,54,1.07,0.325,95.6,17.2,7.60,4.20,1.81,0.354,0.369,0.723,/Record/Player/PitcherDetail/Basic.aspx?playerId=64021,64021,2026,LT
10,비슬리,롯데,4.50,11,4,3,0,0,0.571,58,66,4,17,5,69,31,29,1.43,0,0,5,0,260,1010,0.284,10,1,5,1,0,2,1,11,4,0,0,0,0,4,46,52,0.88,0.388,91.8,17.4,10.71,2.64,4.06,0.345,0.388,0.733,/Record/Player/PitcherDetail/Basic.aspx?playerId=56523,56523,2026,LT
11,김원중,롯데,4.58,21,0,2,2,4,0.000,17 2/3,21,1,10,1,10,11,9,1.75,0,0,0,0,85,325,0.300,6,0,3,1,2,3,0,0,0,0,6,6,1,2,26,14,1.86,0.333,15.5,18.4,5.09,5.09,1.00,0.390,0.429,0.819,/Record/Player/PitcherDetail/Basic.aspx?playerId=62528,62528,2026,LT
12,박준우,롯데,4.85,10,0,0,0,0,-,13,15,0,6,1,8,7,7,1.62,0,0,0,0,57,221,0.313,3,1,1,1,0,2,0,0,0,0,5,0,0,2,14,12,1.17,0.366,22.1,17.0,5.54,4.15,1.33,0.393,0.417,0.810,/Record/Player/PitcherDetail/Basic.aspx?playerId=54503,54503,2026,LT
13,박정민,롯데,4.94,24,3,1,1,6,0.750,23 2/3,19,4,18,1,31,13,13,1.56,0,0,0,2,106,468,0.218,3,0,0,0,1,0,0,0,0,3,3,8,0,1,14,23,0.61,0.288,19.5,19.8,11.79,6.85,1.72,0.358,0.391,0.749,/Record/Player/PitcherDetail/Basic.aspx?playerId=56536,56536,2026,LT
14,로드리게스,롯데,5.12,10,3,4,0,0,0.429,51,54,9,22,3,52,31,29,1.49,0,0,4,0,230,936,0.267,10,1,3,0,0,8,0,10,3,0,0,1,0,4,45,51,0.88,0.319,93.6,18.4,9.18,3.88,2.36,0.348,0.460,0.808,/Record/Player/PitcherDetail/Basic.aspx?playerId=56531,56531,2026,LT
15,정철원,롯데,5.59,23,1,2,0,3,0.333,19 1/3,20,2,7,0,15,12,12,1.40,0,0,0,1,82,325,0.282,5,0,4,0,0,3,0,0,0,1,3,5,0,1,17,19,0.89,0.333,14.1,16.8,6.98,3.26,2.14,0.346,0.437,0.783,/Record/Player/PitcherDetail/Basic.aspx?playerId=68242,68242,2026,LT
16,구승민,롯데,6.00,6,0,0,0,0,-,6,7,0,3,1,4,4,4,1.67,0,0,0,0,29,100,0.280,0,0,0,0,0,0,0,0,0,0,2,0,0,0,8,6,1.33,0.333,16.7,16.7,6.00,4.50,1.33,0.379,0.280,0.659,/Record/Player/PitcherDetail/Basic.aspx?playerId=63543,63543,2026,LT
16,홍민기,롯데,6.00,5,0,1,0,2,0.000,3,3,0,1,1,7,2,2,1.33,0,0,0,1,14,46,0.250,0,1,0,0,0,1,0,0,0,0,1,3,0,0,1,1,1.00,0.600,9.2,15.3,21.00,3.00,7.00,0.357,0.417,0.774,/Record/Player/PitcherDetail/Basic.aspx?playerId=50596,50596,2026,LT
18,쿄야마,롯데,7.59,10,0,1,0,1,0.000,10 2/3,14,1,9,0,13,10,9,2.16,0,0,0,0,54,222,0.318,3,0,1,0,0,2,0,0,0,0,3,0,0,1,9,8,1.13,0.433,22.2,20.8,10.97,7.59,1.44,0.434,0.455,0.889,/Record/Player/PitcherDetail/Basic.aspx?playerId=56548,56548,2026,LT
19,최이준,롯데,8.31,15,0,1,0,0,0.000,13,12,2,11,0,9,13,12,1.77,0,0,0,0,60,242,0.245,2,0,0,0,1,3,0,0,0,0,0,1,0,1,15,13,1.15,0.263,16.1,18.6,6.23,7.62,0.82,0.383,0.408,0.791,/Record/Player/PitcherDetail/Basic.aspx?playerId=68036,68036,2026,LT
20,이민석,롯데,8.78,6,0,0,0,0,-,13 1/3,14,1,9,2,11,14,13,1.73,0,0,0,0,65,266,0.264,4,0,0,1,0,3,0,1,0,0,1,0,0,1,18,11,1.64,0.310,44.3,20.0,7.43,6.08,1.22,0.385,0.396,0.781,/Record/Player/PitcherDetail/Basic.aspx?playerId=52530,52530,2026,LT
21,윤성빈,롯데,13.50,4,0,0,0,0,-,3 1/3,4,0,6,0,2,5,5,3.00,0,0,0,0,20,78,0.286,3,0,0,0,0,1,0,0,0,0,1,0,0,0,6,2,3.00,0.333,19.5,23.4,5.40,16.20,0.33,0.500,0.500,1.000,/Record/Player/PitcherDetail/Basic.aspx?playerId=67588,67588,2026,LT
22,신동건,롯데,18.00,1,0,0,0,0,-,1,1,0,4,0,1,2,2,5.00,0,0,0,0,8,33,0.333,0,0,0,1,0,0,0,0,0,0,0,0,0,0,0,2,0.00,0.333,33.0,33.0,9.00,36.00,0.25,0.625,0.333,0.958,/Record/Player/PitcherDetail/Basic.aspx?playerId=56567,56567,2026,LT
22,최충연,롯데,18.00,1,0,0,0,0,-,1,3,0,1,0,0,2,2,4.00,0,0,0,0,7,28,0.500,2,0,0,0,0,0,0,0,0,0,1,0,0,0,3,0,-,0.500,28.0,28.0,0.00,9.00,0.00,0.571,0.833,1.404,/Record/Player/PitcherDetail/Basic.aspx?playerId=66451,66451,2026,LT
24,박세진,롯데,20.25,4,0,0,0,0,-,1 1/3,5,0,1,0,1,3,3,4.50,0,0,0,0,10,28,0.556,0,0,0,0,0,1,0,0,0,0,0,0,0,0,2,1,2.00,0.625,7.0,21.0,6.75,6.75,1.00,0.600,0.556,1.156,/Record/Player/PitcherDetail/Basic.aspx?playerId=66047,66047,2026,LT
1,홍건희,KIA,0.00,3,0,0,0,1,-,3,4,0,0,0,2,1,0,1.33,0,0,0,0,14,61,0.286,1,0,0,0,0,0,0,0,0,0,0,0,0,0,2,6,0.33,0.333,20.3,20.3,6.00,0.00,-,0.286,0.357,0.643,/Record/Player/PitcherDetail/Basic.aspx?playerId=61643,61643,2026,HT
2,성영탁,KIA,1.21,19,1,0,7,3,1.000,22 1/3,19,0,6,0,21,3,3,1.12,0,0,0,2,91,325,0.226,4,0,1,0,2,1,0,0,0,1,13,12,2,1,26,18,1.44,0.302,17.1,14.6,8.46,2.42,3.50,0.278,0.274,0.552,/Record/Player/PitcherDetail/Basic.aspx?playerId=54610,54610,2026,HT
3,이태양,KIA,1.42,10,1,0,0,3,1.000,12 2/3,8,0,3,1,6,2,2,0.87,0,0,0,0,50,215,0.178,2,0,0,1,0,0,0,0,0,1,2,2,0,0,10,22,0.45,0.200,21.5,17.0,4.26,2.13,2.00,0.240,0.222,0.462,/Record/Player/PitcherDetail/Basic.aspx?playerId=60768,60768,2026,HT
4,조상우,KIA,1.96,27,3,1,0,7,0.750,23,22,0,8,1,14,9,5,1.30,0,0,0,2,99,387,0.253,4,0,1,2,1,1,1,0,0,3,5,7,0,2,20,33,0.61,0.293,14.3,16.8,5.48,3.13,1.75,0.316,0.299,0.615,/Record/Player/PitcherDetail/Basic.aspx?playerId=63342,63342,2026,HT
5,올러,KIA,2.63,11,6,4,0,0,0.600,68 1/3,46,5,20,3,73,21,20,0.97,1,1,7,0,270,1022,0.190,5,2,4,1,0,3,0,11,6,0,1,0,0,5,59,65,0.91,0.248,92.9,15.0,9.61,2.63,3.65,0.259,0.289,0.548,/Record/Player/PitcherDetail/Basic.aspx?playerId=55633,55633,2026,HT
6,이형범,KIA,2.70,8,0,0,0,0,-,10,12,2,3,1,6,7,3,1.50,0,0,0,0,47,173,0.286,3,0,1,0,1,0,0,0,0,0,6,0,0,1,17,7,2.43,0.294,21.6,17.3,5.40,2.70,2.00,0.348,0.500,0.848,/Record/Player/PitcherDetail/Basic.aspx?playerId=62951,62951,2026,HT
7,한재승,KIA,2.79,21,1,0,0,1,1.000,19 1/3,13,3,6,2,14,6,6,0.98,0,0,0,0,75,298,0.194,4,1,0,0,0,1,0,0,0,1,6,2,0,1,15,25,0.60,0.200,14.2,15.4,6.52,2.79,2.33,0.280,0.418,0.698,/Record/Player/PitcherDetail/Basic.aspx?playerId=51994,51994,2026,HT
8,최지민,KIA,3.05,23,0,0,0,2,-,20 2/3,22,3,6,2,15,7,7,1.35,0,0,0,0,90,366,0.275,2,0,2,0,0,0,0,0,0,0,0,3,0,2,23,20,1.15,0.306,15.9,17.7,6.53,2.61,2.50,0.341,0.413,0.754,/Record/Player/PitcherDetail/Basic.aspx?playerId=52639,52639,2026,HT
9,곽도규,KIA,3.38,5,0,0,0,0,-,2 2/3,6,0,3,0,2,1,1,3.38,0,0,0,0,16,69,0.500,0,0,1,0,1,0,0,0,0,0,0,1,0,1,2,2,1.00,0.600,13.8,25.9,6.75,10.13,0.67,0.600,0.500,1.100,/Record/Player/PitcherDetail/Basic.aspx?playerId=53609,53609,2026,HT
10,정해영,KIA,3.78,16,2,0,2,3,1.000,16 2/3,12,1,5,1,15,7,7,1.02,0,0,0,0,67,265,0.203,2,0,2,0,1,1,0,0,0,2,3,8,0,0,17,15,1.13,0.256,16.6,15.9,8.10,2.70,3.00,0.277,0.288,0.565,/Record/Player/PitcherDetail/Basic.aspx?playerId=50662,50662,2026,HT
11,네일,KIA,3.84,11,2,4,0,0,0.333,63 1/3,60,3,10,6,48,27,27,1.11,0,0,5,0,263,1030,0.246,11,0,3,0,0,1,0,11,2,0,0,0,0,5,82,54,1.52,0.295,93.6,16.3,6.82,1.42,4.80,0.292,0.328,0.620,/Record/Player/PitcherDetail/Basic.aspx?playerId=54640,54640,2026,HT
12,황동하,KIA,3.91,13,5,0,0,1,1.000,46,46,9,14,1,35,22,20,1.30,0,0,4,0,192,755,0.260,4,0,0,0,0,1,0,6,4,1,0,1,0,4,44,52,0.85,0.278,58.1,16.4,6.85,2.74,2.50,0.318,0.435,0.753,/Record/Player/PitcherDetail/Basic.aspx?playerId=52641,52641,2026,HT
13,김범수,KIA,4.43,27,1,2,1,9,0.333,20 1/3,20,1,18,1,22,11,10,1.87,0,0,0,1,96,404,0.260,2,0,0,0,2,0,0,0,0,1,4,11,0,1,18,17,1.06,0.352,15.0,19.9,9.74,7.97,1.22,0.406,0.325,0.731,/Record/Player/PitcherDetail/Basic.aspx?playerId=65769,65769,2026,HT
14,장재혁,KIA,4.50,3,0,0,0,0,-,4,3,0,5,0,2,2,2,2.00,0,0,0,0,20,75,0.214,0,0,1,0,0,0,0,0,0,0,1,0,0,0,7,2,3.50,0.250,25.0,18.8,4.50,11.25,0.40,0.421,0.214,0.635,/Record/Player/PitcherDetail/Basic.aspx?playerId=50641,50641,2026,HT
15,김태형,KIA,4.65,9,1,1,0,0,0.500,31,35,4,18,3,18,21,16,1.71,0,0,1,0,146,596,0.280,3,0,0,0,0,2,0,6,1,0,1,0,0,4,42,30,1.40,0.301,66.2,19.2,5.23,5.23,1.00,0.384,0.400,0.784,/Record/Player/PitcherDetail/Basic.aspx?playerId=55610,55610,2026,HT
16,양현종,KIA,4.84,10,3,4,0,0,0.429,48 1/3,48,9,22,1,34,30,26,1.45,0,0,1,0,216,851,0.254,8,0,3,1,0,0,0,10,3,0,0,0,0,3,51,57,0.89,0.265,85.1,17.6,6.33,4.10,1.55,0.333,0.439,0.772,/Record/Player/PitcherDetail/Basic.aspx?playerId=77637,77637,2026,HT
17,김기훈,KIA,5.40,2,0,0,0,0,-,1 2/3,0,0,4,0,1,1,1,2.40,0,0,0,0,8,44,0.000,0,0,0,1,0,1,0,0,0,0,1,0,0,0,0,3,0.00,0.000,22.0,26.4,5.40,21.60,0.25,0.500,0.000,0.500,/Record/Player/PitcherDetail/Basic.aspx?playerId=69620,69620,2026,HT
18,김건국,KIA,7.71,5,0,0,0,0,-,4 2/3,4,1,4,0,4,4,4,1.71,0,0,0,0,22,83,0.235,1,0,0,1,0,1,0,0,0,0,5,0,0,0,3,7,0.43,0.231,16.6,17.8,7.71,7.71,1.00,0.364,0.471,0.835,/Record/Player/PitcherDetail/Basic.aspx?playerId=76225,76225,2026,HT
19,홍민규,KIA,8.35,15,1,2,0,0,0.333,18 1/3,27,2,7,0,16,17,17,1.85,0,0,0,0,89,312,0.338,9,0,1,1,0,4,0,0,0,1,5,1,0,0,16,22,0.73,0.397,20.8,17.0,7.85,3.44,2.29,0.386,0.525,0.911,/Record/Player/PitcherDetail/Basic.aspx?playerId=55267,55267,2026,HT
20,이의리,KIA,9.42,10,1,6,0,0,0.143,35 1/3,41,8,33,1,39,37,37,2.09,0,0,0,0,177,745,0.295,5,2,3,1,0,3,1,10,1,0,0,0,0,2,23,37,0.62,0.355,74.5,21.1,9.93,8.41,1.18,0.431,0.532,0.963,/Record/Player/PitcherDetail/Basic.aspx?playerId=51648,51648,2026,HT
21,김시훈,KIA,13.50,2,0,0,0,0,-,2,2,0,2,1,2,3,3,2.00,0,0,0,0,12,41,0.250,2,0,1,0,0,0,0,0,0,0,1,0,0,0,1,3,0.33,0.333,20.5,20.5,9.00,9.00,1.00,0.455,0.500,0.955,/Record/Player/PitcherDetail/Basic.aspx?playerId=68928,68928,2026,HT
21,전상현,KIA,13.50,4,0,1,0,2,0.000,3 1/3,6,0,1,1,3,5,5,2.10,0,0,0,1,18,59,0.375,2,0,0,0,0,0,0,0,0,0,0,3,0,0,3,4,0.75,0.462,14.8,17.7,8.10,2.70,3.00,0.444,0.500,0.944,/Record/Player/PitcherDetail/Basic.aspx?playerId=66609,66609,2026,HT
1,최원준,두산,0.00,2,0,0,0,0,-,2,1,0,1,0,1,0,0,1.00,0,0,0,0,7,30,0.167,1,0,0,0,0,0,0,0,0,0,1,0,0,1,2,2,1.00,0.200,15.0,15.0,4.50,4.50,1.00,0.286,0.333,0.619,/Record/Player/PitcherDetail/Basic.aspx?playerId=67263,67263,2026,OB
1,최주형,두산,0.00,8,0,0,0,0,-,7,4,0,7,0,8,0,0,1.57,0,0,0,0,31,145,0.167,2,0,0,0,0,0,0,0,0,0,2,0,0,0,6,6,1.00,0.250,18.1,20.7,10.29,9.00,1.14,0.355,0.250,0.605,/Record/Player/PitcherDetail/Basic.aspx?playerId=56215,56215,2026,OB
3,김택연,두산,0.87,9,0,0,3,0,-,10 1/3,5,1,6,0,11,1,1,1.06,0,0,0,0,42,156,0.143,1,0,1,0,0,0,0,0,0,0,6,3,1,0,5,14,0.36,0.174,17.3,15.1,9.58,5.23,1.83,0.268,0.257,0.525,/Record/Player/PitcherDetail/Basic.aspx?playerId=54263,54263,2026,OB
4,윤태호,두산,1.74,12,1,0,1,1,1.000,10 1/3,8,0,6,0,9,2,2,1.35,0,0,0,1,44,187,0.222,0,0,1,1,0,1,0,0,0,1,7,3,1,2,8,12,0.67,0.286,15.6,18.1,7.84,5.23,1.50,0.326,0.222,0.548,/Record/Player/PitcherDetail/Basic.aspx?playerId=52202,52202,2026,OB
5,김정우,두산,1.80,24,0,2,0,3,0.000,25,13,0,9,3,21,5,5,0.88,0,0,0,0,98,370,0.160,3,0,3,2,1,1,0,0,0,0,2,5,0,2,22,27,0.81,0.210,15.4,14.8,7.56,3.24,2.33,0.263,0.198,0.461,/Record/Player/PitcherDetail/Basic.aspx?playerId=68830,68830,2026,OB
6,벤자민,두산,2.61,7,2,3,0,0,0.400,41 1/3,45,1,11,1,32,15,12,1.35,0,0,4,0,175,616,0.285,9,1,4,1,0,3,0,7,2,0,0,0,0,6,48,34,1.41,0.349,88.0,14.9,6.97,2.40,2.91,0.333,0.373,0.706,/Record/Player/PitcherDetail/Basic.aspx?playerId=52043,52043,2026,OB
7,박치국,두산,2.70,17,0,1,0,3,0.000,13 1/3,17,0,3,3,11,8,4,1.50,0,0,0,0,66,266,0.298,4,1,2,1,0,1,0,0,0,0,2,5,0,1,19,11,1.73,0.362,15.6,20.0,7.43,2.03,3.67,0.359,0.404,0.763,/Record/Player/PitcherDetail/Basic.aspx?playerId=67266,67266,2026,OB
8,곽빈,두산,3.26,11,3,3,0,0,0.500,60 2/3,59,3,22,1,75,26,22,1.34,0,0,6,0,263,1065,0.251,7,1,0,5,0,2,0,11,3,0,0,0,0,3,45,61,0.74,0.346,96.8,17.6,11.13,3.26,3.41,0.312,0.328,0.640,/Record/Player/PitcherDetail/Basic.aspx?playerId=68220,68220,2026,OB
9,이영하,두산,3.27,18,2,1,6,0,0.667,22,17,2,16,0,27,8,8,1.50,0,0,0,1,99,372,0.205,2,0,0,0,0,3,0,1,0,2,13,7,2,1,18,21,0.86,0.278,20.7,16.9,11.05,6.55,1.69,0.333,0.301,0.634,/Record/Player/PitcherDetail/Basic.aspx?playerId=66291,66291,2026,OB
10,최민석,두산,3.29,10,4,2,0,0,0.667,54 2/3,46,3,29,2,52,26,20,1.37,0,0,5,0,238,912,0.228,12,0,3,2,0,2,1,10,4,0,0,0,0,6,61,45,1.36,0.289,91.2,16.7,8.56,4.77,1.79,0.328,0.332,0.660,/Record/Player/PitcherDetail/Basic.aspx?playerId=55268,55268,2026,OB
11,김명신,두산,3.38,3,1,0,0,0,1.000,2 2/3,3,0,1,1,0,1,1,1.50,0,0,0,0,13,41,0.300,1,0,0,1,0,0,0,0,0,1,1,0,0,0,3,5,0.60,0.273,13.7,15.4,0.00,3.38,0.00,0.385,0.400,0.785,/Record/Player/PitcherDetail/Basic.aspx?playerId=67246,67246,2026,OB
12,잭로그,두산,4.22,11,3,3,0,0,0.500,64,79,5,11,3,59,33,30,1.41,0,0,5,0,285,1015,0.294,17,0,2,0,0,1,0,11,3,0,0,0,0,4,74,57,1.30,0.361,92.3,15.9,8.30,1.55,5.36,0.329,0.413,0.742,/Record/Player/PitcherDetail/Basic.aspx?playerId=55239,55239,2026,OB
13,플렉센,두산,5.40,2,0,2,0,0,0.000,5,2,1,6,2,3,4,3,1.60,0,0,0,0,26,111,0.111,0,0,0,0,0,0,0,2,0,0,0,0,0,1,6,7,0.86,0.071,55.5,22.2,5.40,10.80,0.50,0.385,0.278,0.663,/Record/Player/PitcherDetail/Basic.aspx?playerId=50234,50234,2026,OB
14,최준호,두산,5.51,11,2,1,0,0,0.667,16 1/3,16,3,9,1,19,14,10,1.53,0,0,0,0,77,330,0.242,3,0,1,0,0,2,0,1,0,2,2,0,0,0,9,22,0.41,0.295,30.0,20.2,10.47,4.96,2.11,0.342,0.424,0.766,/Record/Player/PitcherDetail/Basic.aspx?playerId=53259,53259,2026,OB
15,이병헌,두산,5.57,29,1,1,0,5,0.500,21,31,1,7,0,20,16,13,1.81,0,0,0,4,101,429,0.337,3,0,1,1,0,1,0,0,0,1,0,8,0,1,23,19,1.21,0.417,14.8,20.4,8.57,3.00,2.86,0.380,0.402,0.782,/Record/Player/PitcherDetail/Basic.aspx?playerId=52204,52204,2026,OB
16,최승용,두산,5.61,11,1,5,0,0,0.167,51 1/3,64,5,22,1,31,35,32,1.68,0,0,2,0,239,902,0.309,9,1,6,3,0,1,0,11,1,0,0,0,0,2,50,65,0.77,0.339,82.0,17.6,5.44,3.86,1.41,0.373,0.435,0.808,/Record/Player/PitcherDetail/Basic.aspx?playerId=51264,51264,2026,OB
17,양재훈,두산,5.92,26,2,3,0,2,0.400,24 1/3,27,3,14,4,31,18,16,1.68,0,0,0,0,116,522,0.278,3,0,1,0,2,6,0,0,0,2,5,6,0,2,26,13,2.00,0.381,20.1,21.5,11.47,5.18,2.21,0.391,0.402,0.793,/Record/Player/PitcherDetail/Basic.aspx?playerId=55215,55215,2026,OB
18,박정수,두산,6.00,6,0,0,0,0,-,6,6,1,4,0,3,6,4,1.67,0,0,0,0,26,107,0.286,1,0,0,1,0,0,0,0,0,0,5,0,0,3,7,6,1.17,0.278,17.8,17.8,4.50,6.00,0.75,0.385,0.476,0.861,/Record/Player/PitcherDetail/Basic.aspx?playerId=65639,65639,2026,OB
19,타무라,두산,7.31,17,1,1,0,2,0.500,16,28,3,5,1,14,13,13,2.06,0,0,0,0,81,320,0.384,6,0,0,2,0,2,0,0,0,1,5,1,0,0,16,17,0.94,0.431,18.8,20.0,7.88,2.81,2.80,0.420,0.589,1.009,/Record/Player/PitcherDetail/Basic.aspx?playerId=56218,56218,2026,OB
20,이용찬,두산,8.31,10,2,0,0,0,1.000,8 2/3,11,4,3,1,8,8,8,1.62,0,0,0,0,42,152,0.297,2,0,1,0,0,1,0,0,0,2,2,1,0,0,9,9,1.00,0.280,15.2,17.5,8.31,3.12,2.67,0.366,0.676,1.042,/Record/Player/PitcherDetail/Basic.aspx?playerId=77211,77211,2026,OB
21,박신지,두산,10.50,9,0,0,0,0,-,12,14,3,8,2,9,14,14,1.83,0,0,0,0,58,196,0.304,3,1,1,1,0,0,0,0,0,0,0,0,0,2,11,13,0.85,0.314,21.8,16.3,6.75,6.00,1.13,0.421,0.609,1.030,/Record/Player/PitcherDetail/Basic.aspx?playerId=68249,68249,2026,OB
22,최지강,두산,18.00,7,0,0,0,0,-,4,9,0,4,1,4,11,8,3.25,0,0,0,0,27,98,0.429,3,1,1,0,0,1,1,0,0,0,1,1,0,0,5,3,1.67,0.529,14.0,24.5,9.00,9.00,1.00,0.538,0.667,1.205,/Record/Player/PitcherDetail/Basic.aspx?playerId=52206,52206,2026,OB
1,박지성,키움,1.17,7,0,0,0,0,-,7 2/3,5,0,4,0,7,4,1,1.17,0,0,0,0,32,122,0.179,2,0,0,0,0,1,0,0,0,0,4,0,0,1,6,10,0.60,0.238,17.4,15.9,8.22,4.70,1.75,0.281,0.250,0.531,/Record/Player/PitcherDetail/Basic.aspx?playerId=56337,56337,2026,WO
2,원종현,키움,2.14,21,0,1,0,5,0.000,21,21,0,4,0,17,7,5,1.19,0,0,0,0,88,341,0.263,3,0,3,1,0,1,0,0,0,0,4,5,0,0,21,22,0.95,0.328,16.2,16.2,7.29,1.71,4.25,0.294,0.300,0.594,/Record/Player/PitcherDetail/Basic.aspx?playerId=76118,76118,2026,WO
3,안우진,키움,2.25,7,1,2,0,0,0.333,24,18,1,7,0,31,7,6,1.04,0,0,0,0,99,379,0.200,5,1,2,0,0,0,0,7,1,0,0,0,0,2,20,21,0.95,0.293,54.1,15.8,11.63,2.63,4.43,0.258,0.311,0.569,/Record/Player/PitcherDetail/Basic.aspx?playerId=68341,68341,2026,WO
4,로젠버그,키움,3.18,3,0,1,0,0,0.000,11 1/3,14,0,4,1,14,4,4,1.59,0,0,0,0,52,212,0.298,2,0,0,0,0,0,0,3,0,0,0,0,0,1,11,8,1.38,0.424,70.7,18.7,11.12,3.18,3.50,0.365,0.340,0.705,/Record/Player/PitcherDetail/Basic.aspx?playerId=55322,55322,2026,WO
5,알칸타라,키움,3.18,10,4,4,0,0,0.500,65,67,10,9,0,61,24,23,1.17,0,0,6,0,267,966,0.262,9,2,1,1,0,2,0,10,4,0,0,0,0,5,56,73,0.77,0.306,96.6,14.9,8.45,1.25,6.78,0.286,0.430,0.716,/Record/Player/PitcherDetail/Basic.aspx?playerId=69045,69045,2026,WO
6,박준현,키움,3.68,6,1,2,0,0,0.333,29 1/3,27,0,18,0,28,13,12,1.53,0,0,1,0,131,556,0.239,9,0,0,0,0,2,0,6,1,0,0,0,0,3,35,23,1.52,0.318,92.7,19.0,8.59,5.52,1.56,0.344,0.319,0.663,/Record/Player/PitcherDetail/Basic.aspx?playerId=56318,56318,2026,WO
7,와일스,키움,4.13,4,0,3,0,0,0.000,24,32,2,2,1,17,12,11,1.42,0,0,2,0,107,387,0.323,5,0,1,4,0,0,0,4,0,0,0,0,0,0,29,25,1.16,0.357,96.8,16.1,6.38,0.75,8.50,0.330,0.434,0.764,/Record/Player/PitcherDetail/Basic.aspx?playerId=56334,56334,2026,WO
8,배동현,키움,4.15,11,4,3,0,0,0.571,47 2/3,62,4,12,2,39,22,22,1.55,0,0,1,1,215,834,0.316,14,1,2,3,0,0,0,7,2,2,0,1,0,5,41,57,0.72,0.372,75.8,17.5,7.36,2.27,3.25,0.357,0.459,0.816,/Record/Player/PitcherDetail/Basic.aspx?playerId=51761,51761,2026,WO
9,김서준,키움,4.26,9,0,0,0,1,-,12 2/3,6,1,9,1,12,6,6,1.18,0,0,0,0,53,204,0.140,0,0,0,0,0,0,0,0,0,0,0,1,0,0,14,11,1.27,0.167,22.7,16.1,8.53,6.39,1.33,0.302,0.209,0.511,/Record/Player/PitcherDetail/Basic.aspx?playerId=55359,55359,2026,WO
10,유토,키움,4.76,26,3,3,9,4,0.500,22 2/3,27,2,9,0,21,12,12,1.59,0,0,0,3,101,463,0.310,4,2,4,1,0,2,0,0,0,3,15,16,1,3,15,25,0.60,0.385,17.8,20.4,8.34,3.57,2.33,0.371,0.471,0.842,/Record/Player/PitcherDetail/Basic.aspx?playerId=56348,56348,2026,WO
11,박진형,키움,4.82,16,2,1,0,2,0.667,18 2/3,20,2,11,1,15,10,10,1.66,0,0,0,0,84,323,0.282,3,2,0,1,1,0,0,0,0,2,5,2,0,2,22,15,1.47,0.327,20.2,17.3,7.23,5.30,1.36,0.381,0.465,0.846,/Record/Player/PitcherDetail/Basic.aspx?playerId=63512,63512,2026,WO
12,하영민,키움,4.89,10,2,3,0,0,0.400,38 2/3,38,6,21,2,34,25,21,1.53,0,0,1,0,175,692,0.257,11,1,1,3,0,5,0,7,2,0,0,0,0,4,30,49,0.61,0.288,69.2,17.9,7.91,4.89,1.62,0.351,0.466,0.817,/Record/Player/PitcherDetail/Basic.aspx?playerId=64350,64350,2026,WO
13,박정훈,키움,5.23,18,2,1,0,6,0.667,31,31,1,23,3,21,18,18,1.74,0,0,0,1,146,554,0.265,8,1,2,1,0,3,1,4,1,1,0,6,0,3,46,20,2.30,0.313,30.8,17.9,6.10,6.68,0.91,0.396,0.376,0.772,/Record/Player/PitcherDetail/Basic.aspx?playerId=55394,55394,2026,WO
14,오석주,키움,5.47,14,0,1,0,0,0.000,24 2/3,27,0,19,3,19,16,15,1.86,0,0,0,0,124,489,0.278,7,0,3,2,0,1,0,3,0,0,0,0,0,0,23,30,0.77,0.338,34.9,19.8,6.93,6.93,1.00,0.405,0.351,0.756,/Record/Player/PitcherDetail/Basic.aspx?playerId=67116,67116,2026,WO
15,김성진,키움,5.92,23,1,2,0,8,0.333,24 1/3,30,2,7,1,17,18,16,1.52,0,0,0,0,106,408,0.316,5,0,2,1,0,0,0,0,0,1,1,4,0,4,31,18,1.72,0.364,17.7,16.8,6.29,2.59,2.43,0.365,0.432,0.797,/Record/Player/PitcherDetail/Basic.aspx?playerId=51301,51301,2026,WO
16,정다훈,키움,6.00,9,0,0,0,0,-,9,11,2,7,1,1,6,6,2.00,0,0,0,0,45,172,0.314,2,0,1,1,1,0,0,0,0,0,5,0,0,1,9,15,0.60,0.273,19.1,19.1,1.00,7.00,0.14,0.432,0.543,0.975,/Record/Player/PitcherDetail/Basic.aspx?playerId=56345,56345,2026,WO
17,박윤성,키움,7.71,4,0,1,0,1,0.000,2 1/3,2,0,2,0,1,2,2,1.71,0,0,0,1,10,31,0.250,0,0,0,0,0,0,0,0,0,0,0,2,0,1,5,0,-,0.286,7.8,13.3,3.86,7.71,0.50,0.400,0.250,0.650,/Record/Player/PitcherDetail/Basic.aspx?playerId=53301,53301,2026,WO
17,조영건,키움,7.71,12,0,0,0,1,-,9 1/3,12,2,4,1,9,8,8,1.71,0,0,0,0,44,166,0.308,2,1,0,0,0,0,0,0,0,0,2,0,0,0,7,11,0.64,0.357,13.8,17.8,8.68,3.86,2.25,0.386,0.564,0.950,/Record/Player/PitcherDetail/Basic.aspx?playerId=69360,69360,2026,WO
19,전준표,키움,8.53,7,0,0,0,0,-,6 1/3,10,1,8,2,7,6,6,2.84,0,0,0,0,39,184,0.345,1,1,0,0,0,5,0,0,0,0,1,0,0,0,7,5,1.40,0.429,26.3,29.1,9.95,11.37,0.88,0.513,0.552,1.065,/Record/Player/PitcherDetail/Basic.aspx?playerId=54362,54362,2026,WO
20,김재웅,키움,8.84,18,0,1,5,2,0.000,19 1/3,25,4,8,0,7,19,19,1.71,0,0,0,2,91,356,0.313,3,0,2,1,0,0,0,0,0,0,8,10,1,1,20,29,0.69,0.300,19.8,18.4,3.26,3.72,0.88,0.371,0.500,0.871,/Record/Player/PitcherDetail/Basic.aspx?playerId=67391,67391,2026,WO
21,이태양,키움,9.00,1,0,0,0,0,-,1,1,0,1,2,0,1,1,2.00,0,0,0,0,6,18,0.333,0,0,0,0,0,0,0,0,0,0,1,0,0,1,1,1,1.00,0.333,18.0,18.0,0.00,9.00,0.00,0.667,0.333,1.000,/Record/Player/PitcherDetail/Basic.aspx?playerId=56366,56366,2026,WO
22,정세영,키움,10.43,6,0,2,0,0,0.000,14 2/3,24,3,6,1,4,19,17,2.05,0,0,0,0,76,268,0.369,4,0,3,1,0,2,0,2,0,0,3,0,0,1,8,30,0.27,0.356,44.7,18.3,2.45,3.68,0.67,0.425,0.569,0.994,/Record/Player/PitcherDetail/Basic.aspx?playerId=55377,55377,2026,WO
23,이준우,키움,10.80,6,0,1,0,0,0.000,6 2/3,11,0,5,1,6,9,8,2.40,0,0,0,0,35,141,0.379,1,0,0,0,0,0,0,0,0,0,2,0,0,1,3,9,0.33,0.478,23.5,21.2,8.10,6.75,1.20,0.486,0.414,0.900,/Record/Player/PitcherDetail/Basic.aspx?playerId=55301,55301,2026,WO
23,정현우,키움,10.80,1,0,1,0,0,0.000,5,5,1,3,0,3,6,6,1.60,0,0,0,0,22,84,0.263,2,0,0,0,0,0,0,1,0,0,0,0,0,1,5,6,0.83,0.267,84.0,16.8,5.40,5.40,1.00,0.364,0.526,0.890,/Record/Player/PitcherDetail/Basic.aspx?playerId=55313,55313,2026,WO
25,윤석원,키움,12.27,4,0,0,0,0,-,3 2/3,7,1,0,0,3,5,5,1.91,0,0,0,0,18,62,0.412,1,0,0,1,0,1,0,0,0,0,2,0,0,0,3,5,0.60,0.429,15.5,16.9,7.36,0.00,-,0.389,0.647,1.036,/Record/Player/PitcherDetail/Basic.aspx?playerId=52395,52395,2026,WO
26,김연주,키움,16.20,2,0,1,0,0,0.000,3 1/3,5,0,4,1,3,7,6,2.70,0,0,0,0,21,80,0.313,1,0,0,0,0,1,0,1,0,0,1,0,0,0,3,5,0.60,0.385,40.0,24.0,8.10,10.80,0.75,0.476,0.375,0.851,/Record/Player/PitcherDetail/Basic.aspx?playerId=54368,54368,2026,WO
27,김동규,키움,27.00,3,0,0,0,0,-,1 1/3,4,0,2,1,3,4,4,4.50,0,0,0,0,11,50,0.500,0,0,0,0,0,3,0,0,0,0,1,0,0,0,0,1,0.00,0.800,16.7,37.5,20.25,13.50,1.50,0.636,0.500,1.136,/Record/Player/PitcherDetail/Basic.aspx?playerId=53164,53164,2026,WO
27,김윤하,키움,27.00,1,0,0,0,0,-,2/3,2,1,1,0,1,3,2,4.50,0,0,0,0,6,26,0.400,1,0,0,0,0,0,0,0,0,0,0,0,0,0,2,0,-,0.333,26.0,39.0,13.50,13.50,1.00,0.500,1.200,1.700,/Record/Player/PitcherDetail/Basic.aspx?playerId=54319,54319,2026,WO
