season_year,player_id,player_name,team_name,team_code,rank_no,avg,g,pa,ab,r,h,double_hit,triple_hit,hr,tb,rbi,sac,sf,bb,ibb,hbp,so,gdp,slg,obp,ops,mh,risp,ph_ba,xbh,go_count,ao_count,go_ao,gw_rbi,bb_k,p_pa,isop,xr,gpa
2026,54166,김현종,LG,LG,1,0.5,2,2,2,0,1,0,0,0,1,0,0,0,0,0,0,0,0,0.5,0.5,1.0,0,0.0,0.0,0,0,1,0.0,0,,3.0,0.0,0.4,0.35
2026,68119,문성주,LG,LG,2,0.366,26,97,82,6,30,6,0,0,36,12,2,2,9,2,2,11,0,0.439,0.432,0.871,8,0.409,0.333,6,20,23,0.87,4,0.82,3.98,0.073,15.8,0.304
2026,53123,오스틴,LG,LG,3,0.365,38,178,159,31,58,10,3,9,101,32,0,1,17,1,1,20,3,0.635,0.427,1.062,16,0.386,0.0,22,32,50,0.64,4,0.85,3.58,0.27,37.0,0.351
2026,69100,구본혁,LG,LG,4,0.329,37,98,82,11,27,1,0,0,28,8,5,0,10,0,1,14,1,0.341,0.409,0.75,7,0.292,0.667,1,20,21,0.95,3,0.71,3.64,0.012,12.6,0.269
2026,68110,송찬의,LG,LG,5,0.31,21,74,58,13,18,3,0,5,36,14,0,0,9,0,7,14,4,0.621,0.459,1.08,4,0.211,1.0,8,13,13,1.0,1,0.64,3.72,0.31,14.6,0.362
2026,69102,문보경,LG,LG,6,0.31,30,132,100,14,31,3,0,3,43,19,0,2,29,2,1,21,3,0.43,0.462,0.892,8,0.433,0.0,6,30,20,1.5,2,1.38,4.14,0.12,22.3,0.315
2026,50054,천성호,LG,LG,7,0.31,37,139,126,22,39,7,1,1,51,15,2,0,10,0,1,19,4,0.405,0.365,0.77,12,0.242,0.5,9,45,23,1.96,2,0.53,3.76,0.095,17.6,0.266
2026,51100,이영빈,LG,LG,8,0.278,19,22,18,3,5,1,0,0,6,2,0,0,4,0,0,5,0,0.333,0.409,0.742,0,0.0,0.0,1,5,3,1.67,0,0.8,4.27,0.056,2.9,0.267
2026,62415,박해민,LG,LG,9,0.273,38,146,121,13,33,6,0,0,39,16,6,5,11,0,3,19,0,0.322,0.336,0.658,7,0.294,0.0,6,22,52,0.42,3,0.58,4.03,0.05,17.6,0.232
2026,79109,오지환,LG,LG,10,0.257,35,125,105,13,27,5,0,2,38,20,4,2,12,0,2,19,1,0.362,0.339,0.701,6,0.294,0.0,7,34,27,1.26,2,0.63,3.99,0.105,14.5,0.243
2026,79365,박동원,LG,LG,11,0.21,34,121,100,12,21,5,0,1,29,13,1,2,15,1,3,31,3,0.29,0.325,0.615,3,0.171,0.0,6,26,24,1.08,0,0.48,3.82,0.08,10.6,0.219
2026,65207,신민재,LG,LG,12,0.196,37,131,112,11,22,0,0,0,22,5,3,0,15,0,1,21,2,0.196,0.297,0.493,6,0.233,0.0,0,55,14,3.93,0,0.71,4.04,0.0,8.1,0.183
2026,66108,홍창기,LG,LG,13,0.191,34,152,115,17,22,4,1,0,28,8,1,1,30,0,5,32,4,0.243,0.377,0.62,4,0.185,0.0,5,40,22,1.82,1,0.94,4.43,0.052,15.0,0.23
2026,52154,이주헌,LG,LG,14,0.167,20,33,30,2,5,0,0,0,5,2,1,0,1,0,1,10,0,0.167,0.219,0.386,1,0.25,0.0,0,8,7,1.14,0,0.1,4.06,0.0,0.9,0.14
2026,68106,이재원,LG,LG,15,0.162,18,43,37,2,6,1,0,1,10,5,0,1,4,0,1,18,0,0.27,0.256,0.526,1,0.111,0.0,2,7,7,1.0,1,0.22,4.49,0.108,3.0,0.183
2026,52103,최원영,LG,LG,16,0.143,25,15,14,7,2,1,0,0,3,1,1,0,0,0,0,3,1,0.214,0.143,0.357,0,0.2,0.0,1,3,6,0.5,0,0.0,3.53,0.071,-0.1,0.118
2026,53103,강민균,LG,LG,17,,1,0,0,0,0,0,0,0,0,0,0,0,0,0,0,0,0,,,,0,0.0,0.0,0,0,0,,0,,,,0.0,0.0
2026,64793,김민수,LG,LG,17,0.0,2,3,3,0,0,0,0,0,0,0,0,0,0,0,0,0,0,0.0,0.0,0.0,0,0.0,0.0,0,1,2,0.5,0,,3.67,0.0,-0.3,0.0
2026,69105,김성진,LG,LG,17,0.0,3,5,4,0,0,0,0,0,0,0,0,0,1,0,0,2,0,0.0,0.2,0.2,0,0.0,0.0,0,2,0,,0,0.5,4.8,0.0,0.0,0.09
2026,66162,김주성,LG,LG,17,0.0,1,2,2,0,0,0,0,0,0,0,0,0,0,0,0,0,0,0.0,0.0,0.0,0,0.0,0.0,0,1,1,1.0,0,,3.0,0.0,-0.2,0.0
2026,54156,손용준,LG,LG,17,,1,0,0,0,0,0,0,0,0,0,0,0,0,0,0,0,0,,,,0,0.0,0.0,0,0,0,,0,,,,0.0,0.0
2026,51526,우강훈,LG,LG,17,,1,0,0,0,0,0,0,0,0,0,0,0,0,0,0,0,0,,,,0,0.0,0.0,0,0,0,,0,,,,0.0,0.0
2026,63950,장현식,LG,LG,17,,1,0,0,0,0,0,0,0,0,0,0,0,0,0,0,0,0,,,,0,0.0,0.0,0,0,0,,0,,,,0.0,0.0
2026,51762,장규현,한화,HH,1,1.0,1,1,1,0,1,0,0,0,1,0,0,0,0,0,0,0,0,1.0,1.0,2.0,0,0.0,1.0,0,0,0,,0,,2.0,0.0,0.5,0.7
2026,68050,강백호,한화,HH,2,0.34,38,175,153,27,52,11,0,8,87,41,0,1,21,0,0,31,4,0.569,0.417,0.986,17,0.489,0.0,19,44,27,1.63,2,0.68,4.27,0.229,32.6,0.33
2026,54730,페라자,한화,HH,3,0.338,38,181,148,36,50,10,0,6,78,23,1,3,29,1,0,29,3,0.527,0.439,0.966,12,0.318,0.0,16,25,47,0.53,1,1.0,4.08,0.189,33.9,0.329
2026,68700,이원석,한화,HH,4,0.316,29,84,76,11,24,2,2,0,30,8,1,0,6,0,1,13,1,0.395,0.373,0.768,6,0.5,0.5,4,23,16,1.44,0,0.46,3.71,0.079,10.0,0.267
2026,53764,문현빈,한화,HH,5,0.308,36,172,143,27,44,10,2,7,79,28,0,0,27,0,2,18,5,0.552,0.424,0.976,10,0.333,0.0,19,45,36,1.25,1,1.5,3.73,0.245,30.9,0.329
2026,52764,허인서,한화,HH,6,0.297,30,87,74,19,22,2,0,7,45,22,1,2,8,1,2,22,0,0.608,0.372,0.98,4,0.4,0.0,9,10,22,0.45,3,0.36,3.66,0.311,16.9,0.319
2026,65703,이도윤,한화,HH,7,0.292,30,81,72,9,21,3,1,0,26,9,2,0,6,0,1,12,0,0.361,0.354,0.715,5,0.333,0.0,4,22,17,1.29,0,0.5,3.65,0.069,9.5,0.25
2026,66704,김태연,한화,HH,8,0.286,30,77,63,11,18,1,0,1,22,4,5,0,8,0,1,10,2,0.349,0.375,0.724,3,0.222,0.0,2,17,18,0.94,1,0.8,3.7,0.063,8.4,0.256
2026,54795,황영묵,한화,HH,9,0.269,23,63,52,10,14,2,1,0,18,12,1,0,8,0,2,8,1,0.346,0.387,0.733,3,0.381,0.0,3,19,11,1.73,1,1.0,4.16,0.077,7.6,0.261
2026,64006,심우준,한화,HH,10,0.266,30,109,94,21,25,4,0,2,35,14,0,0,13,0,2,20,1,0.372,0.367,0.739,8,0.276,0.0,6,29,20,1.45,1,0.65,4.07,0.106,14.2,0.258
2026,62700,하주석,한화,HH,11,0.256,27,85,78,5,20,2,0,0,22,6,1,0,5,0,1,21,1,0.282,0.31,0.592,5,0.304,0.333,2,26,11,2.36,1,0.24,3.58,0.026,6.8,0.21
2026,69737,노시환,한화,HH,12,0.256,31,146,129,25,33,4,0,7,58,24,1,2,11,0,3,40,3,0.45,0.324,0.774,10,0.171,0.0,11,23,35,0.66,2,0.28,4.18,0.194,19.1,0.258
2026,50709,박정현,한화,HH,13,0.25,4,4,4,0,1,0,0,0,1,0,0,0,0,0,0,2,0,0.25,0.25,0.5,0,0.0,0.0,0,0,1,0.0,0,0.0,3.75,0.0,0.2,0.175
2026,50707,최인호,한화,HH,13,0.25,9,8,8,1,2,0,0,0,2,1,0,0,0,0,0,1,0,0.25,0.25,0.5,0,0.5,0.2,0,1,4,0.25,0,0.0,4.13,0.0,0.5,0.175
2026,79192,채은성,한화,HH,15,0.245,28,115,102,10,25,3,0,2,34,12,0,2,8,0,3,21,5,0.333,0.313,0.646,8,0.227,1.0,5,30,28,1.07,0,0.38,3.82,0.088,10.8,0.224
2026,66657,이진영,한화,HH,16,0.217,18,50,46,6,10,1,0,2,17,7,0,0,4,0,0,14,1,0.37,0.28,0.65,3,0.188,0.0,3,14,8,1.75,0,0.29,4.34,0.152,4.9,0.219
2026,56754,오재원,한화,HH,17,0.175,32,69,63,12,11,1,0,0,12,4,1,0,5,0,0,10,1,0.19,0.235,0.425,3,0.214,0.0,1,27,15,1.8,1,0.5,3.75,0.016,2.3,0.153
2026,78288,최재훈,한화,HH,18,0.172,25,73,58,6,10,0,0,0,10,6,2,2,6,0,5,13,2,0.172,0.296,0.468,0,0.087,0.0,0,17,20,0.85,1,0.46,4.1,0.0,4.4,0.176
2026,53754,김서현,한화,HH,19,,1,0,0,0,0,0,0,0,0,0,0,0,0,0,0,0,0,,,,0,0.0,0.0,0,0,0,,0,,,,0.0,0.0
2026,65616,이민우,한화,HH,19,,1,0,0,0,0,0,0,0,0,0,0,0,0,0,0,0,0,,,,0,0.0,0.0,0,0,0,,0,,,,0.0,0.0
2026,56793,최유빈,한화,HH,19,,4,0,0,1,0,0,0,0,0,0,0,0,0,0,0,0,0,,,,0,0.0,0.0,0,0,0,,0,,,,0.0,0.0
2026,56760,쿠싱,한화,HH,19,,2,0,0,0,0,0,0,0,0,0,0,0,0,0,0,0,0,,,,0,0.0,0.0,0,0,0,,0,,,,0.0,0.0
2026,52804,석정우,SSG,SK,1,0.5,3,3,2,0,1,0,0,0,1,1,0,0,1,0,0,1,0,0.5,0.667,1.167,0,0.5,0.0,0,0,0,,0,1.0,4.67,0.0,0.7,0.425
2026,69804,채현우,SSG,SK,2,0.467,22,17,15,7,7,1,0,0,8,3,0,2,0,0,0,2,0,0.533,0.412,0.945,0,0.5,1.0,1,3,5,0.6,1,0.0,2.59,0.067,4.1,0.319
2026,55897,홍대인,SSG,SK,3,0.4,17,12,10,4,4,1,0,0,5,3,0,0,2,0,0,0,0,0.5,0.5,1.0,0,0.0,0.333,1,3,3,1.0,0,,4.17,0.1,2.7,0.35
2026,67893,박성한,SSG,SK,4,0.376,38,174,141,29,53,10,1,3,74,27,0,2,30,0,1,19,2,0.525,0.483,1.008,17,0.472,0.0,14,38,33,1.15,3,1.58,4.24,0.149,35.1,0.349
2026,51868,고명준,SSG,SK,5,0.365,17,68,63,9,23,5,0,4,40,12,0,0,5,0,0,14,0,0.635,0.412,1.047,7,0.294,0.0,9,12,14,0.86,2,0.36,3.28,0.27,14.5,0.344
2026,68868,최준우,SSG,SK,6,0.333,15,34,27,8,9,2,0,0,11,0,0,0,7,0,0,4,0,0.407,0.471,0.878,2,0.143,0.25,2,10,4,2.5,0,1.75,4.82,0.074,5.7,0.314
2026,54812,정준재,SSG,SK,7,0.304,35,123,102,17,31,5,3,1,45,16,3,2,15,0,1,19,2,0.441,0.392,0.833,11,0.481,0.5,9,29,25,1.16,2,0.79,3.88,0.137,18.6,0.287
2026,66864,안상현,SSG,SK,8,0.288,26,65,52,13,15,3,0,1,21,4,3,0,8,0,2,11,3,0.404,0.403,0.807,3,0.308,0.429,4,18,8,2.25,0,0.73,3.71,0.115,8.1,0.282
2026,62864,김민식,SSG,SK,9,0.286,6,7,7,0,2,0,0,0,2,0,0,0,0,0,0,1,0,0.286,0.286,0.572,0,0.0,0.667,0,2,2,1.0,0,0.0,3.71,0.0,0.5,0.2
2026,75847,최정,SSG,SK,10,0.271,37,163,133,22,36,8,1,10,76,24,0,3,24,3,3,38,0,0.571,0.387,0.958,7,0.171,0.0,19,16,46,0.35,4,0.63,4.09,0.301,30.9,0.317
2026,51865,조형우,SSG,SK,11,0.267,27,98,86,12,23,4,0,1,30,9,3,0,6,0,3,14,1,0.349,0.337,0.686,5,0.292,0.0,5,23,26,0.88,1,0.43,3.5,0.081,10.3,0.239
2026,53827,에레디아,SSG,SK,12,0.266,38,167,154,15,41,6,0,5,62,32,0,3,8,0,2,34,3,0.403,0.305,0.708,13,0.34,0.0,11,24,58,0.41,1,0.24,3.6,0.136,18.8,0.238
2026,60558,오태곤,SSG,SK,13,0.265,34,106,98,14,26,6,0,4,44,18,0,1,5,0,2,31,2,0.449,0.311,0.76,5,0.324,0.222,10,21,21,1.0,2,0.16,3.87,0.184,13.4,0.252
2026,62934,김성욱,SSG,SK,14,0.256,27,49,39,8,10,1,0,1,14,6,0,1,8,0,1,13,0,0.359,0.388,0.747,2,0.25,0.0,2,9,8,1.13,0,0.62,4.37,0.103,7.1,0.264
2026,50854,최지훈,SSG,SK,15,0.218,38,162,147,25,32,8,1,5,57,19,1,1,11,0,2,23,3,0.388,0.28,0.668,8,0.205,0.0,14,43,50,0.86,2,0.48,3.98,0.17,17.1,0.223
2026,50868,류효승,SSG,SK,16,0.176,7,18,17,1,3,0,0,1,6,1,0,0,1,0,0,3,0,0.353,0.222,0.575,0,0.0,0.0,1,6,5,1.2,0,0.33,4.06,0.176,1.5,0.188
2026,79456,이지영,SSG,SK,17,0.175,24,46,40,5,7,3,0,0,10,3,0,0,6,0,0,3,1,0.25,0.283,0.533,0,0.222,0.5,3,21,9,2.33,0,2.0,3.83,0.075,3.0,0.19
2026,62895,한유섬,SSG,SK,18,0.162,28,94,74,8,12,1,0,0,13,3,0,1,17,1,2,23,5,0.176,0.33,0.506,2,0.056,0.0,1,20,20,1.0,0,0.74,3.77,0.014,5.5,0.193
2026,78224,김재환,SSG,SK,19,0.147,30,124,102,9,15,1,0,3,25,14,0,1,21,0,0,31,3,0.245,0.29,0.535,3,0.226,0.0,4,31,26,1.19,0,0.68,3.98,0.098,8.9,0.192
2026,53893,김민준,SSG,SK,20,0.0,2,2,2,0,0,0,0,0,0,0,0,0,0,0,0,1,0,0.0,0.0,0.0,0,0.0,0.0,0,1,0,,0,0.0,5.0,0.0,-0.2,0.0
2026,53865,김정민,SSG,SK,20,0.0,8,4,3,0,0,0,0,0,0,0,0,0,1,0,0,2,0,0.0,0.25,0.25,0,0.0,0.0,0,1,0,,0,0.5,3.25,0.0,0.2,0.113
2026,69825,김창평,SSG,SK,20,,3,0,0,0,0,0,0,0,0,0,0,0,0,0,0,0,0,,,,0,0.0,0.0,0,0,0,,0,,,,0.0,0.0
2026,73211,노경은,SSG,SK,20,,1,0,0,0,0,0,0,0,0,0,0,0,0,0,0,0,0,,,,0,0.0,0.0,0,0,0,,0,,,,0.0,0.0
2026,50812,박시후,SSG,SK,20,,1,0,0,0,0,0,0,0,0,0,0,0,0,0,0,0,0,,,,0,0.0,0.0,0,0,0,,0,,,,0.0,0.0
2026,52868,이기순,SSG,SK,20,,1,0,0,0,0,0,0,0,0,0,0,0,0,0,0,0,0,,,,0,0.0,0.0,0,0,0,,0,,,,0.0,0.0
2026,52807,임근우,SSG,SK,20,0.0,1,1,1,0,0,0,0,0,0,0,0,0,0,0,0,0,0,0.0,0.0,0.0,0,0.0,0.0,0,0,1,0.0,0,,2.0,0.0,-0.1,0.0
2026,52809,전영준,SSG,SK,20,,1,0,0,0,0,0,0,0,0,0,0,0,0,0,0,0,0,,,,0,0.0,0.0,0,0,0,,0,,,,0.0,0.0
2026,51897,조병현,SSG,SK,20,,1,0,0,0,0,0,0,0,0,0,0,0,0,0,0,0,0,,,,0,0.0,0.0,0,0,0,,0,,,,0.0,0.0
2026,53400,김재상,삼성,SS,1,0.364,6,13,11,1,4,0,0,0,4,1,1,0,1,0,0,4,0,0.364,0.417,0.781,1,0.286,0.0,0,3,0,,0,0.25,3.15,0.0,1.7,0.279
2026,72443,최형우,삼성,SS,2,0.361,37,169,133,23,48,8,0,7,77,28,0,3,31,1,2,15,5,0.579,0.479,1.058,13,0.278,0.0,15,30,43,0.7,1,2.07,4.02,0.218,35.0,0.36
2026,62234,류지혁,삼성,SS,3,0.346,36,149,127,22,44,9,2,4,69,26,0,0,19,1,3,21,2,0.543,0.443,0.986,13,0.375,0.0,15,35,27,1.3,2,0.9,4.05,0.197,29.3,0.335
2026,69418,박승규,삼성,SS,4,0.313,25,112,96,18,30,4,2,5,53,15,0,1,12,0,3,14,1,0.552,0.402,0.954,7,0.276,0.0,11,23,30,0.77,3,0.86,3.88,0.24,21.1,0.319
2026,62404,구자욱,삼성,SS,5,0.312,21,86,77,14,24,2,1,4,40,15,0,2,7,1,0,14,0,0.519,0.36,0.879,8,0.316,0.0,7,11,30,0.37,3,0.5,3.79,0.208,14.6,0.292
2026,54400,디아즈,삼성,SS,6,0.308,38,171,146,23,45,6,0,5,66,29,0,3,22,1,0,23,6,0.452,0.392,0.844,12,0.319,0.0,11,33,48,0.69,3,0.96,3.9,0.144,25.5,0.289
2026,69442,김도환,삼성,SS,7,0.286,12,33,28,3,8,3,0,1,14,4,0,1,4,0,0,8,1,0.5,0.364,0.864,1,0.222,1.0,4,2,11,0.18,0,0.5,4.18,0.214,5.1,0.289
2026,61404,김헌곤,삼성,SS,8,0.283,29,62,60,2,17,1,1,0,20,4,0,1,1,0,0,10,2,0.333,0.29,0.623,5,0.25,0.2,2,17,17,1.0,0,0.1,3.24,0.05,4.6,0.214
2026,65586,전병우,삼성,SS,9,0.281,32,117,96,18,27,8,0,3,44,20,0,1,14,0,6,25,4,0.458,0.402,0.86,7,0.324,0.5,11,18,27,0.67,1,0.56,3.96,0.177,17.2,0.295
2026,50458,김지찬,삼성,SS,10,0.262,37,147,122,25,32,4,2,0,40,7,1,1,21,1,2,9,2,0.328,0.377,0.705,7,0.286,0.25,6,41,41,1.0,0,2.33,3.68,0.066,18.1,0.252
2026,67449,김성윤,삼성,SS,11,0.25,21,77,68,12,17,4,1,1,26,10,1,0,6,0,2,13,0,0.382,0.329,0.711,6,0.214,0.5,6,25,13,1.92,2,0.46,3.56,0.132,9.5,0.244
2026,69403,양우현,삼성,SS,12,0.233,23,51,43,5,10,1,0,1,14,3,1,1,6,0,0,11,0,0.326,0.32,0.646,2,0.111,0.25,2,12,11,1.09,1,0.55,3.69,0.093,5.6,0.226
2026,55425,김상준,삼성,SS,13,0.222,7,9,9,2,2,0,0,0,2,0,0,0,0,0,0,3,0,0.222,0.222,0.444,0,0.0,0.0,0,1,3,0.33,0,0.0,3.11,0.0,0.3,0.155
2026,74540,강민호,삼성,SS,14,0.216,28,86,74,4,16,5,0,0,21,10,0,0,11,0,1,26,1,0.284,0.326,0.61,4,0.276,0.0,5,14,18,0.78,1,0.42,4.38,0.068,6.7,0.218
2026,65040,김태훈,삼성,SS,15,0.2,2,6,5,0,1,1,0,0,2,0,0,0,1,0,0,1,1,0.4,0.333,0.733,0,0.0,0.0,1,1,2,0.5,0,1.0,3.5,0.2,0.3,0.25
2026,52415,이재현,삼성,SS,16,0.175,20,72,57,9,10,1,0,1,14,6,1,1,11,0,2,9,0,0.246,0.324,0.57,3,0.176,0.0,2,14,25,0.56,1,1.22,3.96,0.07,6.7,0.207
2026,52430,김영웅,삼성,SS,17,0.171,10,43,41,2,7,2,0,0,9,3,0,0,2,0,0,14,0,0.22,0.209,0.429,2,0.167,0.0,2,9,11,0.82,1,0.14,4.0,0.049,1.4,0.149
2026,52424,김재혁,삼성,SS,18,0.167,10,6,6,1,1,0,0,0,1,0,0,0,0,0,0,2,0,0.167,0.167,0.334,0,0.0,0.0,0,2,1,2.0,0,0.0,5.17,0.0,0.0,0.117
2026,62244,박세혁,삼성,SS,19,0.156,21,36,32,4,5,1,0,0,6,0,0,0,4,0,0,8,0,0.188,0.25,0.438,0,0.0,0.0,1,10,9,1.11,0,0.5,3.89,0.031,1.6,0.16
2026,64468,박계범,삼성,SS,20,0.133,5,15,15,0,2,0,0,0,2,0,0,0,0,0,0,8,1,0.133,0.133,0.266,1,0.0,0.0,0,5,0,,0,0.0,3.27,0.0,-0.6,0.093
2026,55438,심재훈,삼성,SS,21,0.125,9,8,8,1,1,0,0,0,1,0,0,0,0,0,0,1,0,0.125,0.125,0.25,0,0.0,0.0,0,6,0,,0,0.0,3.5,0.0,-0.1,0.088
2026,67005,홍현빈,삼성,SS,21,0.125,9,8,8,1,1,0,0,0,1,1,0,0,0,0,0,3,1,0.125,0.125,0.25,0,0.25,0.0,0,2,2,1.0,0,0.0,3.0,0.0,-0.5,0.088
2026,66409,이성규,삼성,SS,23,0.111,12,17,9,6,1,0,0,0,1,0,2,0,6,0,0,6,0,0.111,0.467,0.578,0,0.0,0.0,0,1,1,1.0,0,1.0,4.47,0.0,1.9,0.238
2026,55440,함수호,삼성,SS,24,0.063,11,18,16,0,1,0,0,0,1,2,0,0,2,0,0,5,0,0.063,0.167,0.23,0,0.167,0.2,0,8,2,4.0,0,0.4,3.61,0.0,-0.2,0.091
2026,68463,윤정빈,삼성,SS,25,0.0,1,3,3,0,0,0,0,0,0,0,0,0,0,0,0,3,0,0.0,0.0,0.0,0,0.0,0.0,0,0,0,,0,0.0,4.67,0.0,-0.3,0.0
2026,60146,이승현,삼성,SS,25,,1,0,0,0,0,0,0,0,0,0,0,0,0,0,0,0,0,,,,0,0.0,0.0,0,0,0,,0,,,,0.0,0.0
2026,69416,이해승,삼성,SS,25,0.0,17,13,11,0,0,0,0,0,0,1,1,0,1,0,0,6,0,0.0,0.083,0.083,0,0.0,0.0,0,3,2,1.5,1,0.17,4.46,0.0,-0.7,0.037
2026,63202,장승현,삼성,SS,25,0.0,8,6,4,0,0,0,0,0,0,0,0,0,1,0,1,2,1,0.0,0.333,0.333,0,0.0,0.0,0,1,1,1.0,0,0.5,4.17,0.0,-0.1,0.15
2026,55435,차승준,삼성,SS,25,0.0,1,1,1,0,0,0,0,0,0,0,0,0,0,0,0,1,0,0.0,0.0,0.0,0,0.0,0.0,0,0,0,,0,0.0,6.0,0.0,-0.1,0.0
2026,63260,이우성,NC,NC,1,0.353,35,128,119,15,42,8,0,4,62,12,1,0,8,0,0,18,3,0.521,0.394,0.915,13,0.25,0.0,12,37,22,1.68,0,0.44,3.77,0.168,21.0,0.308
2026,62907,박민우,NC,NC,2,0.333,36,154,129,25,43,11,0,1,57,26,0,1,20,0,4,18,3,0.442,0.435,0.877,13,0.5,0.0,12,33,36,0.92,2,1.11,3.9,0.109,26.5,0.306
2026,64101,한석현,NC,NC,3,0.324,31,77,68,8,22,2,0,1,27,13,3,1,3,0,2,12,0,0.397,0.365,0.762,4,0.348,0.5,3,20,15,1.33,2,0.25,3.29,0.074,10.5,0.264
2026,50902,김한별,NC,NC,4,0.3,16,39,30,11,9,5,0,0,14,4,0,0,9,0,0,6,1,0.467,0.462,0.929,2,0.333,0.0,5,13,2,6.5,0,1.5,4.05,0.167,6.4,0.325
2026,51344,김휘집,NC,NC,5,0.288,16,61,52,4,15,2,0,0,17,11,0,0,4,0,5,10,1,0.327,0.393,0.72,5,0.4,0.0,2,10,17,0.59,3,0.4,3.9,0.038,6.8,0.259
2026,64022,안중열,NC,NC,6,0.278,18,42,36,5,10,1,0,1,14,6,1,1,2,0,2,6,3,0.389,0.341,0.73,2,0.375,0.5,2,11,10,1.1,2,0.33,3.4,0.111,4.4,0.251
2026,54944,데이비슨,NC,NC,7,0.272,32,128,114,14,31,7,0,5,53,19,0,1,6,0,7,27,2,0.465,0.344,0.809,6,0.333,0.0,12,22,35,0.63,2,0.22,3.81,0.193,18.3,0.271
2026,51907,김주원,NC,NC,8,0.271,38,167,144,20,39,6,0,5,60,12,1,2,15,0,5,24,0,0.417,0.355,0.772,10,0.176,0.0,11,31,52,0.6,3,0.63,3.93,0.146,24.8,0.264
2026,69992,최정원,NC,NC,9,0.265,34,100,83,13,22,2,0,0,24,4,6,0,7,0,4,19,1,0.289,0.351,0.64,6,0.227,0.5,2,25,17,1.47,0,0.37,3.91,0.024,10.1,0.23
2026,79215,박건우,NC,NC,10,0.264,38,149,125,18,33,6,0,8,63,24,0,3,21,3,0,31,2,0.504,0.362,0.866,9,0.273,0.0,14,27,37,0.73,2,0.68,3.5,0.24,24.6,0.289
2026,50092,윤준혁,NC,NC,11,0.25,3,4,4,1,1,1,0,0,2,0,0,0,0,0,0,0,0,0.5,0.25,0.75,0,0.0,0.0,1,1,2,0.5,0,,2.5,0.25,0.5,0.238
2026,56904,허윤,NC,NC,11,0.25,14,5,4,4,1,0,0,0,1,1,0,0,1,0,0,2,0,0.25,0.4,0.65,0,0.5,0.0,0,0,1,0.0,0,0.5,4.0,0.0,1.3,0.243
2026,68904,오영수,NC,NC,13,0.241,16,34,29,3,7,0,0,2,13,3,0,0,3,0,2,12,2,0.448,0.353,0.801,2,0.1,0.0,2,9,1,9.0,0,0.25,4.0,0.207,4.3,0.271
2026,69995,서호철,NC,NC,14,0.217,27,79,69,12,15,2,0,1,20,7,3,0,7,0,0,18,1,0.29,0.289,0.579,4,0.25,0.5,3,20,16,1.25,0,0.39,3.78,0.072,6.2,0.203
2026,68912,김형준,NC,NC,15,0.215,33,105,93,7,20,2,0,2,28,15,0,0,10,0,2,39,3,0.301,0.305,0.606,3,0.24,0.0,4,15,19,0.79,0,0.26,4.1,0.086,8.4,0.213
2026,67905,천재환,NC,NC,16,0.204,29,55,49,10,10,3,0,2,19,4,1,0,4,0,1,10,0,0.388,0.278,0.666,2,0.1,0.0,5,17,12,1.42,0,0.4,3.85,0.184,5.1,0.222
2026,50996,박시원,NC,NC,17,0.2,4,13,10,3,2,0,0,0,2,1,0,1,2,0,0,2,0,0.2,0.308,0.508,1,0.0,0.0,0,1,6,0.17,0,1.0,4.23,0.0,1.3,0.189
2026,56949,고준휘,NC,NC,18,0.174,13,27,23,2,4,1,0,1,8,5,0,0,2,0,2,5,1,0.348,0.296,0.644,1,0.111,0.0,2,8,6,1.33,0,0.4,3.81,0.174,2.3,0.22
2026,56909,신재인,NC,NC,19,0.149,23,57,47,3,7,1,0,2,14,5,0,0,10,0,0,9,0,0.298,0.298,0.596,0,0.071,0.333,3,11,20,0.55,0,1.11,4.53,0.149,5.3,0.209
2026,51903,김정호,NC,NC,20,0.125,9,8,8,0,1,0,0,0,1,0,0,0,0,0,0,4,0,0.125,0.125,0.25,0,0.0,0.0,0,2,1,2.0,0,0.0,3.75,0.0,-0.2,0.088
2026,66965,도태훈,NC,NC,20,0.125,20,41,32,5,4,2,0,0,6,2,0,0,6,0,3,7,1,0.188,0.317,0.505,0,0.167,0.0,2,15,6,2.5,0,0.86,4.0,0.063,2.6,0.19
2026,63963,권희동,NC,NC,22,0.077,7,17,13,2,1,0,0,0,1,1,0,0,4,0,0,4,0,0.077,0.294,0.371,0,0.5,0.0,0,4,4,1.0,0,1.0,5.47,0.0,0.9,0.152
2026,53989,신성호,NC,NC,23,0.0,1,1,1,0,0,0,0,0,0,0,0,0,0,0,0,0,0,0.0,0.0,0.0,0,0.0,0.0,0,1,0,,0,,3.0,0.0,-0.1,0.0
2026,51991,오장한,NC,NC,23,0.0,1,2,2,0,0,0,0,0,0,0,0,0,0,0,0,2,0,0.0,0.0,0.0,0,0.0,0.0,0,0,0,,0,0.0,3.0,0.0,-0.2,0.0
2026,51996,오태양,NC,NC,23,0.0,7,6,5,1,0,0,0,0,0,0,0,0,1,0,0,3,0,0.0,0.167,0.167,0,0.0,0.0,0,1,1,1.0,0,0.33,4.33,0.0,-0.1,0.075
2026,50903,한재환,NC,NC,23,0.0,3,4,4,1,0,0,0,0,0,0,0,0,0,0,0,1,2,0.0,0.0,0.0,0,0.0,0.0,0,2,1,2.0,0,0.0,2.5,0.0,-1.1,0.0
2026,79240,허경민,KT,KT,1,0.467,9,34,30,8,14,2,0,1,19,5,1,0,2,0,1,3,0,0.633,0.515,1.148,4,0.5,0.0,3,6,7,0.86,0,0.67,3.65,0.167,8.2,0.39
2026,67644,이정훈,KT,KT,2,0.385,25,32,26,3,10,0,0,0,10,6,0,0,5,0,1,3,0,0.385,0.5,0.885,1,0.364,0.353,0,5,8,0.63,0,1.67,4.03,0.0,5.6,0.321
2026,51003,권동진,KT,KT,3,0.379,27,34,29,10,11,2,1,0,15,5,0,0,4,0,1,8,0,0.517,0.471,0.988,2,0.273,0.0,3,4,6,0.67,1,0.5,4.18,0.138,6.5,0.341
2026,52001,안현민,KT,KT,4,0.365,14,67,52,14,19,4,1,3,34,11,0,0,12,0,3,16,1,0.654,0.507,1.161,6,0.4,0.0,8,8,9,0.89,1,0.75,4.6,0.288,15.6,0.392
2026,64004,김민혁,KT,KT,5,0.329,19,85,76,10,25,2,0,1,30,7,2,0,7,0,0,9,1,0.395,0.386,0.781,7,0.278,0.0,3,16,26,0.62,1,0.78,4.04,0.066,11.2,0.272
2026,66606,최원준,KT,KT,5,0.329,37,180,152,27,50,11,1,1,66,20,2,2,22,0,2,28,1,0.434,0.416,0.85,14,0.286,0.0,13,38,38,1.0,2,0.79,4.07,0.105,28.6,0.296
2026,51013,유준규,KT,KT,7,0.32,18,31,25,9,8,1,1,0,11,8,2,0,4,0,0,9,0,0.44,0.414,0.854,2,0.667,0.667,2,3,5,0.6,1,0.44,4.16,0.12,4.6,0.296
2026,64504,오윤석,KT,KT,8,0.319,25,80,72,11,23,4,0,0,27,12,1,1,6,1,0,16,2,0.375,0.367,0.742,4,0.421,0.5,4,20,14,1.43,1,0.38,3.95,0.056,9.1,0.259
2026,79402,김상수,KT,KT,9,0.314,36,146,118,13,37,3,0,0,40,11,3,1,23,0,1,14,3,0.339,0.427,0.766,9,0.306,0.0,3,32,36,0.89,2,1.64,4.27,0.025,18.3,0.277
2026,76290,김현수,KT,KT,10,0.296,38,176,159,20,47,11,0,3,67,28,0,1,16,0,0,19,7,0.421,0.358,0.779,16,0.304,0.0,14,48,46,1.04,2,0.84,3.78,0.126,21.1,0.266
2026,53036,류현인,KT,KT,11,0.282,15,41,39,7,11,2,0,0,13,4,0,0,1,0,1,5,0,0.333,0.317,0.65,4,0.2,0.0,2,10,13,0.77,1,0.2,3.46,0.051,4.1,0.226
2026,56034,힐리어드,KT,KT,12,0.264,38,172,148,31,39,6,2,10,79,31,0,4,20,0,0,48,2,0.534,0.343,0.877,11,0.239,0.0,18,32,33,0.97,1,0.42,3.91,0.27,28.9,0.288
2026,64166,배정대,KT,KT,13,0.261,26,50,46,7,12,4,0,0,16,4,1,0,3,0,0,13,1,0.348,0.306,0.654,3,0.231,0.333,4,14,7,2.0,1,0.23,3.56,0.087,4.3,0.225
2026,69064,강민성,KT,KT,14,0.25,9,4,4,0,1,0,0,0,1,1,0,0,0,0,0,0,0,0.25,0.25,0.5,0,0.333,0.0,0,1,2,0.5,1,,2.0,0.0,0.2,0.175
2026,78548,장성우,KT,KT,15,0.227,38,159,128,23,29,8,0,7,58,31,0,1,29,3,1,37,8,0.453,0.371,0.824,8,0.292,0.333,15,32,31,1.03,5,0.78,4.35,0.227,21.2,0.28
2026,64115,장준원,KT,KT,16,0.216,20,45,37,2,8,1,0,2,15,6,3,0,5,0,0,9,1,0.405,0.31,0.715,1,0.167,0.0,3,12,8,1.5,2,0.56,3.53,0.189,4.9,0.241
2026,56006,이강민,KT,KT,17,0.21,36,130,119,12,25,1,0,0,26,11,2,1,7,0,1,28,3,0.218,0.258,0.476,6,0.273,0.0,1,37,30,1.23,1,0.25,3.62,0.008,6.1,0.171
2026,63722,한승택,KT,KT,18,0.19,26,75,63,8,12,2,0,1,17,8,2,0,8,0,2,20,1,0.27,0.301,0.571,1,0.2,0.0,3,14,17,0.82,0,0.4,4.47,0.079,5.7,0.203
2026,50066,강현우,KT,KT,19,0.167,10,13,12,0,2,0,0,0,2,0,0,0,1,0,0,4,1,0.167,0.231,0.398,0,0.0,0.0,0,3,3,1.0,0,0.25,5.38,0.0,0.0,0.146
2026,54097,김민석,KT,KT,20,0.0,1,2,1,0,0,0,0,0,0,0,0,0,1,0,0,0,0,0.0,0.5,0.5,0,0.0,0.0,0,0,1,0.0,0,,2.5,0.0,0.3,0.225
2026,65048,김민수,KT,KT,20,,1,0,0,0,0,0,0,0,0,0,0,0,0,0,0,0,0,,,,0,0.0,0.0,0,0,0,,0,,,,0.0,0.0
2026,53029,김정운,KT,KT,20,,1,0,0,0,0,0,0,0,0,0,0,0,0,0,0,0,0,,,,0,0.0,0.0,0,0,0,,0,,,,0.0,0.0
2026,52060,박영현,KT,KT,20,,3,0,0,0,0,0,0,0,0,0,0,0,0,0,0,0,0,,,,0,0.0,0.0,0,0,0,,0,,,,0.0,0.0
2026,67006,안치영,KT,KT,20,,4,0,0,1,0,0,0,0,0,0,0,0,0,0,0,0,0,,,,0,0.0,0.0,0,0,0,,0,,,,0.0,0.0
2026,55005,오서진,KT,KT,20,0.0,3,1,1,0,0,0,0,0,0,0,0,0,0,0,0,0,1,0.0,0.0,0.0,0,0.0,0.0,0,1,0,,0,,2.0,0.0,-0.5,0.0
2026,73117,우규민,KT,KT,20,,2,0,0,0,0,0,0,0,0,0,0,0,0,0,0,0,0,,,,0,0.0,0.0,0,0,0,,0,,,,0.0,0.0
2026,66706,장진혁,KT,KT,20,0.0,5,3,3,1,0,0,0,0,0,0,0,0,0,0,0,2,0,0.0,0.0,0.0,0,0.0,0.0,0,0,1,0.0,0,0.0,4.33,0.0,-0.6,0.0
2026,68089,조대현,KT,KT,20,,2,1,0,1,0,0,0,0,0,0,0,0,1,0,0,0,0,,1.0,1.0,0,0.0,0.0,0,0,0,,0,,5.0,,0.3,0.45
2026,51551,나승엽,롯데,LT,1,0.389,5,19,18,3,7,1,0,1,11,5,0,0,1,0,0,3,1,0.611,0.421,1.032,3,0.429,1.0,2,4,4,1.0,0,0.33,3.37,0.222,3.6,0.342
2026,69517,고승민,롯데,LT,2,0.379,7,32,29,6,11,1,2,1,19,7,0,1,2,0,0,5,0,0.655,0.406,1.061,4,0.444,0.0,4,6,8,0.75,1,0.4,3.72,0.276,7.1,0.346
2026,54529,레이예스,롯데,LT,3,0.34,37,166,150,18,51,11,0,6,80,25,0,1,13,3,2,22,2,0.533,0.398,0.931,15,0.438,0.0,17,28,50,0.56,2,0.59,3.54,0.193,29.1,0.312
2026,50500,황성빈,롯데,LT,4,0.288,21,70,66,9,19,1,2,0,24,3,2,0,2,0,0,13,0,0.364,0.309,0.673,6,0.333,0.5,3,23,11,2.09,0,0.15,3.73,0.076,8.2,0.23
2026,68205,전민재,롯데,LT,5,0.287,36,121,108,8,31,4,0,1,38,14,1,1,10,0,1,24,2,0.352,0.35,0.702,10,0.281,0.0,5,27,27,1.0,1,0.42,3.85,0.065,13.7,0.246
2026,62802,박승욱,롯데,LT,6,0.275,31,55,51,5,14,2,0,1,19,11,0,0,3,0,1,15,0,0.373,0.327,0.7,3,0.389,0.5,3,12,10,1.2,0,0.2,3.76,0.098,6.3,0.24
2026,68507,장두성,롯데,LT,7,0.274,34,80,73,9,20,1,1,0,23,5,1,0,4,0,2,15,0,0.315,0.329,0.644,8,0.5,0.0,2,21,17,1.24,1,0.27,3.25,0.041,9.2,0.227
2026,69508,신윤후,롯데,LT,8,0.25,16,16,16,4,4,2,0,0,6,0,0,0,0,0,0,7,1,0.375,0.25,0.625,1,0.0,0.0,2,4,1,4.0,0,0.0,3.81,0.125,0.9,0.206
2026,78513,전준우,롯데,LT,9,0.248,36,141,129,10,32,4,0,2,42,10,0,1,11,0,0,19,3,0.326,0.305,0.631,7,0.2,1.0,6,37,42,0.88,0,0.58,3.72,0.078,12.6,0.219
2026,61102,유강남,롯데,LT,10,0.244,32,81,78,5,19,4,0,2,29,6,0,1,1,0,1,19,1,0.372,0.259,0.631,3,0.158,0.111,6,20,21,0.95,0,0.05,3.57,0.128,7.5,0.21
2026,52568,한태양,롯데,LT,11,0.235,27,91,81,12,19,3,0,0,22,1,1,0,8,0,1,20,0,0.272,0.311,0.583,3,0.095,0.0,3,21,21,1.0,0,0.4,3.89,0.037,8.4,0.208
2026,68525,한동희,롯데,LT,12,0.233,24,95,90,5,21,4,0,0,25,4,0,0,4,0,1,21,5,0.278,0.274,0.552,6,0.16,0.0,4,29,19,1.53,1,0.19,3.55,0.044,5.0,0.193
2026,62931,노진혁,롯데,LT,13,0.231,37,136,117,8,27,9,0,4,48,15,1,3,13,0,2,29,3,0.41,0.311,0.721,8,0.195,0.2,13,29,35,0.83,2,0.45,3.88,0.179,16.0,0.242
2026,51528,손성빈,롯데,LT,14,0.225,34,80,71,8,16,3,0,1,22,8,2,1,6,0,0,16,1,0.31,0.282,0.592,2,0.208,0.0,4,16,24,0.67,2,0.38,4.34,0.085,6.6,0.204
2026,52591,윤동희,롯데,LT,15,0.208,28,117,101,15,21,7,0,3,37,8,0,0,14,2,2,28,3,0.366,0.316,0.682,6,0.267,0.0,10,21,31,0.68,1,0.5,3.94,0.158,11.3,0.234
2026,50150,손호영,롯데,LT,16,0.182,23,62,55,10,10,4,0,2,20,6,0,0,7,0,0,13,2,0.364,0.274,0.638,1,0.083,0.333,6,15,17,0.88,2,0.54,3.68,0.182,5.2,0.214
2026,54598,이호준,롯데,LT,17,0.111,30,34,27,4,3,1,0,0,4,1,0,0,7,0,0,7,0,0.148,0.294,0.442,0,0.077,0.0,1,8,9,0.89,1,1.0,4.35,0.037,1.7,0.169
2026,77564,김민성,롯데,LT,18,0.063,12,19,16,1,1,0,0,1,4,3,0,0,3,0,0,4,0,0.25,0.211,0.461,0,0.0,0.0,1,5,6,0.83,0,0.75,4.21,0.188,1.1,0.157
2026,55502,김동현,롯데,LT,19,0.0,1,2,2,0,0,0,0,0,0,0,0,0,0,0,0,1,0,0.0,0.0,0.0,0,0.0,0.0,0,0,1,0.0,0,0.0,2.5,0.0,-0.2,0.0
2026,52514,김세민,롯데,LT,19,0.0,4,3,1,1,0,0,0,0,0,0,0,0,2,0,0,0,0,0.0,0.667,0.667,0,0.0,0.0,0,1,0,,0,,3.33,0.0,0.6,0.3
2026,62528,김원중,롯데,LT,19,,1,0,0,0,0,0,0,0,0,0,0,0,0,0,0,0,0,,,,0,0.0,0.0,0,0,0,,0,,,,0.0,0.0
2026,56595,김한홀,롯데,LT,19,,4,0,0,0,0,0,0,0,0,0,0,0,0,0,0,0,0,,,,0,0.0,0.0,0,0,0,,0,,,,0.2,0.0
2026,56531,로드리게스,롯데,LT,19,,1,0,0,0,0,0,0,0,0,0,0,0,0,0,0,0,0,,,,0,0.0,0.0,0,0,0,,0,,,,0.0,0.0
2026,67588,윤성빈,롯데,LT,19,,1,0,0,0,0,0,0,0,0,0,0,0,0,0,0,0,0,,,,0,0.0,0.0,0,0,0,,0,,,,0.0,0.0
2026,56563,이서준,롯데,LT,19,0.0,3,2,2,0,0,0,0,0,0,0,0,0,0,0,0,1,0,0.0,0.0,0.0,0,0.0,0.0,0,1,0,,0,0.0,3.5,0.0,-0.2,0.0
2026,68518,정보근,롯데,LT,19,0.0,5,1,1,0,0,0,0,0,0,0,0,0,0,0,0,0,0,0.0,0.0,0.0,0,0.0,0.0,0,1,0,,0,,3.0,0.0,-0.1,0.0
2026,50556,최준용,롯데,LT,19,,2,0,0,0,0,0,0,0,0,0,0,0,0,0,0,0,0,,,,0,0.0,0.0,0,0,0,,0,,,,0.0,0.0
2026,68260,현도훈,롯데,LT,19,,1,0,0,0,0,0,0,0,0,0,0,0,0,0,0,0,0,,,,0,0.0,0.0,0,0,0,,0,,,,0.0,0.0
2026,67609,박정우,KIA,HT,1,0.333,28,11,9,5,3,0,0,0,3,2,1,0,0,0,1,2,0,0.333,0.4,0.733,0,0.667,0.0,0,0,4,0.0,0,0.0,3.36,0.0,1.0,0.263
2026,55636,박재현,KIA,HT,2,0.328,36,133,119,20,39,7,0,5,61,20,3,0,11,0,0,23,1,0.513,0.385,0.898,10,0.385,0.0,12,26,31,0.84,3,0.48,3.38,0.185,23.0,0.302
2026,66354,주효상,KIA,HT,3,0.3,5,11,10,1,3,0,0,0,3,1,0,0,1,0,0,2,0,0.3,0.364,0.664,0,0.5,0.0,0,5,0,,0,0.5,3.73,0.0,1.2,0.239
2026,78603,김선빈,KIA,HT,4,0.288,38,160,132,19,38,8,0,1,49,18,0,1,26,1,1,16,2,0.371,0.406,0.777,11,0.316,1.0,9,51,28,1.82,1,1.63,4.22,0.083,21.8,0.275
2026,68646,한준수,KIA,HT,5,0.287,33,112,87,12,25,7,0,3,41,11,4,1,20,2,0,15,5,0.471,0.417,0.888,7,0.333,0.333,10,20,28,0.71,1,1.33,4.25,0.184,16.5,0.305
2026,52605,김도영,KIA,HT,6,0.282,39,169,142,29,40,8,0,12,84,35,0,1,24,3,2,25,5,0.592,0.391,0.983,8,0.378,0.0,20,36,42,0.86,4,0.96,3.43,0.31,30.9,0.324
2026,65653,김호령,KIA,HT,7,0.261,38,172,153,23,40,11,0,4,63,17,5,1,10,0,3,40,1,0.412,0.317,0.729,16,0.214,0.0,15,43,31,1.39,0,0.25,3.65,0.15,20.4,0.246
2026,52634,박상준,KIA,HT,8,0.258,12,38,31,5,8,3,0,0,11,1,0,0,7,0,0,11,0,0.355,0.395,0.75,2,0.0,0.0,3,8,4,2.0,0,0.64,3.95,0.097,4.9,0.267
2026,56632,데일,KIA,HT,9,0.256,34,135,117,20,30,4,0,1,37,6,4,1,13,1,0,14,4,0.316,0.328,0.644,6,0.174,0.5,5,44,30,1.47,0,0.93,3.65,0.06,12.4,0.227
2026,56613,아데를린,KIA,HT,10,0.25,8,35,32,6,8,0,0,5,23,13,0,1,2,0,0,6,1,0.719,0.286,1.005,2,0.3,0.0,5,8,11,0.73,2,0.33,3.37,0.469,7.2,0.308
2026,56626,카스트로,KIA,HT,10,0.25,23,93,88,15,22,9,0,2,37,16,0,1,4,0,0,22,4,0.42,0.28,0.7,6,0.231,0.0,11,25,20,1.25,2,0.18,3.92,0.17,9.0,0.231
2026,62947,나성범,KIA,HT,12,0.248,36,148,125,17,31,6,0,6,55,20,0,2,18,0,3,43,1,0.44,0.351,0.791,7,0.318,0.0,12,28,25,1.12,3,0.42,3.85,0.192,21.2,0.268
2026,50657,박민,KIA,HT,13,0.23,29,71,61,5,14,2,0,1,19,8,1,0,7,0,2,10,1,0.311,0.329,0.64,3,0.438,0.0,3,14,23,0.61,0,0.7,4.11,0.082,6.8,0.226
2026,66614,김규성,KIA,HT,14,0.217,36,57,46,7,10,2,0,0,12,6,3,2,6,0,0,10,1,0.261,0.296,0.557,1,0.273,0.0,2,13,15,0.87,1,0.6,3.6,0.043,5.0,0.198
2026,52628,한승연,KIA,HT,15,0.182,8,15,11,4,2,1,0,1,6,2,0,0,2,0,2,5,0,0.545,0.4,0.945,0,0.0,0.0,2,0,4,0.0,0,0.4,5.0,0.364,2.7,0.316
2026,78122,김태군,KIA,HT,16,0.171,15,39,35,2,6,1,0,1,10,2,2,1,1,0,0,7,1,0.286,0.189,0.475,1,0.143,0.0,2,10,13,0.77,0,0.14,3.62,0.114,1.9,0.157
2026,61353,고종욱,KIA,HT,17,0.167,16,23,18,0,3,0,0,0,3,4,0,1,3,0,1,4,1,0.167,0.304,0.471,0,0.222,0.273,0,9,3,3.0,0,0.75,4.17,0.0,1.7,0.179
2026,69636,오선우,KIA,HT,17,0.167,12,41,36,3,6,2,0,2,14,3,0,0,5,0,0,13,0,0.389,0.268,0.657,0,0.0,0.0,4,11,6,1.83,0,0.38,4.46,0.222,4.2,0.218
2026,52667,윤도현,KIA,HT,17,0.167,7,25,24,1,4,0,0,0,4,0,0,0,1,0,0,9,1,0.167,0.2,0.367,0,0.0,0.0,0,5,6,0.83,0,0.11,3.8,0.0,0.3,0.132
2026,55926,정현창,KIA,HT,20,0.136,32,24,22,2,3,1,0,0,4,5,0,1,1,0,0,10,0,0.182,0.167,0.349,0,0.182,0.0,1,4,6,0.67,1,0.1,4.04,0.045,0.6,0.121
2026,68504,이호연,KIA,HT,21,0.125,6,19,16,0,2,0,0,0,2,0,0,0,2,0,1,7,2,0.125,0.263,0.388,0,0.0,0.0,0,4,3,1.33,0,0.29,3.95,0.0,0.0,0.15
2026,65769,김범수,KIA,HT,22,,1,0,0,0,0,0,0,0,0,0,0,0,0,0,0,0,0,,,,0,0.0,0.0,0,0,0,,0,,,,0.0,0.0
2026,64560,이창진,KIA,HT,22,0.0,1,2,2,0,0,0,0,0,0,0,0,0,0,0,0,1,1,0.0,0.0,0.0,0,0.0,0.0,0,1,0,,0,0.0,7.5,0.0,-0.6,0.0
2026,55267,홍민규,KIA,HT,22,,1,0,0,0,0,0,0,0,0,0,0,0,0,0,0,0,0,,,,0,0.0,0.0,0,0,0,,0,,,,0.0,0.0
2026,66112,김기연,두산,OB,1,0.364,11,25,22,5,8,1,0,0,9,6,0,1,1,0,1,1,0,0.409,0.4,0.809,2,0.5,0.0,1,5,9,0.56,1,1.0,3.36,0.045,4.0,0.282
2026,55252,박준순,두산,OB,2,0.329,37,158,146,18,48,6,3,6,78,27,0,0,9,0,3,31,3,0.534,0.38,0.914,15,0.383,0.0,15,35,32,1.09,6,0.29,3.46,0.205,26.3,0.305
2026,56251,카메론,두산,OB,3,0.301,39,163,146,23,44,13,2,6,79,20,0,1,15,0,1,32,5,0.541,0.368,0.909,13,0.222,1.0,21,25,46,0.54,0,0.47,3.54,0.24,27.4,0.301
2026,53554,김민석,두산,OB,4,0.282,35,126,110,16,31,7,1,1,43,13,1,1,14,0,0,29,1,0.391,0.36,0.751,6,0.355,0.5,9,31,20,1.55,3,0.48,4.09,0.109,16.2,0.26
2026,64646,박찬호,두산,OB,5,0.265,39,174,147,28,39,7,0,3,55,13,4,1,21,1,1,28,5,0.374,0.359,0.733,9,0.229,1.0,10,36,45,0.8,2,0.75,3.99,0.109,21.8,0.255
2026,79231,정수빈,두산,OB,6,0.258,38,148,124,17,32,1,2,2,43,16,4,0,17,0,3,25,0,0.347,0.361,0.708,8,0.323,0.0,5,33,34,0.97,2,0.68,4.2,0.089,18.1,0.249
2026,50204,박지훈,두산,OB,7,0.231,35,95,78,13,18,1,2,0,23,10,5,0,10,0,2,10,1,0.295,0.333,0.628,3,0.333,0.25,3,29,21,1.38,1,1.0,3.85,0.064,9.3,0.224
2026,51203,안재석,두산,OB,8,0.23,23,96,87,14,20,6,0,3,35,10,0,1,7,0,1,13,2,0.402,0.292,0.694,6,0.227,0.0,9,24,31,0.77,0,0.54,3.72,0.172,10.7,0.232
2026,53296,윤준호,두산,OB,9,0.222,23,47,36,6,8,0,0,2,14,5,4,1,6,0,0,11,2,0.389,0.326,0.715,0,0.25,1.0,2,11,7,1.57,0,0.55,3.91,0.167,5.1,0.244
2026,50208,오명진,두산,OB,10,0.214,18,34,28,5,6,2,0,1,11,6,1,1,4,0,0,5,0,0.393,0.303,0.696,2,0.2,0.25,3,6,12,0.5,1,0.8,4.21,0.179,4.1,0.235
2026,66209,조수행,두산,OB,10,0.214,26,20,14,3,3,0,0,0,3,1,3,0,3,0,0,2,0,0.214,0.353,0.567,0,0.25,0.0,0,6,3,2.0,0,1.5,3.6,0.0,1.5,0.212
2026,64153,양석환,두산,OB,12,0.205,27,100,88,5,18,3,0,1,24,6,0,4,8,1,0,29,0,0.273,0.26,0.533,4,0.0,0.0,4,9,36,0.25,0,0.28,3.83,0.068,8.2,0.185
2026,63123,강승호,두산,OB,13,0.2,24,61,55,4,11,1,0,0,12,2,0,0,4,0,2,17,2,0.218,0.279,0.497,3,0.118,0.0,1,14,13,1.08,0,0.24,4.02,0.018,2.9,0.18
2026,63257,김인태,두산,OB,13,0.2,18,20,15,3,3,1,0,1,7,2,0,0,3,0,2,5,0,0.467,0.4,0.867,0,0.0,0.231,2,4,3,1.33,0,0.6,4.15,0.267,3.2,0.297
2026,67207,이유찬,두산,OB,15,0.194,28,47,36,6,7,2,0,0,9,9,0,3,5,0,3,11,0,0.25,0.319,0.569,1,0.25,0.0,2,9,12,0.75,1,0.45,4.38,0.056,5.3,0.206
2026,76232,양의지,두산,OB,16,0.194,37,157,129,10,25,5,0,2,36,16,0,4,17,0,7,19,4,0.279,0.312,0.591,5,0.219,0.0,7,35,54,0.65,0,0.89,3.91,0.085,14.1,0.21
2026,66233,홍성호,두산,OB,17,0.167,3,12,12,1,2,0,0,0,2,0,0,0,0,0,0,6,1,0.167,0.167,0.334,0,0.0,0.0,0,1,3,0.33,0,0.0,4.25,0.0,-0.3,0.117
2026,54236,임종성,두산,OB,18,0.143,2,7,7,1,1,0,0,1,4,1,0,0,0,0,0,3,0,0.571,0.143,0.714,0,0.0,0.0,1,2,1,2.0,0,0.0,4.0,0.429,0.9,0.207
2026,77532,손아섭,두산,OB,19,0.111,12,41,36,5,4,1,0,1,8,4,0,1,4,0,0,9,1,0.222,0.195,0.417,0,0.125,0.0,2,18,6,3.0,0,0.44,4.32,0.111,1.6,0.143
2026,53404,류승민,두산,OB,20,0.0,1,1,1,0,0,0,0,0,0,0,0,0,0,0,0,1,0,0.0,0.0,0.0,0,0.0,0.0,0,0,0,,0,0.0,5.0,0.0,-0.1,0.0
2026,68249,박신지,두산,OB,20,,1,0,0,0,0,0,0,0,0,0,0,0,0,0,0,0,0,,,,0,0.0,0.0,0,0,0,,0,,,,0.0,0.0
2026,55215,양재훈,두산,OB,20,,1,0,0,0,0,0,0,0,0,0,0,0,0,0,0,0,0,,,,0,0.0,0.0,0,0,0,,0,,,,0.0,0.0
2026,52202,윤태호,두산,OB,20,,1,0,0,0,0,0,0,0,0,0,0,0,0,0,0,0,0,,,,0,0.0,0.0,0,0,0,,0,,,,0.0,0.0
2026,56215,최주형,두산,OB,20,,1,0,0,0,0,0,0,0,0,0,0,0,0,0,0,0,0,,,,0,0.0,0.0,0,0,0,,0,,,,0.0,0.0
2026,65898,김웅빈,키움,WO,1,1.0,1,1,1,0,1,0,0,0,1,0,0,0,0,0,0,0,0,1.0,1.0,2.0,0,0.0,1.0,0,0,0,,0,,4.0,0.0,0.5,0.7
2026,78168,서건창,키움,WO,2,0.313,4,21,16,6,5,0,0,0,5,2,0,0,3,1,2,2,0,0.313,0.476,0.789,2,0.75,0.0,0,4,5,0.8,0,1.5,3.19,0.0,3.1,0.292
2026,52348,박찬혁,키움,WO,3,0.305,19,64,59,5,18,1,0,0,19,3,1,0,3,0,1,14,2,0.322,0.349,0.671,5,0.286,0.0,1,15,12,1.25,0,0.21,3.61,0.017,6.1,0.238
2026,64346,임병욱,키움,WO,4,0.304,16,52,46,7,14,5,0,1,22,4,1,0,4,0,1,13,0,0.478,0.373,0.851,5,0.222,0.0,6,9,10,0.9,1,0.31,3.83,0.174,8.0,0.287
2026,79608,안치홍,키움,WO,5,0.301,38,166,146,14,44,8,0,3,61,15,0,0,20,1,0,23,6,0.418,0.386,0.804,11,0.263,1.0,11,35,44,0.8,2,0.87,3.82,0.116,21.7,0.278
2026,50357,박주홍,키움,WO,6,0.258,32,114,97,11,25,6,1,2,39,7,0,0,13,0,4,30,2,0.402,0.368,0.77,6,0.176,0.5,9,29,13,2.23,1,0.43,4.11,0.144,14.9,0.266
2026,76267,최주환,키움,WO,7,0.254,35,131,118,10,30,4,0,3,43,15,1,1,11,0,0,23,5,0.364,0.315,0.679,8,0.281,0.333,7,33,33,1.0,0,0.48,4.5,0.11,12.9,0.233
2026,64340,임지열,키움,WO,8,0.25,18,53,48,7,12,2,0,1,17,3,2,0,3,0,0,13,3,0.354,0.294,0.648,1,0.231,0.2,3,12,11,1.09,1,0.23,4.02,0.104,3.9,0.221
2026,50167,이주형,키움,WO,9,0.247,23,102,93,12,23,9,1,2,40,12,1,0,5,0,3,21,0,0.43,0.307,0.737,5,0.25,0.0,12,27,22,1.23,3,0.24,3.73,0.183,12.9,0.246
2026,54394,송지후,키움,WO,10,0.233,13,35,30,3,7,1,0,0,8,0,1,0,3,0,1,8,0,0.267,0.324,0.591,2,0.0,0.0,1,9,6,1.5,0,0.38,3.8,0.033,3.0,0.213
2026,55392,어준서,키움,WO,11,0.233,12,47,43,5,10,0,0,0,10,1,0,0,3,0,1,10,0,0.233,0.298,0.531,2,0.125,0.0,0,16,7,2.29,0,0.3,4.26,0.0,3.3,0.192
2026,56326,김지석,키움,WO,12,0.224,17,56,49,3,11,1,0,1,15,3,3,1,1,0,2,9,1,0.306,0.264,0.57,2,0.182,0.0,2,20,10,2.0,0,0.11,3.95,0.082,4.3,0.195
2026,56322,브룩스,키움,WO,13,0.221,37,149,131,11,29,6,0,0,35,15,0,3,14,0,1,21,1,0.267,0.295,0.562,6,0.364,0.667,6,29,55,0.53,0,0.67,3.87,0.046,12.5,0.2
2026,53312,김건희,키움,WO,14,0.216,37,130,111,7,24,6,0,1,33,15,1,3,15,1,0,42,3,0.297,0.302,0.599,5,0.286,0.333,7,27,21,1.29,1,0.36,3.99,0.081,11.1,0.21
2026,68362,추재현,키움,WO,15,0.214,5,16,14,2,3,0,0,1,6,2,0,0,1,0,1,2,3,0.429,0.313,0.742,0,0.167,0.0,1,4,5,0.8,0,0.5,3.75,0.214,1.0,0.248
2026,52305,박수종,키움,WO,16,0.2,18,35,30,3,6,2,0,0,8,2,1,0,3,0,1,5,0,0.267,0.294,0.561,1,0.182,0.0,2,12,7,1.71,1,0.6,3.43,0.067,2.6,0.199
2026,78756,오선진,키움,WO,17,0.195,27,47,41,5,8,1,0,0,9,3,3,0,3,0,0,9,1,0.22,0.25,0.47,1,0.167,0.0,1,13,11,1.18,2,0.33,3.94,0.024,1.9,0.168
2026,55397,전태현,키움,WO,18,0.182,4,11,11,1,2,1,0,0,3,0,0,0,0,0,0,4,0,0.273,0.182,0.455,0,0.0,1.0,1,2,3,0.67,0,0.0,4.55,0.091,0.4,0.15
2026,64984,김태진,키움,WO,19,0.167,5,6,6,1,1,0,0,0,1,0,0,0,0,0,0,3,0,0.167,0.167,0.334,0,1.0,0.0,0,0,2,0.0,0,0.0,4.5,0.0,0.0,0.117
2026,55370,양현종,키움,WO,19,0.167,12,42,36,4,6,2,0,2,14,5,0,1,5,0,0,18,0,0.389,0.262,0.651,1,0.1,0.0,4,5,8,0.63,0,0.28,3.9,0.222,4.5,0.215
2026,78135,이형종,키움,WO,21,0.159,23,53,44,7,7,2,0,2,15,6,1,0,6,0,2,18,0,0.341,0.288,0.629,0,0.071,0.444,4,11,8,1.38,0,0.33,4.91,0.182,5.5,0.215
2026,55371,권혁빈,키움,WO,22,0.15,10,22,20,0,3,0,0,0,3,3,0,0,0,0,2,7,0,0.15,0.227,0.377,0,0.2,0.0,0,8,2,4.0,1,0.0,3.59,0.0,0.6,0.14
2026,56338,최재영,키움,WO,22,0.15,11,23,20,3,3,1,0,0,4,3,0,1,2,0,0,7,1,0.2,0.217,0.417,1,0.286,0.0,1,7,4,1.75,0,0.29,5.0,0.05,0.8,0.148
2026,56304,박한결,키움,WO,24,0.128,14,41,39,1,5,1,0,0,6,0,0,0,2,0,0,12,0,0.154,0.171,0.325,1,0.0,0.0,1,12,10,1.2,0,0.17,4.07,0.026,0.2,0.115
2026,69332,주성원,키움,WO,25,0.1,6,13,10,2,1,0,0,0,1,0,0,0,2,0,1,3,0,0.1,0.308,0.408,0,0.0,0.0,0,4,2,2.0,0,0.67,3.23,0.0,0.7,0.164
2026,55339,염승원,키움,WO,26,0.083,4,13,12,0,1,0,0,0,1,0,1,0,0,0,0,4,0,0.083,0.083,0.166,0,0.0,0.0,0,3,4,0.75,0,0.0,3.46,0.0,-0.5,0.058
2026,53344,김동헌,키움,WO,27,0.0,5,11,10,1,0,0,0,0,0,1,0,0,1,0,0,3,0,0.0,0.091,0.091,0,0.0,0.0,0,4,3,1.33,0,0.33,3.64,0.0,-0.6,0.041
2026,62332,김재현,키움,WO,27,0.0,5,10,9,0,0,0,0,0,0,0,0,0,0,0,1,6,0,0.0,0.1,0.1,0,0.0,0.0,0,2,1,2.0,0,0.0,5.2,0.0,-0.5,0.045
2026,75125,박병호,키움,WO,27,,1,0,0,0,0,0,0,0,0,0,0,0,0,0,0,0,0,,,,0,0.0,0.0,0,0,0,,0,,,,0.0,0.0
2026,53305,박성빈,키움,WO,27,0.0,5,8,7,0,0,0,0,0,0,0,0,0,0,0,1,3,0,0.0,0.125,0.125,0,0.0,0.0,0,0,4,0.0,0,0.0,4.25,0.0,-0.3,0.056
2026,63512,박진형,키움,WO,27,,1,0,0,0,0,0,0,0,0,0,0,0,0,0,0,0,0,,,,0,0.0,0.0,0,0,0,,0,,,,0.0,0.0
2026,51302,이주형,키움,WO,27,0.0,5,5,5,0,0,0,0,0,0,0,0,0,0,0,0,2,0,0.0,0.0,0.0,0,0.0,0.0,0,1,2,0.5,0,0.0,3.4,0.0,-0.5,0.0
2026,69360,조영건,키움,WO,27,,1,0,0,0,0,0,0,0,0,0,0,0,0,0,0,0,0,,,,0,0.0,0.0,0,0,0,,0,,,,0.0,0.0
