season_year,player_id,player_name,team_name,team_code,rank_no,era,g,w,l,sv,hld,wpct,ip,h,hr,bb,hbp,so,r,er,whip,cg,sho,qs,bsv,tbf,np,avg,double_hit,triple_hit,sac,sf,ibb,wp,bk,gs,wgs,wgr,gf,svo,ts,gdp,go_count,ao_count,go_ao,babip,p_g,p_ip,k9,bb9,k_bb,obp,slg,ops
2026,67143,손주영,LG,LG,1,0.0,2,0,0,1,0,,3,3,0,0,0,3,0,0,1.0,0,0,0,0,11,50,0.273,0,0,0,0,0,1,0,0,0,0,1,1,0,0,2,3,0.67,0.375,25.0,16.7,9.0,0.0,,0.273,0.273,0.546
2026,61145,이우찬,LG,LG,1,0.0,3,0,0,0,0,,2,3,0,1,0,2,0,0,2.0,0,0,0,0,10,36,0.333,1,0,0,0,0,0,0,0,0,0,0,0,0,0,1,3,0.33,0.429,12.0,18.0,9.0,4.5,2.0,0.4,0.444,0.844
2026,50106,유영찬,LG,LG,3,0.75,13,0,1,11,0,0.0,12,4,0,6,0,12,1,1,0.83,0,0,0,0,45,182,0.103,0,0,0,0,0,0,0,0,0,0,12,12,0,1,8,15,0.53,0.148,14.0,15.2,9.0,4.5,2.0,0.222,0.103,0.325
2026,64596,김유영,LG,LG,4,1.8,5,0,0,0,0,,5,3,0,4,0,8,1,1,1.4,0,0,0,0,21,96,0.176,1,0,0,0,0,0,0,0,0,0,0,0,0,0,3,3,1.0,0.333,19.2,19.2,14.4,7.2,2.0,0.333,0.235,0.568
2026,55348,웰스,LG,LG,5,2.06,7,2,2,0,0,0.5,39 1/3,28,1,10,0,28,11,9,0.97,0,0,4,0,155,601,0.194,8,2,1,0,0,0,0,7,2,0,0,0,0,1,41,47,0.87,0.235,85.9,15.3,6.41,2.29,2.8,0.247,0.299,0.546
2026,50157,김윤식,LG,LG,6,2.7,3,0,0,0,0,,3 1/3,2,0,2,0,3,1,1,1.2,0,0,0,0,14,62,0.167,1,0,0,0,0,0,0,0,0,0,1,0,0,1,4,3,1.33,0.222,20.7,18.6,8.1,5.4,1.5,0.286,0.25,0.536
2026,50904,이종준,LG,LG,7,3.0,2,0,0,0,0,,3,1,0,0,1,3,1,1,0.33,0,0,0,0,11,50,0.1,1,0,0,0,0,0,0,0,0,0,2,0,0,0,2,4,0.5,0.143,25.0,16.7,9.0,0.0,,0.182,0.2,0.382
2026,51111,송승기,LG,LG,8,3.15,7,2,0,0,0,1.0,34 1/3,34,3,11,0,31,14,12,1.31,0,0,1,0,148,619,0.254,4,1,1,2,0,4,0,7,2,0,0,0,0,2,29,42,0.69,0.304,88.4,18.0,8.13,2.88,2.82,0.306,0.366,0.672
2026,55167,김영우,LG,LG,9,3.29,16,1,0,0,2,1.0,13 2/3,12,1,7,0,12,5,5,1.39,0,0,0,1,60,230,0.235,3,1,1,1,1,0,0,0,0,1,3,5,0,0,8,20,0.4,0.282,14.4,16.8,7.9,4.61,1.71,0.322,0.392,0.714
2026,51154,김진수,LG,LG,10,3.46,9,2,1,1,0,0.667,13,10,2,3,0,10,5,5,1.0,0,0,0,0,52,195,0.213,2,0,0,2,0,1,0,0,0,2,4,1,0,1,15,14,1.07,0.216,21.7,15.0,6.92,2.08,3.33,0.25,0.383,0.633
2026,55130,톨허스트,LG,LG,11,3.55,8,5,2,0,0,0.714,45 2/3,38,3,15,6,36,18,18,1.16,0,0,6,0,196,740,0.222,6,0,2,2,0,0,1,8,5,0,0,0,0,3,40,59,0.68,0.261,92.5,16.2,7.09,2.96,2.4,0.304,0.31,0.614
2026,75867,김진성,LG,LG,12,3.71,19,3,0,0,6,1.0,17,21,3,4,0,10,7,7,1.47,0,0,0,2,73,280,0.323,4,0,1,3,0,0,0,0,0,3,1,6,0,2,6,31,0.19,0.327,14.7,16.5,5.29,2.12,2.5,0.347,0.523,0.87
2026,63145,배재준,LG,LG,13,3.86,9,1,0,0,1,1.0,9 1/3,11,0,6,0,11,4,4,1.82,0,0,0,0,42,169,0.306,1,0,0,0,0,1,0,0,0,1,0,2,0,2,7,7,1.0,0.44,18.8,18.1,10.61,5.79,1.83,0.405,0.333,0.738
2026,68159,성동현,LG,LG,13,3.86,3,0,0,0,0,,2 1/3,2,0,2,1,2,2,1,1.71,0,0,0,0,12,49,0.222,0,0,0,0,0,0,0,0,0,0,3,0,0,0,2,3,0.67,0.286,16.3,21.0,7.71,7.71,1.0,0.417,0.222,0.639
2026,61101,임찬규,LG,LG,15,4.46,8,2,1,0,0,0.667,42 1/3,58,2,12,1,22,22,21,1.65,0,0,1,0,190,719,0.333,11,0,1,2,0,1,0,8,2,0,0,0,0,3,44,52,0.85,0.368,89.9,17.0,4.68,2.55,1.83,0.376,0.431,0.807
2026,69134,이정용,LG,LG,16,4.58,11,0,0,0,1,,17 2/3,21,2,7,2,10,12,9,1.58,0,0,0,0,84,303,0.288,4,1,1,1,0,1,0,2,0,0,2,2,0,0,25,18,1.39,0.306,27.5,17.2,5.09,3.57,1.43,0.361,0.452,0.813
2026,63950,장현식,LG,LG,17,4.67,18,3,2,2,7,0.6,17 1/3,17,3,8,1,15,9,9,1.44,0,0,0,2,75,317,0.258,0,0,0,0,1,2,0,0,0,3,3,9,0,3,20,14,1.43,0.292,17.6,18.3,7.79,4.15,1.88,0.347,0.394,0.741
2026,51526,우강훈,LG,LG,18,4.96,19,0,0,0,8,,16 1/3,13,1,7,3,20,13,9,1.22,0,0,0,2,72,275,0.21,3,0,0,0,0,1,0,0,0,0,0,14,0,2,20,9,2.22,0.293,14.5,16.8,11.02,3.86,2.86,0.319,0.306,0.625
2026,55121,박시원,LG,LG,19,5.06,5,0,1,0,0,0.0,5 1/3,6,0,3,1,0,4,3,1.69,0,0,0,0,25,91,0.3,0,0,1,0,0,2,0,0,0,0,3,0,0,0,8,6,1.33,0.3,18.2,17.1,0.0,5.06,0.0,0.417,0.3,0.717
2026,55146,치리노스,LG,LG,20,7.32,5,1,3,0,0,0.25,19 2/3,31,1,9,3,19,16,16,2.03,0,0,0,0,101,396,0.356,6,0,2,0,0,1,0,5,1,0,0,0,0,2,25,12,2.08,0.448,79.2,20.1,8.69,4.12,2.11,0.434,0.46,0.894
2026,63248,함덕주,LG,LG,21,7.43,17,1,1,1,2,0.5,13 1/3,21,3,6,0,7,11,11,2.03,0,0,0,1,67,302,0.344,1,0,0,0,0,0,0,0,0,1,2,4,0,0,12,21,0.57,0.353,17.8,22.7,4.73,4.05,1.17,0.403,0.508,0.911
2026,65109,백승현,LG,LG,22,9.0,3,0,0,0,0,,3,3,1,1,0,6,3,3,1.33,0,0,0,0,13,58,0.25,0,0,0,0,0,2,0,0,0,0,1,0,0,0,3,0,,0.4,19.3,19.3,18.0,3.0,6.0,0.308,0.5,0.808
2026,69168,이상영,LG,LG,23,13.5,1,0,1,0,0,0.0,3 1/3,9,0,2,0,0,5,5,3.3,0,0,0,0,18,58,0.563,2,0,0,0,0,0,0,1,0,0,0,0,0,2,5,2,2.5,0.563,58.0,17.4,0.0,5.4,0.0,0.611,0.688,1.299
2026,56709,박준영,한화,HH,1,0.0,1,1,0,0,0,1.0,5,3,0,3,0,2,0,0,1.2,0,0,0,0,20,79,0.176,1,0,0,0,0,0,0,1,1,0,0,0,0,1,5,7,0.71,0.2,79.0,15.8,3.6,5.4,0.67,0.3,0.235,0.535
2026,69205,이교훈,한화,HH,1,0.0,1,0,0,0,0,,1/3,1,0,1,0,1,2,0,6.0,0,0,0,0,3,11,0.5,0,0,0,0,0,0,0,0,0,0,0,0,0,0,0,0,,1.0,11.0,33.0,27.0,27.0,1.0,0.667,0.5,1.167
2026,65616,이민우,한화,HH,3,2.4,12,0,1,0,2,0.0,15,13,1,4,3,5,4,4,1.13,0,0,0,0,64,233,0.245,2,0,0,4,0,0,0,0,0,0,2,1,0,1,21,18,1.17,0.235,19.4,15.5,3.0,2.4,1.25,0.313,0.34,0.653
2026,56719,왕옌청,한화,HH,4,2.64,8,3,2,0,0,0.6,44 1/3,44,3,18,2,34,21,13,1.4,0,0,3,0,191,735,0.259,6,0,1,0,0,3,0,8,3,0,0,0,0,5,60,32,1.88,0.308,91.9,16.6,6.9,3.65,1.89,0.337,0.347,0.684
2026,65117,이상규,한화,HH,5,3.18,9,0,0,0,1,,11 1/3,9,1,6,1,7,7,4,1.32,0,0,0,0,52,170,0.214,0,0,3,0,0,1,0,0,0,0,1,1,0,0,10,16,0.63,0.235,18.9,15.0,5.56,4.76,1.17,0.327,0.286,0.613
2026,55764,권민규,한화,HH,6,3.38,8,1,0,0,0,1.0,8,10,1,4,0,5,3,3,1.75,0,0,0,0,36,145,0.323,2,0,0,1,0,0,0,0,0,1,2,0,0,2,8,9,0.89,0.346,18.1,18.1,5.63,4.5,1.25,0.389,0.484,0.873
2026,69213,윤산흠,한화,HH,7,3.45,14,1,0,0,1,1.0,15 2/3,12,1,7,1,10,8,6,1.21,0,0,0,0,67,273,0.211,4,0,1,1,0,0,0,0,0,1,0,3,0,4,22,14,1.57,0.234,19.5,17.4,5.74,4.02,1.43,0.303,0.333,0.636
2026,76715,류현진,한화,HH,8,3.51,7,4,2,0,0,0.667,41,36,4,7,1,41,19,16,1.05,0,0,3,0,165,632,0.235,10,0,2,2,1,1,0,7,4,0,0,0,0,2,31,47,0.66,0.291,90.3,15.4,9.0,1.54,5.86,0.27,0.379,0.649
2026,56724,화이트,한화,HH,9,3.86,1,0,1,0,0,0.0,2 1/3,4,0,1,0,2,1,1,2.14,0,0,0,0,13,57,0.333,1,0,0,0,0,1,0,1,0,0,0,0,0,0,5,1,5.0,0.4,57.0,24.4,7.71,3.86,2.0,0.385,0.417,0.802
2026,54768,조동욱,한화,HH,10,4.11,19,0,1,0,5,0.0,15 1/3,15,0,7,1,14,7,7,1.43,0,0,0,0,65,223,0.268,1,0,1,0,0,1,0,0,0,0,1,2,0,1,11,16,0.69,0.357,11.7,14.5,8.22,4.11,2.0,0.359,0.286,0.645
2026,56760,쿠싱,한화,HH,11,4.82,14,1,2,3,0,0.333,18 2/3,17,3,6,0,25,10,10,1.23,0,0,0,1,80,306,0.233,2,0,1,0,0,0,0,1,0,1,13,4,0,1,16,15,1.07,0.311,21.9,16.4,12.05,2.89,4.17,0.291,0.384,0.675
2026,56712,에르난데스,한화,HH,12,4.86,8,3,3,0,0,0.5,37,41,2,15,1,27,22,20,1.51,0,0,2,0,161,628,0.287,6,0,2,0,0,1,0,8,3,0,0,0,0,5,29,46,0.63,0.342,78.5,17.0,6.57,3.65,1.8,0.358,0.371,0.729
2026,63765,김종수,한화,HH,13,4.97,16,0,1,0,3,0.0,12 2/3,13,2,5,2,13,7,7,1.42,0,0,0,1,57,206,0.265,0,2,0,1,0,0,0,0,0,0,0,3,0,2,14,10,1.4,0.314,12.9,16.3,9.24,3.55,2.6,0.351,0.469,0.82
2026,52701,문동주,한화,HH,14,5.18,6,1,1,0,0,0.5,24 1/3,27,3,11,3,18,16,14,1.56,0,0,1,0,110,442,0.281,6,1,0,0,0,2,0,6,1,0,0,0,0,3,29,22,1.32,0.32,73.7,18.2,6.66,4.07,1.64,0.373,0.458,0.831
2026,52731,박준영,한화,HH,15,5.27,11,0,0,0,0,,13 2/3,12,1,15,2,12,9,8,1.98,0,0,0,0,65,273,0.267,2,2,1,2,0,0,0,1,0,0,5,1,0,3,12,11,1.09,0.324,24.8,20.0,7.9,9.88,0.8,0.453,0.467,0.92
2026,54729,황준서,한화,HH,16,6.57,6,0,2,0,0,0.0,12 1/3,11,1,12,0,14,10,9,1.86,0,0,0,0,60,254,0.25,1,0,3,1,0,0,0,3,0,0,1,0,0,1,8,12,0.67,0.333,42.3,20.6,10.22,8.76,1.17,0.404,0.341,0.745
2026,56769,강건우,한화,HH,17,7.15,8,0,0,0,0,,11 1/3,20,2,9,1,10,10,9,2.56,0,0,0,0,65,231,0.364,0,0,0,0,0,0,0,1,0,0,2,0,0,1,8,17,0.47,0.419,28.9,20.4,7.94,7.15,1.11,0.462,0.473,0.935
2026,55743,정우주,한화,HH,18,7.2,19,0,0,0,5,,15,18,0,17,4,21,12,12,2.33,0,0,0,1,81,355,0.305,3,0,0,1,0,5,0,1,0,0,1,5,0,2,9,12,0.75,0.462,18.7,23.7,12.6,10.2,1.24,0.481,0.356,0.837
2026,50705,강재민,한화,HH,19,7.71,2,0,0,0,0,,2 1/3,2,0,3,2,1,2,2,2.14,0,0,0,0,14,51,0.222,0,0,0,0,0,0,0,0,0,0,0,0,0,0,1,5,0.2,0.25,25.5,21.9,3.86,11.57,0.33,0.5,0.222,0.722
2026,53706,박재규,한화,HH,20,9.0,2,0,0,0,0,,1,1,0,1,0,0,1,1,2.0,0,0,0,0,5,23,0.333,0,0,1,0,0,0,0,0,0,0,0,0,0,0,2,0,,0.333,11.5,23.0,0.0,9.0,0.0,0.5,0.333,0.833
2026,54702,원종혁,한화,HH,21,10.5,9,1,0,0,0,1.0,6,13,1,7,0,3,8,7,3.33,0,0,0,0,38,144,0.433,2,0,1,0,0,0,0,0,0,1,4,0,0,0,3,11,0.27,0.462,16.0,24.0,4.5,10.5,0.43,0.541,0.6,1.141
2026,67703,박상원,한화,HH,22,12.0,16,0,2,0,3,0.0,12,21,2,7,1,14,16,16,2.33,0,0,0,1,64,247,0.382,4,0,0,1,0,0,0,0,0,0,0,4,0,0,10,11,0.91,0.475,15.4,20.6,10.5,5.25,2.0,0.453,0.564,1.017
2026,53754,김서현,한화,HH,23,12.38,12,1,2,1,0,0.333,8,9,1,15,4,5,12,11,3.0,0,0,0,1,52,210,0.281,1,0,1,0,0,1,0,0,0,1,5,2,0,0,11,7,1.57,0.308,17.5,26.3,5.63,16.88,0.33,0.549,0.406,0.955
2026,50710,김범준,한화,HH,24,13.5,1,0,0,0,0,,2/3,2,0,0,0,0,1,1,3.0,0,0,0,0,4,14,0.667,0,1,1,0,0,0,0,0,0,0,0,0,0,0,1,0,,0.667,14.0,21.0,0.0,0.0,,0.667,1.333,2.0
2026,65707,주현상,한화,HH,25,15.43,3,0,0,0,0,,2 1/3,7,1,2,0,1,9,4,3.86,0,0,0,0,17,61,0.5,1,0,0,1,0,0,0,0,0,0,0,0,0,0,2,5,0.4,0.462,20.3,26.1,3.86,7.71,0.5,0.529,0.786,1.315
2026,54705,김도빈,한화,HH,26,24.75,6,0,1,0,1,0.0,4,3,0,10,2,6,11,11,3.25,0,0,0,0,27,121,0.214,2,1,0,1,0,3,0,0,0,0,1,0,0,0,4,2,2.0,0.333,20.2,30.3,13.5,22.5,0.6,0.556,0.5,1.056
2026,65056,엄상백,한화,HH,27,27.0,1,0,0,0,0,,1/3,2,0,0,1,0,1,1,6.0,0,0,0,0,4,13,0.667,2,0,0,0,0,0,0,0,0,0,0,0,0,0,0,1,0.0,0.667,13.0,39.0,0.0,0.0,,0.75,1.333,2.083
2026,66858,정동윤,SSG,SK,1,0.0,1,0,0,0,0,,1,0,0,0,0,1,0,0,0.0,0,0,0,0,3,11,0.0,0,0,0,0,0,0,0,0,0,0,1,0,0,0,1,1,1.0,0.0,11.0,11.0,9.0,0.0,,0.0,0.0,0.0
2026,51897,조병현,SSG,SK,2,0.59,14,1,0,5,0,1.0,15 1/3,7,0,9,0,15,1,1,1.04,0,0,0,1,61,271,0.135,0,0,0,0,0,1,0,0,0,1,10,6,1,1,7,23,0.3,0.189,19.4,17.7,8.8,5.28,1.67,0.262,0.135,0.397
2026,62869,문승원,SSG,SK,3,0.81,16,1,0,0,2,1.0,22 1/3,10,0,8,3,13,5,2,0.81,0,0,0,0,89,370,0.132,2,0,1,1,1,0,0,0,0,1,2,2,0,0,30,24,1.25,0.156,23.1,16.6,5.24,3.22,1.63,0.239,0.158,0.397
2026,52844,김도현,SSG,SK,4,2.45,3,0,0,0,0,,3 2/3,1,0,6,0,1,1,1,1.91,0,0,0,0,17,69,0.091,0,0,0,0,0,0,0,0,0,0,1,0,0,1,5,4,1.25,0.1,23.0,18.8,2.45,14.73,0.17,0.412,0.091,0.503
2026,73211,노경은,SSG,SK,5,3.12,18,1,2,0,4,0.333,17 1/3,17,1,7,1,15,7,6,1.38,0,0,0,2,78,303,0.254,3,0,2,1,2,1,0,0,0,1,2,4,0,1,19,17,1.12,0.308,16.8,17.5,7.79,3.63,2.14,0.329,0.343,0.672
2026,68856,최민준,SSG,SK,6,3.23,7,1,2,0,0,0.333,30 2/3,27,4,17,3,26,16,11,1.43,0,0,0,0,136,535,0.237,3,0,0,2,0,2,1,7,1,0,0,0,0,5,36,27,1.33,0.267,76.4,17.4,7.63,4.99,1.53,0.346,0.368,0.714
2026,51867,김건우,SSG,SK,7,3.51,8,5,0,0,0,1.0,41,33,5,19,2,31,16,16,1.27,0,0,2,0,170,707,0.224,6,0,0,2,0,1,0,8,5,0,0,0,0,7,36,49,0.73,0.248,88.4,17.2,6.8,4.17,1.63,0.318,0.367,0.685
2026,68092,한두솔,SSG,SK,8,3.52,14,0,0,0,0,,15 1/3,20,1,3,4,10,7,6,1.5,0,0,0,0,74,239,0.313,2,0,1,2,0,0,0,0,0,0,8,0,0,0,15,21,0.71,0.345,17.1,15.6,5.87,1.76,3.33,0.37,0.391,0.761
2026,55855,화이트,SSG,SK,9,4.11,6,1,1,0,0,0.5,30 2/3,37,1,15,2,29,15,14,1.7,0,0,3,0,142,557,0.298,5,0,0,1,0,2,0,6,1,0,0,0,0,3,34,25,1.36,0.379,92.8,18.2,8.51,4.4,1.93,0.38,0.363,0.743
2026,69839,백승건,SSG,SK,10,4.32,5,0,0,0,0,,8 1/3,9,0,4,0,7,5,4,1.56,0,0,0,0,39,172,0.29,4,1,1,3,0,0,0,1,0,0,1,1,0,0,6,12,0.5,0.333,34.4,20.6,7.56,4.32,1.75,0.342,0.484,0.826
2026,53892,이로운,SSG,SK,10,4.32,18,3,0,0,4,1.0,16 2/3,14,1,10,0,16,8,8,1.44,0,0,0,0,73,332,0.222,3,0,0,0,3,1,0,0,0,3,0,4,0,1,10,23,0.43,0.283,18.4,19.9,8.64,5.4,1.6,0.329,0.317,0.646
2026,56841,베니지아노,SSG,SK,12,5.19,7,1,2,0,0,0.333,34 2/3,43,3,11,3,26,23,20,1.56,0,0,0,0,159,627,0.309,7,0,6,0,0,1,0,7,1,0,0,0,0,3,40,30,1.33,0.364,89.6,18.1,6.75,2.86,2.36,0.373,0.424,0.797
2026,68043,김민,SSG,SK,13,5.3,19,4,2,1,5,0.667,18 2/3,16,1,12,1,23,13,11,1.5,0,0,0,1,85,297,0.222,3,0,0,0,2,2,0,0,0,4,3,6,0,2,20,13,1.54,0.313,15.6,15.9,11.09,5.79,1.92,0.341,0.306,0.647
2026,50812,박시후,SSG,SK,14,6.08,13,0,1,0,0,0.0,13 1/3,14,3,7,3,11,11,9,1.58,0,0,0,1,63,235,0.269,4,0,0,1,0,2,0,0,0,0,1,1,0,1,13,15,0.87,0.282,18.1,17.6,7.43,4.73,1.57,0.381,0.519,0.9
2026,52868,이기순,SSG,SK,15,6.75,7,1,1,0,0,0.5,9 1/3,11,0,11,2,7,7,7,2.36,0,0,0,0,51,202,0.289,3,0,0,0,0,1,0,1,0,1,4,0,0,0,8,12,0.67,0.355,28.9,21.6,6.75,10.61,0.64,0.471,0.368,0.839
2026,51895,장지훈,SSG,SK,16,8.31,12,0,0,0,0,,17 1/3,21,3,6,2,9,16,16,1.56,0,0,0,0,80,281,0.292,4,0,0,0,1,0,0,0,0,0,3,0,0,1,21,21,1.0,0.3,23.4,16.2,4.67,3.12,1.5,0.363,0.472,0.835
2026,51702,이준기,SSG,SK,17,9.0,1,0,0,0,0,,2,3,0,2,0,1,2,2,2.5,0,0,0,0,11,45,0.375,1,0,0,1,0,1,0,0,0,0,0,0,0,0,1,4,0.25,0.375,45.0,22.5,4.5,9.0,0.5,0.455,0.5,0.955
2026,52809,전영준,SSG,SK,17,9.0,12,0,0,1,0,,11,9,3,6,2,15,11,11,1.36,0,0,0,0,47,186,0.231,0,0,0,0,0,0,0,0,0,0,2,1,1,3,6,9,0.67,0.286,15.5,16.9,12.27,4.91,2.5,0.362,0.462,0.824
2026,56823,타케다,SSG,SK,19,10.21,7,1,5,0,0,0.167,27 1/3,41,3,18,1,26,31,31,2.16,0,0,0,0,141,569,0.339,8,0,0,1,0,4,0,7,1,0,0,0,0,1,35,20,1.75,0.409,81.3,20.8,8.56,5.93,1.44,0.426,0.479,0.905
2026,56800,긴지로,SSG,SK,20,18.0,1,0,1,0,0,0.0,3,3,1,6,0,2,6,6,3.0,0,0,0,0,18,78,0.3,0,0,1,1,0,0,1,1,0,0,0,0,0,0,3,3,1.0,0.25,78.0,26.0,6.0,18.0,0.33,0.529,0.6,1.129
2026,65343,김택형,SSG,SK,21,40.5,1,0,0,0,0,,2/3,1,1,2,0,1,3,3,4.5,0,0,0,0,5,25,0.333,0,0,0,0,0,0,0,0,0,0,0,1,0,0,0,1,0.0,0.0,25.0,37.5,13.5,27.0,0.5,0.6,1.333,1.933
2026,56469,정재훈,삼성,SS,1,0.0,1,0,0,0,0,,1,1,0,0,0,0,0,0,1.0,0,0,0,0,3,4,0.333,0,0,0,0,0,0,0,0,0,0,1,0,0,1,2,0,,0.333,4.0,4.0,0.0,0.0,,0.333,0.333,0.666
2026,50464,이승민,삼성,SS,2,1.71,20,1,0,0,6,1.0,21,12,0,14,0,13,6,4,1.24,0,0,0,0,87,357,0.167,3,0,1,0,1,0,0,0,0,1,1,8,0,2,21,26,0.81,0.203,17.9,17.0,5.57,6.0,0.93,0.302,0.208,0.51
2026,65062,김재윤,삼성,SS,3,1.8,17,2,1,8,0,0.667,15,9,1,9,1,16,3,3,1.2,0,0,0,2,62,255,0.173,3,0,0,0,0,0,0,0,0,2,12,10,0,1,12,15,0.8,0.229,15.0,17.0,9.6,5.4,1.78,0.306,0.288,0.594
2026,53375,후라도,삼성,SS,4,2.12,8,2,1,0,0,0.667,51,44,6,8,1,34,13,12,1.02,0,0,8,0,205,769,0.23,4,1,2,3,0,3,0,8,2,0,0,0,0,3,66,50,1.32,0.247,96.1,15.1,6.0,1.41,4.25,0.261,0.356,0.617
2026,62360,김태훈,삼성,SS,5,2.25,8,1,1,0,1,0.5,8,3,1,3,1,4,5,2,0.75,0,0,0,0,31,111,0.12,1,0,2,0,0,0,0,0,0,1,1,3,0,1,11,7,1.57,0.1,13.9,13.9,4.5,3.38,1.33,0.241,0.28,0.521
2026,55455,배찬승,삼성,SS,6,2.4,20,2,0,0,3,1.0,15,13,3,13,0,9,5,4,1.73,0,0,0,0,69,274,0.236,1,0,1,0,0,2,0,0,0,2,3,3,0,3,16,17,0.94,0.233,13.7,18.3,5.4,7.8,0.69,0.382,0.418,0.8
2026,62754,임기영,삼성,SS,7,3.14,11,0,0,0,0,,14 1/3,17,3,3,1,7,5,5,1.4,0,0,0,0,63,252,0.288,2,0,0,0,0,0,0,0,0,0,9,0,0,1,17,18,0.94,0.286,22.9,17.6,4.4,1.88,2.33,0.333,0.475,0.808
2026,56464,오러클린,삼성,SS,8,3.38,8,2,2,0,0,0.5,40,31,1,17,6,40,15,15,1.2,0,0,5,0,169,681,0.221,8,0,3,3,0,0,0,8,2,0,0,0,0,1,35,37,0.95,0.294,85.1,17.0,9.0,3.83,2.35,0.325,0.3,0.625
2026,56460,장찬희,삼성,SS,8,3.38,10,3,2,0,0,0.6,26 2/3,24,3,14,0,17,11,10,1.43,0,0,1,0,119,443,0.242,5,0,2,4,1,0,0,3,1,2,0,0,0,1,30,32,0.94,0.253,44.3,16.6,5.74,4.73,1.21,0.325,0.384,0.709
2026,69446,원태인,삼성,SS,10,3.78,6,1,3,0,0,0.25,33 1/3,33,1,7,1,27,14,14,1.2,0,0,2,0,138,532,0.258,7,1,2,0,0,0,0,6,1,0,0,0,0,2,40,28,1.43,0.32,88.7,16.0,7.29,1.89,3.86,0.301,0.352,0.653
2026,67421,최지광,삼성,SS,11,4.26,8,1,0,1,1,1.0,6 1/3,7,0,3,2,6,5,3,1.58,0,0,0,1,32,114,0.259,1,0,0,0,0,0,0,0,0,1,2,4,0,0,7,7,1.0,0.333,14.3,18.0,8.53,4.26,2.0,0.375,0.296,0.671
2026,65320,최원태,삼성,SS,12,4.42,7,1,1,0,0,0.5,36 2/3,41,2,17,1,34,20,18,1.58,0,0,3,0,161,650,0.291,7,1,1,1,0,2,0,7,1,0,0,0,0,8,35,32,1.09,0.368,92.9,17.7,8.35,4.17,2.0,0.369,0.397,0.766
2026,77446,백정현,삼성,SS,13,5.11,13,2,0,0,3,1.0,12 1/3,10,2,4,0,6,7,7,1.14,0,0,0,0,49,173,0.227,1,0,1,0,0,1,0,0,0,2,2,4,0,1,13,15,0.87,0.222,13.3,14.0,4.38,2.92,1.5,0.292,0.386,0.678
2026,68415,양창섭,삼성,SS,14,6.32,6,1,0,0,0,1.0,15 2/3,20,2,6,1,14,11,11,1.66,0,0,0,0,73,277,0.308,3,0,0,1,0,0,0,3,1,0,1,0,0,1,16,16,1.0,0.36,46.2,17.7,8.04,3.45,2.33,0.37,0.446,0.816
2026,60146,이승현,삼성,SS,15,6.43,18,3,1,1,2,0.75,14,21,2,7,0,11,10,10,2.0,0,0,0,2,67,269,0.356,3,1,1,0,1,0,0,0,0,3,4,6,0,1,12,15,0.8,0.413,14.9,19.2,7.07,4.5,1.57,0.424,0.542,0.966
2026,56415,미야지,삼성,SS,16,6.6,19,0,1,0,3,0.0,15,11,3,12,4,10,11,11,1.53,0,0,0,1,71,275,0.204,1,0,1,0,0,3,0,0,0,0,2,6,0,1,14,19,0.74,0.195,14.5,18.3,6.0,7.2,0.83,0.386,0.389,0.775
2026,54404,육선엽,삼성,SS,17,11.57,2,0,0,0,0,,2 1/3,2,1,3,1,3,3,3,2.14,0,0,0,0,13,53,0.286,1,0,1,1,0,2,0,0,0,0,0,0,0,0,2,1,2.0,0.25,26.5,22.7,11.57,11.57,1.0,0.5,0.857,1.357
2026,51454,이승현,삼성,SS,18,14.81,3,0,2,0,0,0.0,10 1/3,19,2,12,1,6,17,17,3.0,0,0,0,0,62,229,0.404,5,0,1,1,0,1,0,3,0,0,0,0,0,0,12,11,1.09,0.425,76.3,22.2,5.23,10.45,0.5,0.525,0.638,1.163
2026,64995,배재환,NC,NC,1,1.04,22,2,0,0,8,1.0,17 1/3,13,1,6,0,16,5,2,1.1,0,0,0,0,71,285,0.203,3,0,1,0,0,1,0,0,0,2,0,6,0,2,11,24,0.46,0.255,13.0,16.4,8.31,3.12,2.67,0.271,0.297,0.568
2026,50992,김태경,NC,NC,2,1.35,5,0,0,0,0,,6 2/3,3,0,3,1,4,1,1,0.9,0,0,0,0,23,107,0.167,0,0,1,0,0,0,0,0,0,0,2,0,0,3,8,3,2.67,0.214,21.4,16.1,5.4,4.05,1.33,0.318,0.167,0.485
2026,69969,전사민,NC,NC,3,2.81,17,1,1,1,0,0.5,16,10,0,4,3,12,5,5,0.88,0,0,0,0,65,231,0.179,3,0,0,2,0,1,0,0,0,1,5,3,0,0,26,10,2.6,0.217,13.6,14.4,6.75,2.25,3.0,0.262,0.232,0.494
2026,69994,박지한,NC,NC,4,3.0,2,0,0,0,0,,3,1,0,3,1,4,1,1,1.33,0,0,0,0,14,61,0.1,0,0,0,0,0,0,0,0,0,0,2,0,0,0,3,2,1.5,0.167,30.5,20.3,12.0,9.0,1.33,0.357,0.1,0.457
2026,63959,임정호,NC,NC,4,3.0,13,0,0,0,1,,9,7,0,3,0,8,3,3,1.11,0,0,0,0,37,153,0.206,2,0,0,0,0,1,0,0,0,0,2,3,0,1,8,11,0.73,0.269,11.8,17.0,8.0,3.0,2.67,0.27,0.265,0.535
2026,54906,원종해,NC,NC,6,3.24,11,0,0,0,1,,8 1/3,5,0,3,3,5,3,3,0.96,0,0,0,0,36,143,0.167,0,1,0,0,0,1,0,0,0,0,3,1,0,1,13,7,1.86,0.2,13.0,17.2,5.4,3.24,1.67,0.306,0.233,0.539
2026,52992,이준혁,NC,NC,7,3.29,14,0,0,0,1,,13 2/3,14,0,11,3,13,8,5,1.83,0,0,0,0,70,278,0.259,1,0,1,1,1,1,0,0,0,0,3,0,0,1,21,7,3.0,0.333,19.9,20.3,8.56,7.24,1.18,0.406,0.278,0.684
2026,68900,김영규,NC,NC,8,3.86,22,1,1,0,2,0.5,16 1/3,16,2,13,1,13,7,7,1.78,0,0,0,0,80,290,0.258,4,0,2,2,2,1,0,0,0,1,2,4,0,0,13,22,0.59,0.286,13.2,17.8,7.16,7.16,1.0,0.385,0.419,0.804
2026,65933,구창모,NC,NC,9,3.96,7,3,1,0,0,0.75,38 2/3,35,6,11,1,29,17,17,1.19,0,0,3,0,160,588,0.24,7,1,2,0,0,3,0,7,3,0,0,0,0,5,48,34,1.41,0.261,84.0,15.2,6.75,2.56,2.64,0.297,0.425,0.722
2026,52902,임지민,NC,NC,10,4.15,19,1,1,1,5,0.5,17 1/3,10,3,9,1,19,9,8,1.1,0,0,0,2,71,277,0.164,1,0,0,0,0,1,0,0,0,1,2,8,0,0,12,20,0.6,0.179,14.6,16.0,9.87,4.67,2.11,0.282,0.328,0.61
2026,55903,라일리,NC,NC,11,4.5,2,1,0,0,0,1.0,10,7,4,3,0,9,5,5,1.0,0,0,0,0,40,177,0.189,0,0,0,0,0,0,0,2,1,0,0,0,0,0,10,11,0.91,0.125,88.5,17.7,8.1,2.7,3.0,0.25,0.514,0.764
2026,56928,버하겐,NC,NC,12,4.68,6,1,1,0,0,0.5,25,23,2,11,1,24,13,13,1.36,0,0,0,0,109,447,0.245,2,1,2,1,0,1,0,6,1,0,0,0,0,1,22,26,0.85,0.304,74.5,17.9,8.64,3.96,2.18,0.327,0.351,0.678
2026,68902,신민혁,NC,NC,13,4.98,7,0,2,0,0,0.0,34 1/3,31,6,12,3,17,19,19,1.25,0,0,0,0,145,568,0.248,9,0,2,3,1,1,0,7,0,0,0,0,0,3,30,50,0.6,0.238,81.1,16.5,4.46,3.15,1.42,0.322,0.464,0.786
2026,56966,테일러,NC,NC,14,6.05,8,3,3,0,0,0.5,38 2/3,37,2,21,5,31,26,26,1.5,0,0,1,0,172,720,0.255,9,1,1,0,0,2,0,8,3,0,0,0,0,5,46,31,1.48,0.313,90.0,18.6,7.22,4.89,1.48,0.368,0.372,0.74
2026,56911,토다,NC,NC,15,6.11,6,1,4,0,0,0.2,28,31,3,14,1,19,20,19,1.61,0,0,1,0,127,468,0.292,4,2,3,3,0,2,0,6,1,0,0,0,0,2,27,32,0.84,0.322,78.0,16.7,6.11,4.5,1.36,0.371,0.453,0.824
2026,67954,김진호,NC,NC,16,6.43,17,0,2,0,4,0.0,14,12,2,14,0,11,11,10,1.86,0,0,0,1,68,281,0.231,2,1,1,1,0,4,0,0,0,0,1,4,0,0,10,20,0.5,0.25,16.5,20.1,7.07,9.0,0.79,0.388,0.423,0.811
2026,53919,신영우,NC,NC,16,6.43,5,1,1,0,0,0.5,7,2,1,11,1,9,6,5,1.86,0,0,0,0,35,140,0.095,0,0,1,1,0,1,0,1,0,1,0,1,0,1,6,5,1.2,0.083,28.0,20.0,11.57,14.14,0.82,0.412,0.238,0.65
2026,65949,류진욱,NC,NC,18,6.75,15,1,3,3,0,0.25,13 1/3,16,4,6,2,15,10,10,1.65,0,0,0,2,63,275,0.291,3,1,0,0,0,0,0,0,0,1,11,5,0,1,15,9,1.67,0.333,18.3,20.6,10.13,4.05,2.5,0.381,0.6,0.981
2026,53973,목지훈,NC,NC,19,8.64,5,0,1,0,0,0.0,8 1/3,12,3,8,1,6,9,8,2.4,0,0,0,0,44,165,0.343,0,0,0,0,0,0,0,1,0,0,2,0,0,1,9,8,1.13,0.346,33.0,19.8,6.48,8.64,0.75,0.477,0.6,1.077
2026,68639,하준영,NC,NC,20,9.82,4,0,0,0,0,,3 2/3,4,1,3,0,5,4,4,1.91,0,0,0,0,17,76,0.286,0,0,0,0,0,0,0,0,0,0,2,0,0,1,1,4,0.25,0.375,19.0,20.7,12.27,7.36,1.67,0.412,0.5,0.912
2026,54904,손주환,NC,NC,21,12.0,7,0,0,0,0,,6,9,2,6,0,9,9,8,2.5,0,0,0,0,33,151,0.346,0,0,0,1,1,0,0,0,0,0,1,0,0,0,3,6,0.5,0.438,21.6,25.2,13.5,9.0,1.5,0.455,0.577,1.032
2026,53029,김정운,KT,KT,1,0.0,1,0,0,0,0,,2,1,0,0,0,1,0,0,0.5,0,0,0,0,7,25,0.143,1,0,0,0,0,0,0,0,0,0,1,0,0,0,2,3,0.67,0.167,25.0,12.5,4.5,0.0,,0.143,0.286,0.429
2026,67419,문용익,KT,KT,1,,1,0,0,0,0,,0,1,0,1,0,0,1,1,,0,0,0,0,2,11,1.0,0,0,0,0,0,0,0,0,0,0,0,0,0,0,0,0,,1.0,11.0,,,,0.0,1.0,1.0,2.0
2026,65516,배제성,KT,KT,1,0.0,1,0,0,0,0,,3 1/3,2,0,1,0,5,0,0,0.9,0,0,0,0,13,50,0.167,0,0,0,0,0,0,0,1,0,0,0,0,0,0,2,3,0.67,0.286,50.0,15.0,13.5,2.7,5.0,0.231,0.167,0.398
2026,52060,박영현,KT,KT,4,2.37,16,2,0,9,0,1.0,19,13,0,6,0,19,5,5,1.0,0,0,0,2,76,325,0.194,3,0,1,2,0,2,0,0,0,2,10,11,1,0,9,28,0.32,0.26,20.3,17.1,9.0,2.84,3.17,0.253,0.239,0.492
2026,50859,오원석,KT,KT,5,2.63,7,4,2,0,0,0.667,41,38,2,8,0,36,14,12,1.12,0,0,4,0,163,642,0.248,6,0,0,2,0,0,0,7,4,0,0,0,0,5,45,36,1.25,0.308,91.7,15.7,7.9,1.76,4.5,0.282,0.327,0.609
2026,69047,전용주,KT,KT,6,3.14,19,2,1,0,3,0.667,14 1/3,7,0,14,1,12,5,5,1.47,0,0,0,1,63,228,0.149,1,0,1,0,1,1,0,0,0,2,2,5,0,2,17,11,1.55,0.2,12.0,15.9,7.53,8.79,0.86,0.355,0.17,0.525
2026,69041,손동현,KT,KT,7,3.31,17,1,0,0,1,1.0,16 1/3,16,2,8,1,18,6,6,1.47,0,0,0,1,71,288,0.262,2,0,0,1,1,0,0,0,0,1,4,4,0,3,11,17,0.65,0.333,16.9,17.6,9.92,4.41,2.25,0.352,0.393,0.745
2026,50030,소형준,KT,KT,8,3.69,7,3,0,0,0,1.0,39,43,2,9,3,37,19,16,1.33,0,0,4,0,168,652,0.283,11,0,2,2,1,0,0,7,3,0,0,0,0,6,55,19,2.89,0.357,93.1,16.7,8.54,2.08,4.11,0.331,0.395,0.726
2026,56036,보쉴리,KT,KT,9,3.8,8,5,2,0,0,0.714,45,52,3,14,1,39,19,19,1.47,0,0,3,0,198,739,0.286,7,1,1,0,0,2,0,8,5,0,0,0,0,5,47,44,1.07,0.35,92.4,16.4,7.8,2.8,2.79,0.34,0.385,0.725
2026,65060,주권,KT,KT,10,3.86,12,1,0,0,0,1.0,14,14,1,6,0,4,6,6,1.43,0,0,0,0,57,206,0.28,1,0,1,0,1,1,0,0,0,1,5,0,0,4,24,8,3.0,0.289,17.2,14.7,2.57,3.86,0.67,0.357,0.36,0.717
2026,56011,스기모토,KT,KT,11,4.19,22,0,0,0,6,,19 1/3,24,1,3,2,18,11,9,1.4,0,0,0,1,87,316,0.293,4,0,0,0,0,1,0,0,0,0,2,10,0,0,19,21,0.9,0.365,14.4,16.3,8.38,1.4,6.0,0.333,0.378,0.711
2026,61666,한승혁,KT,KT,12,4.26,21,1,1,0,6,0.5,19,19,1,12,0,27,11,9,1.63,0,0,0,2,89,343,0.25,2,0,1,0,1,1,0,0,0,1,3,10,0,1,19,11,1.73,0.375,16.3,18.1,12.79,5.68,2.25,0.352,0.316,0.668
2026,73117,우규민,KT,KT,13,4.35,13,0,0,0,1,,10 1/3,14,1,0,1,4,5,5,1.35,0,0,0,0,44,147,0.333,3,0,0,1,0,0,0,0,0,0,8,1,0,1,12,13,0.92,0.342,11.3,14.2,3.48,0.0,,0.341,0.476,0.817
2026,56032,사우어,KT,KT,14,4.53,8,2,2,0,0,0.5,45 2/3,42,6,18,4,38,23,23,1.31,0,0,4,0,196,764,0.246,8,4,0,3,0,5,0,8,2,0,0,0,0,6,41,53,0.77,0.277,95.5,16.7,7.49,3.55,2.11,0.327,0.444,0.771
2026,65048,김민수,KT,KT,15,4.66,18,2,2,1,2,0.5,19 1/3,18,2,6,1,15,11,10,1.24,0,0,0,1,82,283,0.25,4,0,3,0,2,0,0,0,0,2,3,5,0,1,26,13,2.0,0.291,15.7,14.6,6.98,2.79,2.5,0.316,0.389,0.705
2026,64001,고영표,KT,KT,16,5.5,7,1,3,0,0,0.25,36,46,6,7,4,44,23,22,1.47,0,0,2,0,164,617,0.303,6,0,1,0,0,0,0,7,1,0,0,0,0,1,36,26,1.38,0.392,88.1,17.1,11.0,1.75,6.29,0.35,0.461,0.811
2026,56066,박지훈,KT,KT,17,81.0,1,0,0,0,0,,2/3,2,1,2,2,2,6,6,6.0,0,0,0,0,8,37,0.5,0,0,0,0,0,1,0,0,0,0,0,0,0,0,0,0,,1.0,37.0,55.5,27.0,27.0,1.0,0.75,1.25,2.0
2026,63543,구승민,롯데,LT,1,0.0,2,0,0,0,0,,2,0,0,0,0,2,0,0,0.0,0,0,0,0,6,18,0.0,0,0,0,0,0,0,0,0,0,0,2,0,0,0,1,3,0.33,0.0,9.0,9.0,9.0,0.0,,0.0,0.0,0.0
2026,66047,박세진,롯데,LT,1,,1,0,0,0,0,,0,2,0,0,0,0,1,1,,0,0,0,0,2,5,1.0,0,0,0,0,0,0,0,0,0,0,0,0,0,0,0,0,,1.0,5.0,,,,,1.0,1.0,2.0
2026,55503,이영재,롯데,LT,1,0.0,1,0,0,0,0,,2/3,0,0,0,0,1,0,0,0.0,0,0,0,0,2,11,0.0,0,0,0,0,0,0,0,0,0,0,1,0,0,0,0,1,0.0,0.0,11.0,16.5,13.5,0.0,,0.0,0.0,0.0
2026,68260,현도훈,롯데,LT,1,0.0,11,2,0,0,0,1.0,14 1/3,8,0,6,0,7,3,0,0.98,0,0,0,1,56,214,0.167,0,0,2,0,1,0,0,0,0,2,1,4,0,2,22,11,2.0,0.195,19.5,14.9,4.4,3.77,1.17,0.259,0.167,0.426
2026,54537,정현수,롯데,LT,5,2.25,8,0,0,0,0,,4,4,0,2,0,3,1,1,1.5,0,0,0,0,18,79,0.267,1,0,0,1,0,0,0,0,0,0,1,1,0,0,1,8,0.13,0.308,9.9,19.8,6.75,4.5,1.5,0.333,0.333,0.666
2026,51516,김진욱,롯데,LT,6,2.53,7,2,2,0,0,0.5,42 2/3,33,4,14,0,40,13,12,1.1,0,0,4,0,171,669,0.213,3,0,2,0,0,0,0,7,2,0,0,0,0,2,42,40,1.05,0.261,95.6,15.7,8.44,2.95,2.86,0.278,0.31,0.588
2026,67539,나균안,롯데,LT,7,2.63,7,1,3,0,0,0.25,41,38,5,11,2,29,14,12,1.2,0,0,4,0,171,637,0.248,8,0,4,1,0,1,0,7,1,0,0,0,0,2,40,47,0.85,0.275,91.0,15.5,6.37,2.41,2.64,0.305,0.399,0.704
2026,50556,최준용,롯데,LT,8,3.52,15,1,1,5,1,0.5,15 1/3,11,0,9,1,16,6,6,1.3,0,0,0,1,67,263,0.196,2,1,0,1,0,3,0,0,0,1,11,9,0,1,12,18,0.67,0.268,17.5,17.2,9.39,5.28,1.78,0.313,0.268,0.581
2026,56523,비슬리,롯데,LT,9,3.61,8,4,2,0,0,0.667,42 1/3,50,1,12,2,52,19,17,1.46,0,0,4,0,188,723,0.294,7,1,3,1,0,2,1,8,4,0,0,0,0,4,36,33,1.09,0.415,90.4,17.1,11.06,2.55,4.33,0.346,0.365,0.711
2026,65522,김강현,롯데,LT,10,3.86,4,0,0,0,0,,4 2/3,3,0,3,0,5,2,2,1.29,0,0,0,0,20,81,0.176,1,0,0,0,0,1,0,0,0,0,4,0,0,0,4,5,0.8,0.25,20.3,17.4,9.64,5.79,1.67,0.3,0.235,0.535
2026,56536,박정민,롯데,LT,11,4.15,17,1,1,1,5,0.5,17 1/3,12,3,12,1,23,8,8,1.38,0,0,0,0,74,326,0.197,2,0,0,0,1,0,0,0,0,1,3,5,0,1,8,18,0.44,0.257,19.2,18.8,11.94,6.23,1.92,0.338,0.377,0.715
2026,64021,박세웅,롯데,LT,12,4.23,7,1,4,0,0,0.2,38 1/3,38,3,18,4,34,23,18,1.46,0,0,2,0,172,657,0.26,10,0,3,1,0,1,0,7,1,0,0,0,0,2,43,32,1.34,0.318,93.9,17.1,7.98,4.23,1.89,0.355,0.39,0.745
2026,68242,정철원,롯데,LT,13,5.11,15,0,2,0,3,0.0,12 1/3,13,2,5,0,11,7,7,1.46,0,0,0,1,54,207,0.283,4,0,3,0,0,2,0,0,0,0,1,5,0,0,9,13,0.69,0.333,13.8,16.8,8.03,3.65,2.2,0.353,0.5,0.853
2026,56531,로드리게스,롯데,LT,14,5.11,8,3,2,0,0,0.6,44,45,7,22,3,44,25,25,1.52,0,0,3,0,199,802,0.263,10,0,3,0,0,8,0,8,3,0,0,1,0,4,42,40,1.05,0.317,100.3,18.2,9.0,4.5,2.0,0.357,0.444,0.801
2026,62528,김원중,롯데,LT,15,5.65,17,0,2,2,1,0.0,14 1/3,18,1,10,0,7,11,9,1.95,0,0,0,0,72,269,0.31,6,0,3,1,2,3,0,0,0,0,6,3,1,1,21,13,1.62,0.333,15.8,18.8,4.4,6.28,0.7,0.406,0.466,0.872
2026,68036,최이준,롯데,LT,16,7.15,12,0,1,0,0,0.0,11 1/3,10,1,10,0,9,10,9,1.76,0,0,0,0,52,216,0.238,2,0,0,0,1,3,0,0,0,0,0,1,0,1,12,11,1.09,0.281,18.0,19.1,7.15,7.94,0.9,0.385,0.357,0.742
2026,54503,박준우,롯데,LT,17,7.2,4,0,0,0,0,,5,7,0,2,1,4,4,4,1.8,0,0,0,0,24,101,0.35,0,0,1,0,0,2,0,0,0,0,1,0,0,0,4,5,0.8,0.438,25.3,20.2,7.2,3.6,2.0,0.435,0.35,0.785
2026,56548,쿄야마,롯데,LT,18,7.59,10,0,1,0,1,0.0,10 2/3,14,1,9,0,13,10,9,2.16,0,0,0,0,54,222,0.318,3,0,1,0,0,2,0,0,0,0,3,0,0,1,9,8,1.13,0.433,22.2,20.8,10.97,7.59,1.44,0.434,0.455,0.889
2026,67588,윤성빈,롯데,LT,19,13.5,4,0,0,0,0,,3 1/3,4,0,6,0,2,5,5,3.0,0,0,0,0,20,78,0.286,3,0,0,0,0,1,0,0,0,0,1,0,0,0,6,2,3.0,0.333,19.5,23.4,5.4,16.2,0.33,0.5,0.5,1.0
2026,56567,신동건,롯데,LT,20,18.0,1,0,0,0,0,,1,1,0,4,0,1,2,2,5.0,0,0,0,0,8,33,0.333,0,0,0,1,0,0,0,0,0,0,0,0,0,0,0,2,0.0,0.333,33.0,33.0,9.0,36.0,0.25,0.625,0.333,0.958
2026,66451,최충연,롯데,LT,20,18.0,1,0,0,0,0,,1,3,0,1,0,0,2,2,4.0,0,0,0,0,7,28,0.5,2,0,0,0,0,0,0,0,0,0,1,0,0,0,3,0,,0.5,28.0,28.0,0.0,9.0,0.0,0.571,0.833,1.404
2026,52530,이민석,롯데,LT,22,21.21,4,0,0,0,0,,4 2/3,8,1,6,1,4,11,11,3.0,0,0,0,0,29,120,0.364,3,0,0,0,0,3,0,0,0,0,1,0,0,0,7,3,2.33,0.412,30.0,25.7,7.71,11.57,0.67,0.517,0.636,1.153
2026,61643,홍건희,KIA,HT,1,0.0,3,0,0,0,1,,3,4,0,0,0,2,1,0,1.33,0,0,0,0,14,61,0.286,1,0,0,0,0,0,0,0,0,0,0,0,0,0,2,6,0.33,0.333,20.3,20.3,6.0,0.0,,0.286,0.357,0.643
2026,54610,성영탁,KIA,HT,2,0.54,14,0,0,4,3,,16 2/3,13,0,2,0,18,1,1,0.9,0,0,0,1,65,229,0.206,2,0,0,0,1,1,0,0,0,0,8,8,2,0,17,15,1.13,0.289,16.4,13.7,9.72,1.08,9.0,0.231,0.238,0.469
2026,60768,이태양,KIA,HT,3,1.42,10,1,0,0,3,1.0,12 2/3,8,0,3,1,6,2,2,0.87,0,0,0,0,50,215,0.178,2,0,0,1,0,0,0,0,0,1,2,2,0,0,10,22,0.45,0.2,21.5,17.0,4.26,2.13,2.0,0.24,0.222,0.462
2026,63342,조상우,KIA,HT,4,2.16,19,1,1,0,4,0.5,16 2/3,15,0,8,1,10,8,4,1.38,0,0,0,2,73,275,0.246,4,0,1,2,1,1,1,0,0,1,4,4,0,2,17,21,0.81,0.283,14.5,16.5,5.4,4.32,1.25,0.333,0.311,0.644
2026,62951,이형범,KIA,HT,5,2.25,3,0,0,0,0,,4,4,1,0,0,3,1,1,1.0,0,0,0,0,17,66,0.235,1,0,0,0,0,0,0,0,0,0,2,0,0,0,6,4,1.5,0.231,22.0,16.5,6.75,0.0,,0.235,0.471,0.706
2026,52639,최지민,KIA,HT,6,2.57,15,0,0,0,1,,14,15,3,4,1,7,4,4,1.36,0,0,0,0,60,250,0.283,2,0,2,0,0,0,0,0,0,0,0,1,0,2,14,17,0.82,0.279,16.7,17.9,4.5,2.57,1.75,0.345,0.491,0.836
2026,55633,올러,KIA,HT,7,3.04,8,4,3,0,0,0.571,50 1/3,36,3,15,3,46,18,17,1.01,1,1,4,0,202,742,0.201,4,2,4,1,0,3,0,8,4,0,1,0,0,4,49,49,1.0,0.252,92.8,14.7,8.23,2.68,3.07,0.273,0.296,0.569
2026,51994,한재승,KIA,HT,8,3.46,13,1,0,0,1,1.0,13,11,2,4,1,9,5,5,1.15,0,0,0,0,51,198,0.239,3,1,0,0,0,1,0,0,0,1,5,0,0,1,10,16,0.63,0.257,15.2,15.2,6.23,2.77,2.25,0.314,0.478,0.792
2026,50662,정해영,KIA,HT,9,3.55,12,2,0,1,1,1.0,12 2/3,8,1,5,1,12,5,5,1.03,0,0,0,0,51,196,0.182,1,0,1,0,1,1,0,0,0,2,2,5,0,0,13,11,1.18,0.226,16.3,15.5,8.53,3.55,2.4,0.28,0.273,0.553
2026,54640,네일,KIA,HT,10,4.0,8,1,3,0,0,0.25,45,43,3,8,4,33,20,20,1.13,0,0,3,0,187,744,0.249,8,0,2,0,0,1,0,8,1,0,0,0,0,3,61,36,1.69,0.292,93.0,16.5,6.6,1.6,4.13,0.297,0.347,0.644
2026,50641,장재혁,KIA,HT,11,4.5,3,0,0,0,0,,4,3,0,5,0,2,2,2,2.0,0,0,0,0,20,75,0.214,0,0,1,0,0,0,0,0,0,0,1,0,0,0,7,2,3.5,0.25,25.0,18.8,4.5,11.25,0.4,0.421,0.214,0.635
2026,77637,양현종,KIA,HT,12,4.66,8,3,3,0,0,0.5,38 2/3,38,7,18,1,30,23,20,1.45,0,0,1,0,175,686,0.248,7,0,3,0,0,0,0,8,3,0,0,0,0,2,38,47,0.81,0.267,85.8,17.7,6.98,4.19,1.67,0.331,0.431,0.762
2026,52641,황동하,KIA,HT,13,5.02,10,3,0,0,1,1.0,28 2/3,30,7,11,1,23,17,16,1.43,0,0,2,0,124,515,0.268,3,0,0,0,0,0,0,3,2,1,0,1,0,2,25,34,0.74,0.28,51.5,18.0,7.22,3.45,2.09,0.339,0.482,0.821
2026,69620,김기훈,KIA,HT,14,5.4,2,0,0,0,0,,1 2/3,0,0,4,0,1,1,1,2.4,0,0,0,0,8,44,0.0,0,0,0,1,0,1,0,0,0,0,1,0,0,0,0,3,0.0,0.0,22.0,26.4,5.4,21.6,0.25,0.5,0.0,0.5
2026,65769,김범수,KIA,HT,14,5.4,20,0,2,1,6,0.0,15,15,1,10,1,14,10,9,1.67,0,0,0,1,68,274,0.263,1,0,0,0,2,0,0,0,0,0,3,8,0,1,13,15,0.87,0.333,13.7,18.3,8.4,6.0,1.4,0.382,0.333,0.715
2026,55610,김태형,KIA,HT,16,6.97,7,0,1,0,0,0.0,20 2/3,33,4,12,3,10,16,16,2.18,0,0,0,0,105,433,0.367,3,0,0,0,0,2,0,4,0,0,1,0,0,4,29,18,1.61,0.382,61.9,21.0,4.35,5.23,0.83,0.457,0.533,0.99
2026,76225,김건국,KIA,HT,17,7.71,5,0,0,0,0,,4 2/3,4,1,4,0,4,4,4,1.71,0,0,0,0,22,83,0.235,1,0,0,1,0,1,0,0,0,0,5,0,0,0,3,7,0.43,0.231,16.6,17.8,7.71,7.71,1.0,0.364,0.471,0.835
2026,51648,이의리,KIA,HT,18,9.0,8,1,4,0,0,0.2,28,33,6,26,1,32,28,28,2.11,0,0,0,0,140,593,0.297,5,2,1,1,0,3,1,8,1,0,0,0,0,2,18,29,0.62,0.365,74.1,21.2,10.29,8.36,1.23,0.432,0.541,0.973
2026,55267,홍민규,KIA,HT,19,11.12,12,1,2,0,0,0.333,11 1/3,20,2,5,0,10,14,14,2.21,0,0,0,0,59,219,0.377,6,0,1,0,0,4,0,0,0,1,3,1,0,0,11,12,0.92,0.439,18.3,19.3,7.94,3.97,2.0,0.431,0.604,1.035
2026,68928,김시훈,KIA,HT,20,13.5,2,0,0,0,0,,2,2,0,2,1,2,3,3,2.0,0,0,0,0,12,41,0.25,2,0,1,0,0,0,0,0,0,0,1,0,0,0,1,3,0.33,0.333,20.5,20.5,9.0,9.0,1.0,0.455,0.5,0.955
2026,66609,전상현,KIA,HT,20,13.5,4,0,1,0,2,0.0,3 1/3,6,0,1,1,3,5,5,2.1,0,0,0,1,18,59,0.375,2,0,0,0,0,0,0,0,0,0,0,3,0,0,3,4,0.75,0.462,14.8,17.7,8.1,2.7,3.0,0.444,0.5,0.944
2026,67263,최원준,두산,OB,1,0.0,2,0,0,0,0,,2,1,0,1,0,1,0,0,1.0,0,0,0,0,7,30,0.167,1,0,0,0,0,0,0,0,0,0,1,0,0,1,2,2,1.0,0.2,15.0,15.0,4.5,4.5,1.0,0.286,0.333,0.619
2026,56215,최주형,두산,OB,1,0.0,5,0,0,0,0,,4 1/3,1,0,4,0,7,0,0,1.15,0,0,0,0,18,97,0.071,1,0,0,0,0,0,0,0,0,0,1,0,0,0,4,2,2.0,0.143,19.4,22.4,14.54,8.31,1.75,0.278,0.143,0.421
2026,54263,김택연,두산,OB,3,0.87,9,0,0,3,0,,10 1/3,5,1,6,0,11,1,1,1.06,0,0,0,0,42,156,0.143,1,0,1,0,0,0,0,0,0,0,6,3,1,0,5,14,0.36,0.174,17.3,15.1,9.58,5.23,1.83,0.268,0.257,0.525
2026,67266,박치국,두산,OB,4,1.23,10,0,0,0,3,,7 1/3,10,0,2,3,8,2,1,1.64,0,0,0,0,38,170,0.303,2,1,0,0,0,1,0,0,0,0,1,5,0,1,9,6,1.5,0.4,17.0,23.2,9.82,2.45,4.0,0.395,0.424,0.819
2026,52202,윤태호,두산,OB,5,1.74,12,1,0,1,1,1.0,10 1/3,8,0,6,0,9,2,2,1.35,0,0,0,1,44,187,0.222,0,0,1,1,0,1,0,0,0,1,7,3,1,2,8,12,0.67,0.286,15.6,18.1,7.84,5.23,1.5,0.326,0.222,0.548
2026,55268,최민석,두산,OB,6,2.56,7,3,0,0,0,1.0,38 2/3,31,1,23,2,35,14,11,1.4,0,0,4,0,168,634,0.223,7,0,2,2,0,2,1,7,3,0,0,0,0,6,46,29,1.59,0.286,90.6,16.4,8.15,5.35,1.52,0.337,0.295,0.632
2026,68830,김정우,두산,OB,7,2.7,17,0,2,0,2,0.0,16 2/3,10,0,7,3,12,5,5,1.02,0,0,0,0,69,257,0.182,3,0,3,1,1,1,0,0,0,0,1,4,0,1,14,20,0.7,0.227,15.1,15.4,6.48,3.78,1.71,0.303,0.236,0.539
2026,66291,이영하,두산,OB,8,2.87,12,2,1,3,0,0.667,15 2/3,11,1,13,0,19,5,5,1.53,0,0,0,0,71,268,0.19,2,0,0,0,0,3,0,1,0,2,8,3,2,0,13,15,0.87,0.263,22.3,17.1,10.91,7.47,1.46,0.338,0.276,0.614
2026,65639,박정수,두산,OB,9,3.0,3,0,0,0,0,,3,3,0,3,0,1,3,1,2.0,0,0,0,0,14,49,0.3,0,0,0,1,0,0,0,0,0,0,3,0,0,2,4,3,1.33,0.3,16.3,16.3,3.0,9.0,0.33,0.429,0.3,0.729
2026,55239,잭로그,두산,OB,10,3.19,8,3,3,0,0,0.5,48,52,2,9,2,45,19,17,1.27,0,0,5,0,208,739,0.267,12,0,2,0,0,1,0,8,3,0,0,0,0,1,59,39,1.51,0.338,92.4,15.4,8.44,1.69,5.0,0.306,0.359,0.665
2026,67246,김명신,두산,OB,11,3.38,3,1,0,0,0,1.0,2 2/3,3,0,1,1,0,1,1,1.5,0,0,0,0,13,41,0.3,1,0,0,1,0,0,0,0,0,1,1,0,0,0,3,5,0.6,0.273,13.7,15.4,0.0,3.38,0.0,0.385,0.4,0.785
2026,68220,곽빈,두산,OB,12,3.43,8,3,2,0,0,0.6,44 2/3,43,3,18,1,52,20,17,1.37,0,0,5,0,194,765,0.25,6,0,0,3,0,2,0,8,3,0,0,0,0,3,34,46,0.74,0.333,95.6,17.1,10.48,3.63,2.89,0.32,0.337,0.657
2026,55215,양재훈,두산,OB,13,3.86,19,0,1,0,2,0.0,18 2/3,18,2,10,3,19,10,8,1.5,0,0,0,0,85,358,0.254,2,0,1,0,2,4,0,0,0,0,4,5,0,2,23,11,2.09,0.32,18.8,19.2,9.16,4.82,1.9,0.369,0.366,0.735
2026,53259,최준호,두산,OB,14,4.09,6,1,1,0,0,0.5,11,9,2,3,0,13,5,5,1.09,0,0,0,0,44,209,0.22,3,0,0,0,0,2,0,1,0,1,1,0,0,0,4,15,0.27,0.269,34.8,19.0,10.64,2.45,4.33,0.273,0.439,0.712
2026,52043,벤자민,두산,OB,15,4.43,4,0,2,0,0,0.0,20 1/3,29,1,7,0,20,11,10,1.77,0,0,1,0,96,338,0.333,5,0,1,1,0,2,0,4,0,0,0,0,0,1,26,13,2.0,0.418,84.5,16.6,8.85,3.1,2.86,0.379,0.425,0.804
2026,51264,최승용,두산,OB,16,5.06,8,1,4,0,0,0.2,37 1/3,44,1,19,0,22,24,21,1.69,0,0,1,0,173,658,0.297,5,1,4,2,0,1,0,8,1,0,0,0,0,2,38,46,0.83,0.339,82.3,17.6,5.3,4.58,1.16,0.373,0.365,0.738
2026,50234,플렉센,두산,OB,17,5.4,2,0,2,0,0,0.0,5,2,1,6,2,3,4,3,1.6,0,0,0,0,26,111,0.111,0,0,0,0,0,0,0,2,0,0,0,0,0,1,6,7,0.86,0.071,55.5,22.2,5.4,10.8,0.5,0.385,0.278,0.663
2026,52204,이병헌,두산,OB,18,6.06,22,1,1,0,4,0.5,16 1/3,22,1,6,0,16,13,11,1.71,0,0,0,3,76,322,0.319,2,0,0,1,0,1,0,0,0,1,0,7,0,1,17,15,1.13,0.396,14.6,19.7,8.82,3.31,2.67,0.368,0.391,0.759
2026,56218,타무라,두산,OB,19,8.76,13,1,1,0,2,0.5,12 1/3,23,3,4,1,11,12,12,2.19,0,0,0,0,64,248,0.404,6,0,0,2,0,2,0,0,0,1,3,1,0,0,11,14,0.79,0.444,19.1,20.1,8.03,2.92,2.75,0.438,0.667,1.105
2026,77211,이용찬,두산,OB,20,10.13,7,1,0,0,0,1.0,5 1/3,9,2,2,0,5,6,6,2.06,0,0,0,0,28,96,0.36,2,0,1,0,0,1,0,0,0,1,1,1,0,0,6,5,1.2,0.389,13.7,18.0,8.44,3.38,2.5,0.407,0.68,1.087
2026,68249,박신지,두산,OB,21,10.5,9,0,0,0,0,,12,14,3,8,2,9,14,14,1.83,0,0,0,0,58,196,0.304,3,1,1,1,0,0,0,0,0,0,0,0,0,2,11,13,0.85,0.314,21.8,16.3,6.75,6.0,1.13,0.421,0.609,1.03
2026,52206,최지강,두산,OB,22,18.0,7,0,0,0,0,,4,9,0,4,1,4,11,8,3.25,0,0,0,0,27,98,0.429,3,1,1,0,0,1,1,0,0,0,1,1,0,0,5,3,1.67,0.529,14.0,24.5,9.0,9.0,1.0,0.538,0.667,1.205
2026,68341,안우진,키움,WO,1,1.8,5,1,1,0,0,0.5,15,12,0,5,0,20,4,3,1.13,0,0,0,0,62,244,0.211,3,1,0,0,0,0,0,5,1,0,0,0,0,2,15,10,1.5,0.324,48.8,16.3,12.0,3.0,4.0,0.274,0.298,0.572
2026,76118,원종현,키움,WO,2,1.84,14,0,0,0,2,,14 2/3,16,0,2,0,9,5,3,1.23,0,0,0,0,62,232,0.276,2,0,1,1,0,0,0,0,0,0,4,2,0,0,18,16,1.13,0.32,16.6,15.8,5.52,1.23,4.5,0.295,0.31,0.605
2026,56318,박준현,키움,WO,3,2.63,3,1,1,0,0,0.5,13 2/3,12,0,11,0,8,5,4,1.68,0,0,0,0,63,266,0.231,4,0,0,0,0,2,0,3,1,0,0,0,0,2,23,9,2.56,0.273,88.7,19.5,5.27,7.24,0.73,0.365,0.308,0.673
2026,69360,조영건,키움,WO,4,2.7,5,0,0,0,0,,3 1/3,3,0,2,1,4,1,1,1.5,0,0,0,0,16,59,0.231,1,0,0,0,0,0,0,0,0,0,1,0,0,0,2,4,0.5,0.333,11.8,17.7,10.8,5.4,2.0,0.375,0.308,0.683
2026,55394,박정훈,키움,WO,5,3.18,16,2,1,0,6,0.667,22 2/3,20,0,16,1,18,8,8,1.59,0,0,0,1,102,388,0.241,6,0,2,0,0,2,1,2,1,1,0,6,0,2,34,11,3.09,0.308,24.3,17.1,7.15,6.35,1.13,0.37,0.313,0.683
2026,56348,유토,키움,WO,6,3.38,19,1,1,7,4,0.5,16,19,0,5,0,15,6,6,1.5,0,0,0,2,70,326,0.302,3,1,2,0,0,1,0,0,0,1,10,13,1,2,11,18,0.61,0.396,17.2,20.4,8.44,2.81,3.0,0.353,0.381,0.734
2026,69045,알칸타라,키움,WO,7,3.59,7,2,3,0,0,0.4,42 2/3,56,6,8,0,39,18,17,1.5,0,0,4,0,189,683,0.311,7,2,1,0,0,2,0,7,2,0,0,0,0,4,39,46,0.85,0.37,97.6,16.0,8.23,1.69,4.88,0.34,0.472,0.812
2026,55359,김서준,키움,WO,8,3.68,4,0,0,0,0,,7 1/3,3,1,6,1,7,3,3,1.23,0,0,0,0,31,125,0.125,0,0,0,0,0,0,0,0,0,0,0,0,0,0,7,7,1.0,0.125,31.3,17.0,8.59,7.36,1.17,0.323,0.25,0.573
2026,51761,배동현,키움,WO,9,4.06,9,4,2,0,0,0.667,37 2/3,48,4,11,2,32,17,17,1.57,0,0,0,1,173,674,0.308,11,1,1,3,0,0,0,5,2,2,0,1,0,3,33,46,0.72,0.358,74.9,17.9,7.65,2.63,2.91,0.355,0.468,0.823
2026,56334,와일스,키움,WO,10,4.13,4,0,3,0,0,0.0,24,32,2,2,1,17,12,11,1.42,0,0,2,0,107,387,0.323,5,0,1,4,0,0,0,4,0,0,0,0,0,0,29,25,1.16,0.357,96.8,16.1,6.38,0.75,8.5,0.33,0.434,0.764
2026,63512,박진형,키움,WO,11,4.3,12,1,1,0,2,0.5,14 2/3,14,2,6,1,12,7,7,1.36,0,0,0,0,62,230,0.259,2,2,0,1,0,0,0,0,0,1,4,2,0,1,18,11,1.64,0.293,19.2,15.7,7.36,3.68,2.0,0.339,0.481,0.82
2026,67116,오석주,키움,WO,12,4.71,11,0,1,0,0,0.0,21,24,0,16,2,18,12,11,1.9,0,0,0,0,106,426,0.282,6,0,1,2,0,0,0,3,0,0,0,0,0,0,21,24,0.88,0.348,38.7,20.3,7.71,6.86,1.13,0.4,0.353,0.753
2026,64350,하영민,키움,WO,13,5.02,6,2,2,0,0,0.5,28 2/3,28,6,18,1,23,19,16,1.6,0,0,1,0,131,507,0.257,8,0,1,2,0,3,0,6,2,0,0,0,0,3,22,38,0.58,0.268,84.5,17.7,7.22,5.65,1.28,0.362,0.495,0.857
2026,56345,정다훈,키움,WO,14,6.0,9,0,0,0,0,,9,11,2,7,1,1,6,6,2.0,0,0,0,0,45,172,0.314,2,0,1,1,1,0,0,0,0,0,5,0,0,1,9,15,0.6,0.273,19.1,19.1,1.0,7.0,0.14,0.432,0.543,0.975
2026,51301,김성진,키움,WO,15,6.19,16,0,1,0,8,0.0,16,18,0,5,1,12,11,11,1.44,0,0,0,0,67,274,0.3,4,0,0,1,0,0,0,0,0,0,0,4,0,3,20,11,1.82,0.367,17.1,17.1,6.75,2.81,2.4,0.358,0.367,0.725
2026,53301,박윤성,키움,WO,16,7.71,4,0,1,0,1,0.0,2 1/3,2,0,2,0,1,2,2,1.71,0,0,0,1,10,31,0.25,0,0,0,0,0,0,0,0,0,0,0,2,0,1,5,0,,0.286,7.8,13.3,3.86,7.71,0.5,0.4,0.25,0.65
2026,54362,전준표,키움,WO,17,8.53,7,0,0,0,0,,6 1/3,10,1,8,2,7,6,6,2.84,0,0,0,0,39,184,0.345,1,1,0,0,0,5,0,0,0,0,1,0,0,0,7,5,1.4,0.429,26.3,29.1,9.95,11.37,0.88,0.513,0.552,1.065
2026,56366,이태양,키움,WO,18,9.0,1,0,0,0,0,,1,1,0,1,2,0,1,1,2.0,0,0,0,0,6,18,0.333,0,0,0,0,0,0,0,0,0,0,1,0,0,1,1,1,1.0,0.333,18.0,18.0,0.0,9.0,0.0,0.667,0.333,1.0
2026,55377,정세영,키움,WO,19,10.43,6,0,2,0,0,0.0,14 2/3,24,3,6,1,4,19,17,2.05,0,0,0,0,76,268,0.369,4,0,3,1,0,2,0,2,0,0,3,0,0,1,8,30,0.27,0.356,44.7,18.3,2.45,3.68,0.67,0.425,0.569,0.994
2026,67391,김재웅,키움,WO,20,10.67,14,0,1,5,2,0.0,14 1/3,20,4,7,0,6,17,17,1.88,0,0,0,2,70,275,0.333,3,0,2,1,0,0,0,0,0,0,6,9,1,1,17,18,0.94,0.314,19.6,19.2,3.77,4.4,0.86,0.397,0.583,0.98
2026,55301,이준우,키움,WO,21,10.8,6,0,1,0,0,0.0,6 2/3,11,0,5,1,6,9,8,2.4,0,0,0,0,35,141,0.379,1,0,0,0,0,0,0,0,0,0,2,0,0,1,3,9,0.33,0.478,23.5,21.2,8.1,6.75,1.2,0.486,0.414,0.9
2026,55313,정현우,키움,WO,21,10.8,1,0,1,0,0,0.0,5,5,1,3,0,3,6,6,1.6,0,0,0,0,22,84,0.263,2,0,0,0,0,0,0,1,0,0,0,0,0,1,5,6,0.83,0.267,84.0,16.8,5.4,5.4,1.0,0.364,0.526,0.89
2026,54368,김연주,키움,WO,23,16.2,2,0,1,0,0,0.0,3 1/3,5,0,4,1,3,7,6,2.7,0,0,0,0,21,80,0.313,1,0,0,0,0,1,0,1,0,0,1,0,0,0,3,5,0.6,0.385,40.0,24.0,8.1,10.8,0.75,0.476,0.375,0.851
2026,52395,윤석원,키움,WO,24,19.29,2,0,0,0,0,,2 1/3,6,1,0,0,1,5,5,2.57,0,0,0,0,13,41,0.5,1,0,0,1,0,1,0,0,0,0,0,0,0,0,3,3,1.0,0.455,20.5,17.6,3.86,0.0,,0.462,0.833,1.295
2026,53164,김동규,키움,WO,25,27.0,3,0,0,0,0,,1 1/3,4,0,2,1,3,4,4,4.5,0,0,0,0,11,50,0.5,0,0,0,0,0,3,0,0,0,0,1,0,0,0,0,1,0.0,0.8,16.7,37.5,20.25,13.5,1.5,0.636,0.5,1.136
