player_id,player_name
52121,문정빈
68119,문성주
53123,오스틴
69102,문보경
51100,이영빈
50054,천성호
69100,구본혁
68110,송찬의
62415,박해민
79109,오지환
52154,이주헌
79365,박동원
65207,신민재
54166,김현종
66108,홍창기
68106,이재원
52103,최원영
53103,강민균
64793,김민수
69105,김성진
66162,김주성
54156,손용준
51526,우강훈
63950,장현식
51762,장규현
68050,강백호
54730,페라자
52764,허인서
53764,문현빈
68700,이원석
66704,김태연
65703,이도윤
64006,심우준
62700,하주석
54795,황영묵
50709,박정현
50707,최인호
69737,노시환
79192,채은성
66657,이진영
78288,최재훈
56754,오재원
53754,김서현
65616,이민우
56793,최유빈
56760,쿠싱
67807,이정범
52804,석정우
55897,홍대인
69804,채현우
67893,박성한
51868,고명준
68868,최준우
54812,정준재
66864,안상현
62864,김민식
53827,에레디아
75847,최정
62934,김성욱
60558,오태곤
51865,조형우
50854,최지훈
50868,류효승
78224,김재환
62895,한유섬
79456,이지영
53893,김민준
53865,김정민
69825,김창평
73211,노경은
50812,박시후
52868,이기순
53892,이로운
52807,임근우
52809,전영준
51897,조병현
53400,김재상
72443,최형우
55425,김상준
62234,류지혁
62404,구자욱
69418,박승규
54400,디아즈
69442,김도환
61404,김헌곤
65586,전병우
67449,김성윤
50458,김지찬
74540,강민호
52415,이재현
69403,양우현
65040,김태훈
62244,박세혁
52430,김영웅
52424,김재혁
63202,장승현
55438,심재훈
67005,홍현빈
64468,박계범
66409,이성규
55440,함수호
65062,김재윤
68463,윤정빈
60146,이승현
69416,이해승
55435,차승준
63260,이우성
62907,박민우
64101,한석현
51907,김주원
51344,김휘집
68904,오영수
50902,김한별
54944,데이비슨
79215,박건우
64022,안중열
69992,최정원
50092,윤준혁
56904,허윤
69995,서호철
67905,천재환
68912,김형준
66965,도태훈
56949,고준휘
56909,신재인
63963,권희동
50996,박시원
51903,김정호
53989,신성호
51991,오장한
51996,오태양
50903,한재환
79240,허경민
51003,권동진
67644,이정훈
52001,안현민
51013,유준규
66606,최원준
64504,오윤석
64004,김민혁
79402,김상수
76290,김현수
53036,류현인
56034,힐리어드
69064,강민성
64166,배정대
78548,장성우
56006,이강민
64115,장준원
63722,한승택
50066,강현우
54097,김민석
65048,김민수
53029,김정운
52060,박영현
67006,안치영
55005,오서진
73117,우규민
66706,장진혁
68089,조대현
52514,김세민
51551,나승엽
69517,고승민
54529,레이예스
50500,황성빈
62802,박승욱
68507,장두성
68205,전민재
61102,유강남
69508,신윤후
68525,한동희
52568,한태양
78513,전준우
62931,노진혁
51528,손성빈
52591,윤동희
50150,손호영
54598,이호준
77564,김민성
55502,김동현
62528,김원중
56595,김한홀
56531,로드리게스
67588,윤성빈
56563,이서준
68518,정보근
50556,최준용
68260,현도훈
55636,박재현
67609,박정우
66354,주효상
78603,김선빈
68646,한준수
52634,박상준
52605,김도영
65653,김호령
62947,나성범
56632,데일
56613,아데를린
78122,김태군
56626,카스트로
52628,한승연
50657,박민
66614,김규성
61353,고종욱
69636,오선우
52667,윤도현
68504,이호연
55926,정현창
65769,김범수
64560,이창진
55267,홍민규
66112,김기연
55252,박준순
56251,카메론
53554,김민석
50204,박지훈
64646,박찬호
63123,강승호
79231,정수빈
51203,안재석
76232,양의지
53296,윤준호
64153,양석환
66209,조수행
50208,오명진
67207,이유찬
63257,김인태
77532,손아섭
66233,홍성호
54236,임종성
53404,류승민
68249,박신지
55215,양재훈
52202,윤태호
56215,최주형
52348,박찬혁
78168,서건창
64346,임병욱
79608,안치홍
65898,김웅빈
64340,임지열
50357,박주홍
50167,이주형
76267,최주환
54394,송지후
55392,어준서
56326,김지석
52305,박수종
56322,브룩스
68362,추재현
53312,김건희
78756,오선진
55397,전태현
55370,양현종
64984,김태진
78135,이형종
56338,최재영
55371,권혁빈
56304,박한결
53305,박성빈
55339,염승원
69332,주성원
53344,김동헌
54319,김윤하
62332,김재현
75125,박병호
56337,박지성
63512,박진형
51302,이주형
69360,조영건
67143,손주영
61145,이우찬
51163,조건희
50106,유영찬
50157,김윤식
64596,김유영
55348,웰스
51154,김진수
50904,이종준
75867,김진성
55130,톨허스트
55167,김영우
51111,송승기
61101,임찬규
69134,이정용
55121,박시원
55146,치리노스
63145,배재준
68159,성동현
63248,함덕주
65109,백승현
69168,이상영
69205,이교훈
56709,박준영
56724,화이트
65117,이상규
56719,왕옌청
55764,권민규
76715,류현진
54768,조동욱
52731,박준영
69213,윤산흠
56712,에르난데스
52701,문동주
63765,김종수
55743,정우주
54729,황준서
50705,강재민
56769,강건우
53706,박재규
54702,원종혁
67703,박상원
50710,김범준
65707,주현상
54705,김도빈
65056,엄상백
62869,문승원
68092,한두솔
68856,최민준
51867,김건우
55855,화이트
69839,백승건
68043,김민
52844,김도현
66858,정동윤
56841,베니지아노
51895,장지훈
51702,이준기
56823,타케다
56800,긴지로
65343,김택형
50464,이승민
55455,배찬승
53375,후라도
56464,오러클린
56460,장찬희
69446,원태인
62754,임기영
67421,최지광
62360,김태훈
77446,백정현
68415,양창섭
65320,최원태
56415,미야지
54404,육선엽
51454,이승현
56469,정재훈
54910,김준원
50992,김태경
64995,배재환
69969,전사민
69994,박지한
55903,라일리
54906,원종해
52992,이준혁
65933,구창모
68900,김영규
52902,임지민
56928,버하겐
68902,신민혁
63959,임정호
56911,토다
67954,김진호
56966,테일러
53919,신영우
65949,류진욱
53973,목지훈
68639,하준영
54904,손주환
67419,문용익
69041,손동현
50030,소형준
65060,주권
56036,보쉴리
50859,오원석
69047,전용주
56032,사우어
56011,스기모토
64001,고영표
61666,한승혁
65516,배제성
56066,박지훈
66047,박세진
55503,이영재
54537,정현수
63543,구승민
67539,나균안
51516,김진욱
56523,비슬리
65522,김강현
56536,박정민
54503,박준우
64021,박세웅
68242,정철원
56548,쿄야마
68036,최이준
56567,신동건
66451,최충연
52530,이민석
61643,홍건희
54610,성영탁
60768,이태양
63342,조상우
55633,올러
50662,정해영
52639,최지민
62951,이형범
51994,한재승
54640,네일
50641,장재혁
77637,양현종
52641,황동하
69620,김기훈
55610,김태형
76225,김건국
51648,이의리
68928,김시훈
66609,전상현
67263,최원준
54263,김택연
68830,김정우
55268,최민석
65639,박정수
67246,김명신
66291,이영하
67266,박치국
68220,곽빈
55239,잭로그
52043,벤자민
53259,최준호
51264,최승용
50234,플렉센
52204,이병헌
56218,타무라
77211,이용찬
52206,최지강
76118,원종현
56318,박준현
68341,안우진
56348,유토
55394,박정훈
69045,알칸타라
55359,김서준
55322,로젠버그
51761,배동현
56334,와일스
64350,하영민
67116,오석주
56345,정다훈
51301,김성진
53301,박윤성
54362,전준표
56366,이태양
55377,정세영
67391,김재웅
55301,이준우
55313,정현우
54368,김연주
52395,윤석원
53164,김동규
