season_year,player_id,player_name,team_name,team_code,rank_no,position,g,gs,ip,e,pko,po,a,dp,fpct,pb,sb,cs,cs_rate
2026,62415,박해민,LG,LG,1,중견수,42,37,328,0,0,111,2,1,1.0,0,0,0,
2026,65207,신민재,LG,LG,2,2루수,40,34,321,1,0,66,108,22,0.994,0,0,0,
2026,79109,오지환,LG,LG,3,유격수,38,33,282 2/3,8,0,56,84,21,0.946,0,0,0,
2026,79365,박동원,LG,LG,4,포수,37,33,286,1,2,234,23,0,0.996,1,29,12,29.3
2026,66108,홍창기,LG,LG,5,우익수,36,33,293,0,0,74,2,1,1.0,0,0,0,
2026,53123,오스틴,LG,LG,6,1루수,34,33,285,3,0,236,24,23,0.989,0,0,0,
2026,50054,천성호,LG,LG,7,3루수,33,28,226,8,0,20,32,2,0.867,0,0,0,
2026,69100,구본혁,LG,LG,8,3루수,26,11,123 2/3,1,0,5,15,1,0.952,0,0,0,
2026,68119,문성주,LG,LG,9,좌익수,23,20,174 1/3,1,0,48,1,0,0.98,0,0,0,
2026,75867,김진성,LG,LG,10,투수,21,0,19,1,0,0,2,0,0.667,0,0,0,
2026,51526,우강훈,LG,LG,10,투수,21,0,17 1/3,0,0,2,3,0,1.0,0,0,0,
2026,52154,이주헌,LG,LG,12,포수,20,9,84,2,0,63,4,1,0.971,0,6,2,25.0
2026,63950,장현식,LG,LG,13,투수,19,0,18,0,0,2,2,0,1.0,0,0,0,
2026,55167,김영우,LG,LG,15,투수,17,0,14 2/3,0,0,0,0,0,,0,0,0,
2026,63248,함덕주,LG,LG,15,투수,17,0,13 1/3,0,0,1,2,0,1.0,0,0,0,
2026,68110,송찬의,LG,LG,17,좌익수,16,16,125 1/3,1,0,34,2,0,0.973,0,0,0,
2026,50106,유영찬,LG,LG,18,투수,13,0,12,0,0,1,0,0,1.0,0,0,0,
2026,69134,이정용,LG,LG,19,투수,12,3,21 1/3,0,0,1,1,0,1.0,0,0,0,
2026,51154,김진수,LG,LG,20,투수,11,0,15 2/3,0,0,1,0,0,1.0,0,0,0,
2026,63145,배재준,LG,LG,20,투수,11,0,10 2/3,0,0,0,2,1,1.0,0,0,0,
2026,61101,임찬규,LG,LG,23,투수,9,9,48 1/3,0,1,4,9,0,1.0,0,0,0,
2026,51111,송승기,LG,LG,24,투수,8,8,38 2/3,0,0,1,3,0,1.0,0,0,0,
2026,51100,이영빈,LG,LG,24,3루수,8,2,23 1/3,1,0,4,5,0,0.9,0,0,0,
2026,68106,이재원,LG,LG,24,좌익수,8,5,49 2/3,0,0,8,0,0,1.0,0,0,0,
2026,52103,최원영,LG,LG,24,중견수,8,1,22,0,0,12,0,0,1.0,0,0,0,
2026,55130,톨허스트,LG,LG,24,투수,8,8,45 2/3,0,0,1,3,0,1.0,0,0,0,
2026,55348,웰스,LG,LG,29,투수,7,7,39 1/3,0,0,1,4,0,1.0,0,0,0,
2026,55146,치리노스,LG,LG,32,투수,6,6,24 2/3,1,0,3,7,0,0.909,0,0,0,
2026,64596,김유영,LG,LG,35,투수,5,0,5,0,0,0,0,0,,0,0,0,
2026,55121,박시원,LG,LG,35,투수,5,0,5 1/3,0,0,0,1,0,1.0,0,0,0,
2026,50157,김윤식,LG,LG,39,투수,4,0,6 1/3,0,0,1,1,1,1.0,0,0,0,
2026,69102,문보경,LG,LG,39,1루수,4,4,30 2/3,1,0,35,0,0,0.972,0,0,0,
2026,68159,성동현,LG,LG,39,투수,4,0,4,0,0,1,1,0,1.0,0,0,0,
2026,67143,손주영,LG,LG,39,투수,4,0,5,0,0,0,1,0,1.0,0,0,0,
2026,54166,김현종,LG,LG,46,중견수,3,1,7,0,0,2,0,0,1.0,0,0,0,
2026,65109,백승현,LG,LG,46,투수,3,0,3,0,0,0,0,0,,0,0,0,
2026,61145,이우찬,LG,LG,46,투수,3,0,2,0,0,0,0,0,,0,0,0,
2026,64793,김민수,LG,LG,49,포수,2,0,7,0,0,5,0,0,1.0,0,0,0,
2026,69105,김성진,LG,LG,49,1루수,2,0,4,0,0,5,0,0,1.0,0,0,0,
2026,52121,문정빈,LG,LG,49,1루수,2,2,12,0,0,9,3,2,1.0,0,0,0,
2026,50904,이종준,LG,LG,49,투수,2,0,3,0,0,0,0,0,,0,0,0,
2026,66162,김주성,LG,LG,54,좌익수,1,0,1,0,0,0,0,0,,0,0,0,
2026,54156,손용준,LG,LG,54,1루수,1,0,1 2/3,0,0,2,0,0,1.0,0,0,0,
2026,69168,이상영,LG,LG,54,투수,1,1,3 1/3,0,0,0,0,0,,0,0,0,
2026,51163,조건희,LG,LG,54,투수,1,0,1 1/3,0,0,0,0,0,,0,0,0,
2026,54730,페라자,한화,HH,1,우익수,42,42,340 1/3,2,0,67,4,1,0.973,0,0,0,
2026,53764,문현빈,한화,HH,2,좌익수,40,40,342 1/3,0,0,79,1,0,1.0,0,0,0,
2026,69737,노시환,한화,HH,3,3루수,35,35,312 1/3,5,0,24,59,8,0.943,0,0,0,
2026,64006,심우준,한화,HH,4,유격수,34,31,261 1/3,4,0,55,70,17,0.969,0,0,0,
2026,52764,허인서,한화,HH,4,포수,34,20,202 1/3,1,1,166,15,2,0.995,2,12,3,20.0
2026,79192,채은성,한화,HH,6,1루수,28,27,224 1/3,4,0,193,9,28,0.981,0,0,0,
2026,68700,이원석,한화,HH,7,중견수,26,20,170,0,0,39,2,2,1.0,0,0,0,
2026,78288,최재훈,한화,HH,7,포수,26,22,173,2,0,162,13,2,0.989,2,4,5,55.6
2026,66704,김태연,한화,HH,9,1루수,24,15,150,1,0,124,14,10,0.993,0,0,0,
2026,62700,하주석,한화,HH,9,2루수,24,21,170,4,0,46,45,15,0.958,0,0,0,
2026,54795,황영묵,한화,HH,9,2루수,24,13,127 1/3,3,0,31,42,10,0.961,0,0,0,
2026,54768,조동욱,한화,HH,12,투수,22,0,18,0,0,0,4,0,1.0,0,0,0,
2026,56754,오재원,한화,HH,13,중견수,21,13,132,2,0,36,0,0,0.947,0,0,0,
2026,65703,이도윤,한화,HH,13,유격수,21,10,106,4,0,23,35,12,0.935,0,0,0,
2026,55743,정우주,한화,HH,15,투수,20,2,19,0,0,0,1,0,1.0,0,0,0,
2026,63765,김종수,한화,HH,16,투수,18,0,13 2/3,0,0,0,1,0,1.0,0,0,0,
2026,67703,박상원,한화,HH,17,투수,16,0,12,0,0,1,1,0,1.0,0,0,0,
2026,69213,윤산흠,한화,HH,17,투수,16,0,17,0,0,3,3,0,1.0,0,0,0,
2026,56760,쿠싱,한화,HH,17,투수,16,1,20 2/3,1,0,1,0,0,0.5,0,0,0,
2026,65616,이민우,한화,HH,20,투수,15,0,18 1/3,0,0,1,0,0,1.0,0,0,0,
2026,66657,이진영,한화,HH,22,중견수,13,9,73,0,0,22,1,0,1.0,0,0,0,
2026,53754,김서현,한화,HH,23,투수,12,0,8,0,0,0,2,0,1.0,0,0,0,
2026,52731,박준영,한화,HH,23,투수,12,1,15 1/3,0,0,0,1,0,1.0,0,0,0,
2026,65117,이상규,한화,HH,25,투수,11,0,13 1/3,0,0,0,3,0,1.0,0,0,0,
2026,56769,강건우,한화,HH,26,투수,9,1,11 1/3,0,0,0,0,0,,0,0,0,
2026,56719,왕옌청,한화,HH,26,투수,9,9,49 1/3,0,0,5,4,0,1.0,0,0,0,
2026,54702,원종혁,한화,HH,26,투수,9,0,6,0,1,3,2,0,1.0,0,0,0,
2026,55764,권민규,한화,HH,30,투수,8,0,8,0,0,0,0,0,,0,0,0,
2026,76715,류현진,한화,HH,30,투수,8,8,46,0,0,2,7,0,1.0,0,0,0,
2026,56712,에르난데스,한화,HH,30,투수,8,8,37,1,0,1,3,0,0.8,0,0,0,
2026,54705,김도빈,한화,HH,33,투수,6,0,4,0,0,0,0,0,,0,0,0,
2026,52701,문동주,한화,HH,33,투수,6,6,24 1/3,0,0,0,1,0,1.0,0,0,0,
2026,54729,황준서,한화,HH,33,투수,6,3,12 1/3,0,0,0,4,0,1.0,0,0,0,
2026,50707,최인호,한화,HH,38,우익수,4,0,7,0,0,2,0,0,1.0,0,0,0,
2026,50705,강재민,한화,HH,41,투수,3,0,2 2/3,0,0,0,1,0,1.0,0,0,0,
2026,50709,박정현,한화,HH,41,3루수,3,0,6,0,0,0,0,0,,0,0,0,
2026,65707,주현상,한화,HH,41,투수,3,0,2 1/3,0,0,0,0,0,,0,0,0,
2026,53706,박재규,한화,HH,44,투수,2,0,1,0,0,0,2,0,1.0,0,0,0,
2026,56709,박준영,한화,HH,44,투수,2,1,5 2/3,0,0,0,0,0,,0,0,0,
2026,56724,화이트,한화,HH,44,투수,2,2,8 2/3,1,0,0,2,0,0.667,0,0,0,
2026,50710,김범준,한화,HH,52,투수,1,0,2/3,0,0,0,1,0,1.0,0,0,0,
2026,65056,엄상백,한화,HH,52,투수,1,0,1/3,0,0,0,0,0,,0,0,0,
2026,69205,이교훈,한화,HH,52,투수,1,0,1/3,0,0,0,0,0,,0,0,0,
2026,56793,최유빈,한화,HH,52,유격수,1,0,1,0,0,0,1,0,1.0,0,0,0,
2026,67893,박성한,SSG,SK,1,유격수,42,40,345,6,0,59,95,24,0.963,0,0,0,
2026,50854,최지훈,SSG,SK,1,중견수,42,41,365 1/3,1,0,113,2,0,0.991,0,0,0,
2026,53827,에레디아,SSG,SK,3,좌익수,40,39,334 1/3,1,0,76,1,1,0.987,0,0,0,
2026,54812,정준재,SSG,SK,4,2루수,39,32,292 1/3,1,0,76,103,25,0.994,0,0,0,
2026,75847,최정,SSG,SK,4,3루수,39,39,328,2,0,16,64,11,0.976,0,0,0,
2026,60558,오태곤,SSG,SK,6,1루수,33,25,239 2/3,3,0,218,15,22,0.987,0,0,0,
2026,51865,조형우,SSG,SK,7,포수,30,30,242,3,0,195,19,2,0.986,2,19,4,17.4
2026,62934,김성욱,SSG,SK,8,우익수,23,10,100 1/3,0,0,20,1,0,1.0,0,0,0,
2026,79456,이지영,SSG,SK,8,포수,23,11,118 1/3,0,0,108,8,1,1.0,1,7,3,30.0
2026,68043,김민,SSG,SK,10,투수,22,0,22,0,0,1,3,0,1.0,0,0,0,
2026,73211,노경은,SSG,SK,11,투수,21,0,21 1/3,2,0,2,4,0,0.75,0,0,0,
2026,53892,이로운,SSG,SK,11,투수,21,0,20 2/3,0,0,0,2,1,1.0,0,0,0,
2026,62895,한유섬,SSG,SK,13,우익수,19,17,120,0,0,19,1,0,1.0,0,0,0,
2026,51868,고명준,SSG,SK,14,1루수,17,17,132,1,0,123,6,15,0.992,0,0,0,
2026,62869,문승원,SSG,SK,14,투수,17,0,23 1/3,1,0,2,9,0,0.917,0,0,0,
2026,68092,한두솔,SSG,SK,14,투수,17,0,18 1/3,0,0,2,3,0,1.0,0,0,0,
2026,51897,조병현,SSG,SK,17,투수,15,0,16 1/3,0,0,0,2,0,1.0,0,0,0,
2026,66864,안상현,SSG,SK,18,2루수,14,9,77,2,0,17,22,9,0.951,0,0,0,
2026,50812,박시후,SSG,SK,19,투수,13,0,13 1/3,0,1,1,1,0,1.0,0,0,0,
2026,51895,장지훈,SSG,SK,20,투수,12,0,17 1/3,0,0,1,1,0,1.0,0,0,0,
2026,52809,전영준,SSG,SK,20,투수,12,0,11,0,0,0,0,0,,0,0,0,
2026,69804,채현우,SSG,SK,20,우익수,12,5,40 1/3,0,0,9,0,0,1.0,0,0,0,
2026,68868,최준우,SSG,SK,23,우익수,11,7,62,0,0,15,0,0,1.0,0,0,0,
2026,51867,김건우,SSG,SK,24,투수,9,9,46,0,0,1,4,0,1.0,0,0,0,
2026,53865,김정민,SSG,SK,26,우익수,8,0,19 1/3,0,0,5,0,0,1.0,0,0,0,
2026,56841,베니지아노,SSG,SK,26,투수,8,8,36 1/3,1,0,1,12,1,0.929,0,0,0,
2026,68856,최민준,SSG,SK,26,투수,8,8,35 2/3,0,0,1,6,1,1.0,0,0,0,
2026,52868,이기순,SSG,SK,30,투수,7,1,9 1/3,0,0,0,0,0,,0,0,0,
2026,56823,타케다,SSG,SK,30,투수,7,7,27 1/3,0,0,2,2,0,1.0,0,0,0,
2026,62864,김민식,SSG,SK,32,포수,6,1,15 1/3,0,0,12,0,0,1.0,1,2,0,0.0
2026,55897,홍대인,SSG,SK,32,3루수,6,1,13,0,0,1,3,1,1.0,0,0,0,
2026,55855,화이트,SSG,SK,32,투수,6,6,30 2/3,2,0,0,4,0,0.667,0,0,0,
2026,69839,백승건,SSG,SK,35,투수,5,1,8 1/3,0,0,0,0,0,,0,0,0,
2026,52844,김도현,SSG,SK,36,투수,4,0,5 1/3,0,0,0,2,0,1.0,0,0,0,
2026,69825,김창평,SSG,SK,36,우익수,4,2,18 2/3,0,0,4,0,0,1.0,0,0,0,
2026,78224,김재환,SSG,SK,40,좌익수,3,3,26,0,0,7,0,0,1.0,0,0,0,
2026,56800,긴지로,SSG,SK,44,투수,2,2,7,0,0,0,0,0,,0,0,0,
2026,52804,석정우,SSG,SK,44,3루수,2,0,2,0,0,0,0,0,,0,0,0,
2026,66858,정동윤,SSG,SK,44,투수,2,0,3 1/3,0,0,0,1,0,1.0,0,0,0,
2026,53893,김민준,SSG,SK,49,3루수,1,0,2/3,1,0,0,0,0,0.0,0,0,0,
2026,65343,김택형,SSG,SK,49,투수,1,0,2/3,0,0,0,0,0,,0,0,0,
2026,50868,류효승,SSG,SK,49,1루수,1,0,1,0,0,0,0,0,,0,0,0,
2026,67807,이정범,SSG,SK,49,1루수,1,0,3,0,0,4,2,0,1.0,0,0,0,
2026,51702,이준기,SSG,SK,49,투수,1,0,2,0,0,0,0,0,,0,0,0,
2026,54400,디아즈,삼성,SS,1,1루수,42,42,360,2,0,337,36,35,0.995,0,0,0,
2026,62234,류지혁,삼성,SS,2,2루수,38,36,292 1/3,5,0,69,103,24,0.972,0,0,0,
2026,50458,김지찬,삼성,SS,3,중견수,35,31,260 2/3,0,0,69,1,0,1.0,0,0,0,
2026,65586,전병우,삼성,SS,4,3루수,33,29,256 1/3,3,0,15,47,3,0.954,0,0,0,
2026,74540,강민호,삼성,SS,5,포수,30,24,191,1,0,145,8,2,0.994,3,17,2,10.5
2026,52415,이재현,삼성,SS,6,유격수,23,22,173,4,0,35,54,16,0.957,0,0,0,
2026,67449,김성윤,삼성,SS,7,우익수,22,17,151 1/3,0,0,45,1,0,1.0,0,0,0,
2026,61404,김헌곤,삼성,SS,7,좌익수,22,11,105 2/3,0,0,24,0,0,1.0,0,0,0,
2026,62244,박세혁,삼성,SS,7,포수,22,8,91 1/3,0,0,61,10,0,1.0,0,12,0,0.0
2026,62404,구자욱,삼성,SS,10,좌익수,21,21,165,1,0,26,0,0,0.963,0,0,0,
2026,55455,배찬승,삼성,SS,10,투수,21,0,16,0,0,1,3,0,1.0,0,0,0,
2026,50464,이승민,삼성,SS,10,투수,21,0,22,0,0,2,5,1,1.0,0,0,0,
2026,60146,이승현,삼성,SS,10,투수,21,0,15 2/3,0,0,0,0,0,,0,0,0,
2026,56415,미야지,삼성,SS,14,투수,20,0,16,0,0,1,0,0,1.0,0,0,0,
2026,69418,박승규,삼성,SS,14,우익수,20,18,146 1/3,1,0,46,1,0,0.979,0,0,0,
2026,65062,김재윤,삼성,SS,16,투수,19,0,17,0,0,1,1,0,1.0,0,0,0,
2026,77446,백정현,삼성,SS,17,투수,13,0,12 1/3,0,0,0,1,0,1.0,0,0,0,
2026,69403,양우현,삼성,SS,17,유격수,13,10,81 1/3,1,0,13,30,5,0.977,0,0,0,
2026,69416,이해승,삼성,SS,17,유격수,13,1,47,0,0,8,16,3,1.0,0,0,0,
2026,62754,임기영,삼성,SS,17,투수,13,0,21,0,0,0,3,0,1.0,0,0,0,
2026,63202,장승현,삼성,SS,22,포수,12,2,36,0,0,31,0,0,1.0,0,3,0,0.0
2026,69442,김도환,삼성,SS,24,포수,10,8,55 2/3,0,0,50,2,0,1.0,1,3,2,40.0
2026,52430,김영웅,삼성,SS,24,3루수,10,10,88,1,0,8,24,3,0.97,0,0,0,
2026,56460,장찬희,삼성,SS,24,투수,10,3,26 2/3,0,0,0,2,0,1.0,0,0,0,
2026,62360,김태훈,삼성,SS,27,투수,9,0,8 1/3,0,0,1,2,0,1.0,0,0,0,
2026,56464,오러클린,삼성,SS,27,투수,9,9,46,0,0,0,9,0,1.0,0,0,0,
2026,53375,후라도,삼성,SS,27,투수,9,9,58,0,0,6,6,0,1.0,0,0,0,
2026,65320,최원태,삼성,SS,30,투수,8,8,40 2/3,1,0,3,4,1,0.875,0,0,0,
2026,67421,최지광,삼성,SS,30,투수,8,0,6 1/3,0,0,1,1,0,1.0,0,0,0,
2026,55425,김상준,삼성,SS,33,유격수,7,3,27 2/3,0,0,3,5,1,1.0,0,0,0,
2026,68415,양창섭,삼성,SS,33,투수,7,4,20 2/3,0,0,3,1,0,1.0,0,0,0,
2026,64468,박계범,삼성,SS,35,유격수,6,4,34,0,0,5,10,0,1.0,0,0,0,
2026,69446,원태인,삼성,SS,35,투수,6,6,33 1/3,0,0,3,9,0,1.0,0,0,0,
2026,66409,이성규,삼성,SS,37,좌익수,5,1,18 1/3,0,0,3,0,0,1.0,0,0,0,
2026,55438,심재훈,삼성,SS,40,유격수,4,2,11,0,0,4,4,3,1.0,0,0,0,
2026,72443,최형우,삼성,SS,40,좌익수,4,4,29,0,0,7,0,0,1.0,0,0,0,
2026,55440,함수호,삼성,SS,40,좌익수,4,2,18,0,0,3,0,0,1.0,0,0,0,
2026,53400,김재상,삼성,SS,48,2루수,3,3,20 2/3,0,0,6,8,2,1.0,0,0,0,
2026,51454,이승현,삼성,SS,48,투수,3,3,10 1/3,0,0,1,2,0,1.0,0,0,0,
2026,67005,홍현빈,삼성,SS,48,좌익수,3,1,13,0,0,0,0,0,,0,0,0,
2026,52424,김재혁,삼성,SS,56,중견수,2,0,3,0,0,2,0,0,1.0,0,0,0,
2026,65040,김태훈,삼성,SS,56,우익수,2,1,8,0,0,2,0,0,1.0,0,0,0,
2026,54404,육선엽,삼성,SS,56,투수,2,0,2 1/3,0,0,0,1,0,1.0,0,0,0,
2026,56469,정재훈,삼성,SS,56,투수,2,0,1 1/3,0,0,0,1,1,1.0,0,0,0,
2026,68463,윤정빈,삼성,SS,63,우익수,1,1,9,0,0,0,0,0,,0,0,0,
2026,51907,김주원,NC,NC,1,유격수,42,40,343 2/3,5,0,59,107,22,0.971,0,0,0,
2026,62907,박민우,NC,NC,2,2루수,38,38,302 2/3,1,0,80,89,16,0.994,0,0,0,
2026,68912,김형준,NC,NC,3,포수,37,30,249 2/3,1,1,211,18,0,0.996,2,16,6,27.3
2026,69992,최정원,NC,NC,4,중견수,34,26,229,0,0,56,1,0,1.0,0,0,0,
2026,63260,이우성,NC,NC,5,좌익수,29,29,202 1/3,0,0,44,0,0,1.0,0,0,0,
2026,79215,박건우,NC,NC,6,우익수,27,27,187,0,0,29,0,0,1.0,0,0,0,
2026,64995,배재환,NC,NC,7,투수,25,0,19 2/3,0,0,0,1,0,1.0,0,0,0,
2026,68900,김영규,NC,NC,8,투수,24,0,18,0,0,0,1,0,1.0,0,0,0,
2026,64101,한석현,NC,NC,8,우익수,24,7,106 2/3,1,0,25,0,0,0.962,0,0,0,
2026,52902,임지민,NC,NC,10,투수,21,0,19 1/3,0,0,1,0,0,1.0,0,0,0,
2026,54944,데이비슨,NC,NC,11,1루수,19,19,128 2/3,1,0,114,10,9,0.992,0,0,0,
2026,69969,전사민,NC,NC,11,투수,19,0,17 1/3,0,0,2,4,0,1.0,0,0,0,
2026,67954,김진호,NC,NC,13,투수,18,0,15,0,0,0,3,0,1.0,0,0,0,
2026,64022,안중열,NC,NC,13,포수,18,10,95 1/3,1,0,86,8,1,0.989,0,6,1,14.3
2026,65949,류진욱,NC,NC,15,투수,17,0,15,0,0,0,1,0,1.0,0,0,0,
2026,67905,천재환,NC,NC,16,좌익수,16,1,49 2/3,0,0,8,0,0,1.0,0,0,0,
2026,51344,김휘집,NC,NC,17,3루수,15,15,109,1,0,12,25,1,0.974,0,0,0,
2026,52992,이준혁,NC,NC,18,투수,14,0,13 2/3,3,0,3,0,0,0.5,0,0,0,
2026,63959,임정호,NC,NC,18,투수,14,0,9,0,0,1,0,0,1.0,0,0,0,
2026,69995,서호철,NC,NC,20,3루수,13,10,71,1,0,7,17,1,0.96,0,0,0,
2026,56909,신재인,NC,NC,20,1루수,13,7,73 2/3,1,0,68,8,5,0.987,0,0,0,
2026,50902,김한별,NC,NC,23,3루수,12,7,82 2/3,0,0,3,17,1,1.0,0,0,0,
2026,66965,도태훈,NC,NC,23,1루수,12,3,46 2/3,0,0,40,2,4,1.0,0,0,0,
2026,68904,오영수,NC,NC,26,1루수,11,6,50 1/3,1,0,48,3,3,0.981,0,0,0,
2026,54906,원종해,NC,NC,26,투수,11,0,8 1/3,0,0,1,3,1,1.0,0,0,0,
2026,56949,고준휘,NC,NC,30,좌익수,10,5,46,2,0,8,0,0,0.8,0,0,0,
2026,51903,김정호,NC,NC,31,포수,9,2,25 2/3,1,0,21,3,0,0.96,0,2,0,0.0
2026,65933,구창모,NC,NC,33,투수,8,8,45 2/3,0,0,1,2,0,1.0,0,0,0,
2026,68902,신민혁,NC,NC,33,투수,8,8,35 2/3,0,0,2,3,1,1.0,0,0,0,
2026,56966,테일러,NC,NC,33,투수,8,8,38 2/3,0,0,1,3,0,1.0,0,0,0,
2026,54904,손주환,NC,NC,37,투수,7,0,6,0,0,0,1,0,1.0,0,0,0,
2026,56911,토다,NC,NC,37,투수,7,7,34,0,0,3,4,0,1.0,0,0,0,
2026,63963,권희동,NC,NC,40,좌익수,6,4,28,0,0,8,0,0,1.0,0,0,0,
2026,50992,김태경,NC,NC,40,투수,6,0,10 1/3,0,0,0,0,0,,0,0,0,
2026,56928,버하겐,NC,NC,40,투수,6,6,25,0,0,1,0,0,1.0,0,0,0,
2026,53973,목지훈,NC,NC,46,투수,5,1,8 1/3,0,1,2,2,0,1.0,0,0,0,
2026,50996,박시원,NC,NC,46,우익수,5,3,26,0,0,5,0,0,1.0,0,0,0,
2026,53919,신영우,NC,NC,46,투수,5,1,7,0,0,0,0,0,,0,0,0,
2026,51996,오태양,NC,NC,49,중견수,4,1,7,0,0,2,0,0,1.0,0,0,0,
2026,68639,하준영,NC,NC,49,투수,4,0,3 2/3,0,0,0,0,0,,0,0,0,
2026,55903,라일리,NC,NC,51,투수,3,3,17,0,0,1,2,0,1.0,0,0,0,
2026,69994,박지한,NC,NC,55,투수,2,0,3,0,0,0,0,0,,0,0,0,
2026,50092,윤준혁,NC,NC,55,중견수,2,0,8,0,0,2,0,0,1.0,0,0,0,
2026,56904,허윤,NC,NC,55,2루수,2,0,3,0,0,1,2,0,1.0,0,0,0,
2026,54910,김준원,NC,NC,59,투수,1,0,1,0,0,0,0,0,,0,0,0,
2026,53989,신성호,NC,NC,59,2루수,1,0,2,0,0,0,2,1,1.0,0,0,0,
2026,51991,오장한,NC,NC,59,좌익수,1,0,1,0,0,0,0,0,,0,0,0,
2026,50903,한재환,NC,NC,59,2루수,1,0,1,0,0,0,1,0,1.0,0,0,0,
2026,56006,이강민,KT,KT,1,유격수,40,40,325,6,0,78,93,28,0.966,0,0,0,
2026,79402,김상수,KT,KT,2,2루수,39,37,320 1/3,3,0,71,125,24,0.985,0,0,0,
2026,56034,힐리어드,KT,KT,3,좌익수,36,25,238,0,0,51,3,0,1.0,0,0,0,
2026,76290,김현수,KT,KT,4,1루수,33,32,273 1/3,1,0,230,24,26,0.996,0,0,0,
2026,63722,한승택,KT,KT,5,포수,30,25,204,0,0,191,19,2,1.0,0,14,5,26.3
2026,66606,최원준,KT,KT,6,우익수,29,27,241 1/3,0,0,58,1,0,1.0,0,0,0,
2026,64166,배정대,KT,KT,7,중견수,26,11,124,0,0,28,0,0,1.0,0,0,0,
2026,56011,스기모토,KT,KT,8,투수,25,0,22 1/3,0,0,0,0,0,,0,0,0,
2026,61666,한승혁,KT,KT,9,투수,23,0,20 2/3,1,0,1,3,0,0.8,0,0,0,
2026,69047,전용주,KT,KT,10,투수,21,0,16,0,0,2,5,0,1.0,0,0,0,
2026,65048,김민수,KT,KT,11,투수,20,0,22,0,0,0,4,0,1.0,0,0,0,
2026,64115,장준원,KT,KT,11,3루수,20,12,112,2,0,9,16,0,0.926,0,0,0,
2026,69041,손동현,KT,KT,13,투수,19,0,19 1/3,0,0,2,0,1,1.0,0,0,0,
2026,78548,장성우,KT,KT,13,포수,19,15,133 1/3,0,0,116,7,1,1.0,0,13,1,7.1
2026,64004,김민혁,KT,KT,15,좌익수,18,17,129 1/3,0,0,20,0,0,1.0,0,0,0,
2026,51003,권동진,KT,KT,16,유격수,17,2,48,0,0,11,13,4,1.0,0,0,0,
2026,52060,박영현,KT,KT,16,투수,17,0,20 1/3,0,0,2,1,0,1.0,0,0,0,
2026,64504,오윤석,KT,KT,18,1루수,15,8,77,0,0,74,7,11,1.0,0,0,0,
2026,73117,우규민,KT,KT,18,투수,15,0,12,0,0,0,5,1,1.0,0,0,0,
2026,52001,안현민,KT,KT,21,우익수,14,14,118,0,0,23,1,0,1.0,0,0,0,
2026,65060,주권,KT,KT,21,투수,14,0,17,0,0,4,3,1,1.0,0,0,0,
2026,50066,강현우,KT,KT,24,포수,12,2,35 2/3,0,0,27,0,0,1.0,0,6,0,0.0
2026,79240,허경민,KT,KT,24,3루수,12,12,90,1,0,7,15,0,0.957,0,0,0,
2026,53036,류현인,KT,KT,27,3루수,10,6,60,3,0,5,13,2,0.857,0,0,0,
2026,56032,사우어,KT,KT,29,투수,9,9,50 2/3,1,0,3,1,0,0.8,0,0,0,
2026,51013,유준규,KT,KT,29,중견수,9,4,44,0,0,10,0,0,1.0,0,0,0,
2026,64001,고영표,KT,KT,31,투수,8,8,43,0,0,6,2,0,1.0,0,0,0,
2026,56036,보쉴리,KT,KT,31,투수,8,8,45,0,0,2,4,0,1.0,0,0,0,
2026,50859,오원석,KT,KT,31,투수,8,8,44,2,0,2,9,2,0.846,0,0,0,
2026,50030,소형준,KT,KT,34,투수,7,7,39,0,0,1,9,2,1.0,0,0,0,
2026,69064,강민성,KT,KT,36,1루수,5,0,9,0,0,10,0,0,1.0,0,0,0,
2026,67644,이정훈,KT,KT,40,좌익수,3,0,5,0,0,3,0,0,1.0,0,0,0,
2026,65516,배제성,KT,KT,45,투수,2,2,6 1/3,0,0,0,1,0,1.0,0,0,0,
2026,55005,오서진,KT,KT,45,2루수,2,0,3,0,0,0,2,0,1.0,0,0,0,
2026,66706,장진혁,KT,KT,45,우익수,2,0,4,0,0,1,0,0,1.0,0,0,0,
2026,68089,조대현,KT,KT,45,포수,2,0,3 1/3,0,0,2,0,0,1.0,0,1,0,0.0
2026,54097,김민석,KT,KT,50,포수,1,0,4,0,0,7,0,0,1.0,0,1,0,0.0
2026,53029,김정운,KT,KT,50,투수,1,0,2,0,0,0,0,0,,0,0,0,
2026,67419,문용익,KT,KT,50,투수,1,0,0,0,0,0,0,0,,0,0,0,
2026,56066,박지훈,KT,KT,50,투수,1,0,2/3,0,0,0,0,0,,0,0,0,
2026,68205,전민재,롯데,LT,1,유격수,39,39,323,4,0,71,95,20,0.976,0,0,0,
2026,51528,손성빈,롯데,LT,2,포수,38,24,219 1/3,2,1,211,20,4,0.991,0,11,2,15.4
2026,62931,노진혁,롯데,LT,3,1루수,33,31,261 1/3,3,0,214,25,18,0.988,0,0,0,
2026,54529,레이예스,롯데,LT,4,좌익수,29,25,231,0,0,44,2,2,1.0,0,0,0,
2026,61102,유강남,롯데,LT,4,포수,29,17,140 2/3,1,0,123,12,0,0.993,3,20,5,20.0
2026,52591,윤동희,롯데,LT,4,우익수,29,28,227 1/3,0,0,49,3,1,1.0,0,0,0,
2026,68507,장두성,롯데,LT,7,중견수,26,14,152,0,0,39,0,0,1.0,0,0,0,
2026,52568,한태양,롯데,LT,8,2루수,25,23,195,2,0,47,59,9,0.981,0,0,0,
2026,50500,황성빈,롯데,LT,9,중견수,22,18,157 1/3,1,0,36,0,0,0.973,0,0,0,
2026,62802,박승욱,롯데,LT,10,3루수,21,12,122 1/3,0,0,7,22,1,1.0,0,0,0,
2026,68525,한동희,롯데,LT,11,3루수,20,20,156,3,0,10,18,0,0.903,0,0,0,
2026,56536,박정민,롯데,LT,12,투수,19,0,20,1,0,3,1,0,0.8,0,0,0,
2026,62528,김원중,롯데,LT,13,투수,18,0,14 2/3,1,0,2,4,0,0.857,0,0,0,
2026,68242,정철원,롯데,LT,13,투수,18,0,14 2/3,0,0,0,2,0,1.0,0,0,0,
2026,50556,최준용,롯데,LT,15,투수,17,0,18,0,0,2,1,0,1.0,0,0,0,
2026,54598,이호준,롯데,LT,16,2루수,16,5,55 1/3,0,0,13,19,5,1.0,0,0,0,
2026,78513,전준우,롯데,LT,17,좌익수,15,15,113 2/3,1,0,21,1,0,0.957,0,0,0,
2026,68036,최이준,롯데,LT,17,투수,15,0,13,0,0,1,1,1,1.0,0,0,0,
2026,68260,현도훈,롯데,LT,19,투수,13,0,17,1,0,0,3,0,0.75,0,0,0,
2026,69517,고승민,롯데,LT,21,2루수,11,11,89,1,0,21,27,4,0.98,0,0,0,
2026,50150,손호영,롯데,LT,21,3루수,11,8,74 1/3,0,0,5,15,1,1.0,0,0,0,
2026,56548,쿄야마,롯데,LT,23,투수,10,0,10 2/3,0,0,1,0,0,1.0,0,0,0,
2026,51551,나승엽,롯데,LT,26,1루수,9,7,66,2,0,63,4,3,0.971,0,0,0,
2026,56531,로드리게스,롯데,LT,26,투수,9,9,50,0,0,5,8,0,1.0,0,0,0,
2026,51516,김진욱,롯데,LT,28,투수,8,8,47,0,0,1,4,0,1.0,0,0,0,
2026,67539,나균안,롯데,LT,28,투수,8,8,45 2/3,0,0,2,6,0,1.0,0,0,0,
2026,64021,박세웅,롯데,LT,28,투수,8,8,43 1/3,1,1,3,10,0,0.929,0,0,0,
2026,56523,비슬리,롯데,LT,28,투수,8,8,42 1/3,0,0,2,8,0,1.0,0,0,0,
2026,54537,정현수,롯데,LT,28,투수,8,0,4,0,0,1,1,0,1.0,0,0,0,
2026,69508,신윤후,롯데,LT,34,좌익수,7,0,11,0,0,4,0,0,1.0,0,0,0,
2026,54503,박준우,롯데,LT,36,투수,6,0,8,0,1,0,2,1,1.0,0,0,0,
2026,68518,정보근,롯데,LT,37,포수,5,0,7,0,0,6,2,0,1.0,0,0,1,100.0
2026,63543,구승민,롯데,LT,40,투수,4,0,3 1/3,0,0,1,1,0,1.0,0,0,0,
2026,65522,김강현,롯데,LT,40,투수,4,0,4 2/3,0,0,0,0,0,,0,0,0,
2026,67588,윤성빈,롯데,LT,40,투수,4,0,3 1/3,1,0,0,0,0,0.0,0,0,0,
2026,52530,이민석,롯데,LT,40,투수,4,0,4 2/3,0,0,1,0,0,1.0,0,0,0,
2026,52514,김세민,롯데,LT,46,유격수,3,0,4,0,0,1,2,1,1.0,0,0,0,
2026,56595,김한홀,롯데,LT,46,우익수,3,0,3,0,0,0,0,0,,0,0,0,
2026,77564,김민성,롯데,LT,52,3루수,2,1,11,0,0,1,1,0,1.0,0,0,0,
2026,66047,박세진,롯데,LT,57,투수,1,0,0,0,0,0,0,0,,0,0,0,
2026,56567,신동건,롯데,LT,57,투수,1,0,1,0,0,0,0,0,,0,0,0,
2026,56563,이서준,롯데,LT,57,유격수,1,0,2,0,0,0,0,0,,0,0,0,
2026,55503,이영재,롯데,LT,57,투수,1,0,2/3,0,0,0,0,0,,0,0,0,
2026,66451,최충연,롯데,LT,57,투수,1,0,1,0,0,0,0,0,,0,0,0,
2026,65653,김호령,KIA,HT,1,중견수,41,41,362,1,0,95,4,1,0.99,0,0,0,
2026,52605,김도영,KIA,HT,2,3루수,39,38,324 2/3,1,0,30,63,8,0.989,0,0,0,
2026,68646,한준수,KIA,HT,3,포수,33,26,242,1,0,201,17,5,0.995,1,27,8,22.9
2026,62947,나성범,KIA,HT,4,우익수,25,25,199,1,0,38,1,0,0.975,0,0,0,
2026,65769,김범수,KIA,HT,5,투수,22,0,16,0,0,2,2,0,1.0,0,0,0,
2026,78603,김선빈,KIA,HT,5,2루수,22,22,168,0,0,30,56,9,1.0,0,0,0,
2026,56632,데일,KIA,HT,5,유격수,22,21,174 1/3,7,0,30,39,7,0.908,0,0,0,
2026,55636,박재현,KIA,HT,5,우익수,22,14,136,0,0,21,1,1,1.0,0,0,0,
2026,50657,박민,KIA,HT,9,유격수,21,13,115,3,0,21,28,8,0.942,0,0,0,
2026,63342,조상우,KIA,HT,9,투수,21,0,19,0,0,0,1,0,1.0,0,0,0,
2026,56626,카스트로,KIA,HT,11,좌익수,20,20,155 1/3,0,0,45,1,0,1.0,0,0,0,
2026,67609,박정우,KIA,HT,12,좌익수,19,0,33 2/3,1,0,10,0,0,0.909,0,0,0,
2026,55926,정현창,KIA,HT,13,2루수,18,1,38 2/3,0,0,8,11,1,1.0,0,0,0,
2026,66614,김규성,KIA,HT,15,1루수,17,5,72,1,0,56,2,3,0.983,0,0,0,
2026,78122,김태군,KIA,HT,15,포수,17,14,111,0,0,80,4,0,1.0,2,8,0,0.0
2026,52639,최지민,KIA,HT,15,투수,17,0,15 2/3,1,0,1,2,1,0.75,0,0,0,
2026,54610,성영탁,KIA,HT,18,투수,16,0,19 1/3,0,0,0,4,0,1.0,0,0,0,
2026,51994,한재승,KIA,HT,20,투수,15,0,14 2/3,0,0,0,0,0,,0,0,0,
2026,50662,정해영,KIA,HT,21,투수,13,0,13 2/3,0,0,0,2,0,1.0,0,0,0,
2026,55267,홍민규,KIA,HT,21,투수,13,0,13 1/3,0,0,1,1,0,1.0,0,0,0,
2026,52634,박상준,KIA,HT,24,1루수,12,12,88,0,0,85,4,5,1.0,0,0,0,
2026,52641,황동하,KIA,HT,25,투수,11,4,34 2/3,0,0,3,1,0,1.0,0,0,0,
2026,60768,이태양,KIA,HT,27,투수,10,0,12 2/3,1,0,1,2,0,0.75,0,0,0,
2026,54640,네일,KIA,HT,30,투수,9,9,51,1,0,4,9,0,0.929,0,0,0,
2026,69636,오선우,KIA,HT,30,1루수,9,7,67,1,0,71,7,3,0.987,0,0,0,
2026,51648,이의리,KIA,HT,30,투수,9,9,33 1/3,0,0,1,4,0,1.0,0,0,0,
2026,55610,김태형,KIA,HT,33,투수,8,5,25,0,0,0,3,0,1.0,0,0,0,
2026,77637,양현종,KIA,HT,33,투수,8,8,38 2/3,0,0,1,2,0,1.0,0,0,0,
2026,55633,올러,KIA,HT,33,투수,8,8,50 1/3,0,0,4,3,0,1.0,0,0,0,
2026,56613,아데를린,KIA,HT,37,1루수,7,7,60,2,0,55,4,6,0.967,0,0,0,
2026,52667,윤도현,KIA,HT,39,1루수,6,5,30 1/3,0,0,24,2,1,1.0,0,0,0,
2026,68504,이호연,KIA,HT,39,1루수,6,4,34 2/3,0,0,40,3,4,1.0,0,0,0,
2026,76225,김건국,KIA,HT,41,투수,5,0,4 2/3,0,0,0,0,0,,0,0,0,
2026,66354,주효상,KIA,HT,41,포수,5,3,28,0,0,29,1,0,1.0,0,1,1,50.0
2026,52628,한승연,KIA,HT,41,좌익수,5,4,32,0,0,8,1,0,1.0,0,0,0,
2026,62951,이형범,KIA,HT,45,투수,4,0,5,0,0,0,0,0,,0,0,0,
2026,66609,전상현,KIA,HT,45,투수,4,0,3 1/3,0,0,0,0,0,,0,0,0,
2026,50641,장재혁,KIA,HT,47,투수,3,0,4,0,0,1,0,0,1.0,0,0,0,
2026,61643,홍건희,KIA,HT,47,투수,3,0,3,0,0,0,0,0,,0,0,0,
2026,61353,고종욱,KIA,HT,52,좌익수,2,1,9,0,0,1,0,0,1.0,0,0,0,
2026,69620,김기훈,KIA,HT,52,투수,2,0,1 2/3,0,0,0,0,0,,0,0,0,
2026,68928,김시훈,KIA,HT,52,투수,2,0,2,0,0,0,1,0,1.0,0,0,0,
2026,64560,이창진,KIA,HT,58,우익수,1,1,5,0,0,2,0,0,1.0,0,0,0,
2026,64646,박찬호,두산,OB,1,유격수,42,41,356,4,0,71,106,26,0.978,0,0,0,
2026,79231,정수빈,두산,OB,1,중견수,42,41,356,1,0,84,2,0,0.989,0,0,0,
2026,56251,카메론,두산,OB,3,우익수,38,38,318,1,0,60,0,0,0.984,0,0,0,
2026,55252,박준순,두산,OB,4,2루수,37,36,301 2/3,5,0,84,93,18,0.973,0,0,0,
2026,53554,김민석,두산,OB,5,좌익수,35,30,252,2,0,53,1,1,0.964,0,0,0,
2026,76232,양의지,두산,OB,6,포수,27,26,211,1,0,199,13,2,0.995,2,22,2,8.3
2026,53296,윤준호,두산,OB,7,포수,25,11,120 2/3,0,0,115,7,0,1.0,0,3,0,0.0
2026,51203,안재석,두산,OB,8,3루수,23,23,194,4,0,19,37,3,0.933,0,0,0,
2026,52204,이병헌,두산,OB,8,투수,23,0,16 2/3,0,0,1,3,1,1.0,0,0,0,
2026,64153,양석환,두산,OB,10,1루수,22,22,175,2,0,151,14,13,0.988,0,0,0,
2026,63123,강승호,두산,OB,11,1루수,21,11,124,0,0,104,10,13,1.0,0,0,0,
2026,55215,양재훈,두산,OB,11,투수,21,0,21 2/3,0,0,4,1,0,1.0,0,0,0,
2026,68830,김정우,두산,OB,13,투수,19,0,19,0,0,2,3,0,1.0,0,0,0,
2026,50204,박지훈,두산,OB,13,3루수,19,15,140,0,0,10,24,2,1.0,0,0,0,
2026,56218,타무라,두산,OB,15,투수,15,0,13 2/3,0,0,1,0,0,1.0,0,0,0,
2026,66291,이영하,두산,OB,16,투수,14,1,18,0,0,2,5,0,1.0,0,0,0,
2026,67266,박치국,두산,OB,17,투수,13,0,10,0,0,0,1,0,1.0,0,0,0,
2026,66209,조수행,두산,OB,17,좌익수,13,0,27,0,0,8,0,0,1.0,0,0,0,
2026,52202,윤태호,두산,OB,19,투수,12,0,10 1/3,0,0,1,1,0,1.0,0,0,0,
2026,67207,이유찬,두산,OB,20,2루수,11,2,31 2/3,1,0,6,8,1,0.933,0,0,0,
2026,68220,곽빈,두산,OB,22,투수,9,9,49 2/3,0,0,2,4,0,1.0,0,0,0,
2026,66112,김기연,두산,OB,22,포수,9,6,51 1/3,0,0,57,3,1,1.0,1,3,1,25.0
2026,54263,김택연,두산,OB,22,투수,9,0,10 1/3,0,0,0,0,0,,0,0,0,
2026,68249,박신지,두산,OB,22,투수,9,0,12,0,0,1,0,0,1.0,0,0,0,
2026,50208,오명진,두산,OB,22,1루수,9,7,51,2,0,41,3,3,0.957,0,0,0,
2026,55239,잭로그,두산,OB,22,투수,9,9,54,0,0,1,7,0,1.0,0,0,0,
2026,51264,최승용,두산,OB,22,투수,9,9,43 1/3,0,0,2,5,1,1.0,0,0,0,
2026,77211,이용찬,두산,OB,30,투수,7,0,5 1/3,0,0,0,0,0,,0,0,0,
2026,55268,최민석,두산,OB,30,투수,7,7,38 2/3,1,0,2,6,0,0.889,0,0,0,
2026,53259,최준호,두산,OB,30,투수,7,1,13,0,1,0,2,0,1.0,0,0,0,
2026,52206,최지강,두산,OB,30,투수,7,0,4,0,0,0,1,0,1.0,0,0,0,
2026,52043,벤자민,두산,OB,39,투수,5,5,26 1/3,0,0,1,1,0,1.0,0,0,0,
2026,56215,최주형,두산,OB,39,투수,5,0,4 1/3,1,0,0,0,0,0.0,0,0,0,
2026,77532,손아섭,두산,OB,43,좌익수,4,3,27,0,0,1,0,0,1.0,0,0,0,
2026,67246,김명신,두산,OB,44,투수,3,0,2 2/3,0,0,0,1,0,1.0,0,0,0,
2026,65639,박정수,두산,OB,44,투수,3,0,3,1,0,0,0,0,0.0,0,0,0,
2026,54236,임종성,두산,OB,44,3루수,3,3,26,0,0,2,4,0,1.0,0,0,0,
2026,63257,김인태,두산,OB,48,좌익수,2,0,4,0,0,0,0,0,,0,0,0,
2026,67263,최원준,두산,OB,48,투수,2,0,2,0,0,0,0,0,,0,0,0,
2026,50234,플렉센,두산,OB,48,투수,2,2,5,1,0,0,0,0,0.0,0,0,0,
2026,53312,김건희,키움,WO,1,포수,40,33,299 1/3,3,0,251,24,5,0.989,0,20,7,25.9
2026,76267,최주환,키움,WO,2,1루수,25,23,192 2/3,1,0,167,14,21,0.995,0,0,0,
2026,56322,브룩스,키움,WO,3,1루수,23,18,170,0,0,148,12,13,1.0,0,0,0,
2026,79608,안치홍,키움,WO,4,2루수,22,21,177,1,0,34,61,11,0.99,0,0,0,
2026,56348,유토,키움,WO,5,투수,21,0,18,0,0,0,6,0,1.0,0,0,0,
2026,50167,이주형,키움,WO,5,중견수,21,20,171 2/3,2,0,55,0,0,0.965,0,0,0,
2026,52305,박수종,키움,WO,7,중견수,19,9,92,0,0,32,0,0,1.0,0,0,0,
2026,78756,오선진,키움,WO,7,유격수,19,11,110,0,0,19,25,7,1.0,0,0,0,
2026,51301,김성진,키움,WO,9,투수,17,0,17,0,0,0,2,0,1.0,0,0,0,
2026,56326,김지석,키움,WO,10,3루수,16,15,126,4,0,11,27,2,0.905,0,0,0,
2026,55394,박정훈,키움,WO,10,투수,16,2,22 2/3,0,1,0,6,0,1.0,0,0,0,
2026,52348,박찬혁,키움,WO,10,우익수,16,15,116,0,0,22,1,0,1.0,0,0,0,
2026,76118,원종현,키움,WO,10,투수,16,0,16 2/3,1,0,3,1,0,0.8,0,0,0,
2026,50357,박주홍,키움,WO,14,중견수,15,14,108,1,0,32,1,1,0.971,0,0,0,
2026,67391,김재웅,키움,WO,15,투수,14,0,14 1/3,0,0,0,4,0,1.0,0,0,0,
2026,64346,임병욱,키움,WO,15,우익수,14,12,100 1/3,0,0,19,0,0,1.0,0,0,0,
2026,55371,권혁빈,키움,WO,18,유격수,13,12,89,1,0,17,32,6,0.98,0,0,0,
2026,63512,박진형,키움,WO,18,투수,13,0,15 1/3,0,0,1,1,0,1.0,0,0,0,
2026,55370,양현종,키움,WO,18,3루수,13,11,101,2,0,7,16,5,0.92,0,0,0,
2026,67116,오석주,키움,WO,18,투수,13,3,23 2/3,0,0,1,4,0,1.0,0,0,0,
2026,55392,어준서,키움,WO,23,유격수,12,12,104 2/3,4,0,17,35,5,0.929,0,0,0,
2026,64340,임지열,키움,WO,23,좌익수,12,7,78,1,0,22,0,0,0.957,0,0,0,
2026,56304,박한결,키움,WO,26,2루수,11,10,90,1,0,21,29,6,0.98,0,0,0,
2026,51761,배동현,키움,WO,28,투수,9,5,37 2/3,0,0,2,2,0,1.0,0,0,0,
2026,54394,송지후,키움,WO,28,유격수,9,5,56 2/3,2,0,8,13,5,0.913,0,0,0,
2026,56345,정다훈,키움,WO,28,투수,9,0,9,0,0,0,3,0,1.0,0,0,0,
2026,69045,알칸타라,키움,WO,31,투수,8,8,49 2/3,0,0,4,5,0,1.0,0,0,0,
2026,78135,이형종,키움,WO,33,좌익수,7,5,36,0,0,5,0,0,1.0,0,0,0,
2026,54362,전준표,키움,WO,33,투수,7,0,6 1/3,0,0,0,0,0,,0,0,0,
2026,64350,하영민,키움,WO,33,투수,7,6,32 1/3,0,0,4,2,0,1.0,0,0,0,
2026,53344,김동헌,키움,WO,36,포수,6,4,30,0,0,26,1,0,1.0,0,3,0,0.0
2026,53305,박성빈,키움,WO,36,포수,6,3,26 2/3,0,0,23,2,1,1.0,1,3,1,25.0
2026,68341,안우진,키움,WO,36,투수,6,6,20,0,0,2,4,0,1.0,0,0,0,
2026,55301,이준우,키움,WO,36,투수,6,0,6 2/3,0,0,0,0,0,,0,0,0,
2026,55377,정세영,키움,WO,36,투수,6,2,14 2/3,0,0,0,3,0,1.0,0,0,0,
2026,69360,조영건,키움,WO,36,투수,6,0,4,0,0,0,0,0,,0,0,0,
2026,62332,김재현,키움,WO,44,포수,5,3,22 2/3,1,1,14,4,2,0.947,0,1,0,0.0
2026,69332,주성원,키움,WO,44,우익수,5,4,29,0,0,10,0,0,1.0,0,0,0,
2026,68362,추재현,키움,WO,44,우익수,5,3,22 2/3,1,0,6,0,0,0.857,0,0,0,
2026,55359,김서준,키움,WO,48,투수,4,0,7 1/3,1,0,1,2,0,0.75,0,0,0,
2026,65898,김웅빈,키움,WO,48,3루수,4,3,25,1,0,0,2,1,0.667,0,0,0,
2026,53301,박윤성,키움,WO,48,투수,4,0,2 1/3,0,0,0,0,0,,0,0,0,
2026,56318,박준현,키움,WO,48,투수,4,4,19 2/3,1,0,2,2,0,0.8,0,0,0,
2026,78168,서건창,키움,WO,48,2루수,4,3,28,0,0,5,6,1,1.0,0,0,0,
2026,55339,염승원,키움,WO,48,2루수,4,4,29,0,0,9,6,1,1.0,0,0,0,
2026,56334,와일스,키움,WO,48,투수,4,4,24,0,0,0,3,0,1.0,0,0,0,
2026,55397,전태현,키움,WO,48,좌익수,4,2,23,1,0,9,0,0,0.9,0,0,0,
2026,56338,최재영,키움,WO,48,3루수,4,4,27,1,0,2,4,3,0.857,0,0,0,
2026,53164,김동규,키움,WO,57,투수,3,0,1 1/3,0,0,0,0,0,,0,0,0,
2026,51302,이주형,키움,WO,57,1루수,3,0,6,0,0,4,1,1,1.0,0,0,0,
2026,54368,김연주,키움,WO,62,투수,2,1,3 1/3,0,0,0,1,0,1.0,0,0,0,
2026,64984,김태진,키움,WO,62,2루수,2,0,3 2/3,0,0,2,1,0,1.0,0,0,0,
2026,56337,박지성,키움,WO,62,투수,2,0,1 1/3,0,0,0,1,0,1.0,0,0,0,
2026,52395,윤석원,키움,WO,62,투수,2,0,2 1/3,0,0,0,0,0,,0,0,0,
2026,54319,김윤하,키움,WO,73,투수,1,0,2/3,1,0,0,1,0,0.5,0,0,0,
2026,55322,로젠버그,키움,WO,73,투수,1,1,2 1/3,0,0,0,0,0,,0,0,0,
2026,56366,이태양,키움,WO,73,투수,1,0,1,0,0,0,0,0,,0,0,0,
2026,55313,정현우,키움,WO,73,투수,1,1,5,0,0,0,0,0,,0,0,0,
